// Copyright 2025 QMK -- generated source code only, image retains original copyright
// SPDX-License-Identifier: GPL-2.0-or-later

// This file was auto-generated by `painter_convert_graphics` with arguments:
//    format | rgb565
//    output | qkm
//    input  | final.png

// Image's metadata
// ----------------
// Width: 135
// Height: 240
// Single frame

#include <qp.h>

const uint32_t gfx_final_length = 64848;

// clang-format off
const uint8_t gfx_final[64848] = {
    0x00, 0xFF, 0x12, 0x00, 0x00, 0x51, 0x47, 0x46, 0x01, 0x50, 0xFD, 0x00, 0x00, 0xAF, 0x02, 0xFF,
    0xFF, 0x87, 0x00, 0xF0, 0x00, 0x01, 0x00, 0x01, 0xFE, 0x04, 0x00, 0x00, 0x20, 0x00, 0x00, 0x00,
    0x02, 0xFD, 0x06, 0x00, 0x00, 0x08, 0x00, 0x00, 0xFF, 0xE8, 0x03, 0x05, 0xFA, 0x20, 0xFD, 0x00,
    0x00, 0x01, 0x00, 0x01, 0x00, 0x01, 0x00, 0x01, 0x00, 0x01, 0x00, 0x01, 0x00, 0x01, 0x00, 0x01,
    0x00, 0x02, 0x00, 0x02, 0x00, 0x02, 0x00, 0x01, 0x00, 0x01, 0x00, 0x02, 0x00, 0x02, 0x00, 0x01,
    0x00, 0x02, 0x00, 0x01, 0x00, 0x02, 0x00, 0x01, 0x00, 0x22, 0x00, 0x02, 0x00, 0x02, 0x00, 0x02,
    0x00, 0x22, 0x00, 0x02, 0x00, 0x02, 0x00, 0x02, 0x00, 0x01, 0x00, 0x01, 0x00, 0x01, 0x00, 0x01,
    0x00, 0x01, 0x00, 0x01, 0x00, 0x01, 0x00, 0x01, 0x00, 0x01, 0x00, 0x01, 0x00, 0x01, 0x00, 0x01,
    0x00, 0x01, 0x00, 0x01, 0x00, 0x01, 0x00, 0x01, 0x00, 0x01, 0x00, 0x01, 0x00, 0x02, 0x00, 0x01,
    0x00, 0x01, 0x00, 0x01, 0x00, 0x01, 0x00, 0x02, 0x00, 0x21, 0x00, 0x01, 0x00, 0x01, 0x00, 0x01,
    0x00, 0x01, 0x00, 0x01, 0x00, 0x01, 0x00, 0x01, 0x00, 0x01, 0x00, 0x01, 0x00, 0x01, 0x00, 0x01,
    0x00, 0x01, 0x00, 0x01, 0x00, 0x02, 0x00, 0x02, 0x00, 0x02, 0x00, 0x02, 0x00, 0x02, 0x00, 0x02,
    0x00, 0x02, 0x00, 0x02, 0x00, 0x01, 0x00, 0x01, 0x00, 0x01, 0x00, 0x01, 0x00, 0x01, 0x00, 0x01,
    0x00, 0x01, 0x00, 0x01, 0x00, 0x02, 0x00, 0x01, 0x00, 0x01, 0x00, 0x01, 0x00, 0x01, 0x00, 0x01,
    0x00, 0x01, 0x00, 0x02, 0x00, 0x02, 0x00, 0x02, 0x00, 0x02, 0x00, 0x02, 0x00, 0x01, 0x00, 0x01,
    0x00, 0x01, 0x00, 0x02, 0x00, 0x02, 0x00, 0x02, 0x00, 0x01, 0x00, 0x21, 0x00, 0x01, 0x00, 0x02,
    0x00, 0x01, 0x00, 0x01, 0x00, 0x01, 0x00, 0x01, 0x00, 0x02, 0x00, 0x01, 0x00, 0x01, 0x00, 0x01,
    0x00, 0x01, 0x00, 0x01, 0x00, 0x01, 0x00, 0x01, 0x00, 0x02, 0x00, 0x01, 0x00, 0x01, 0x00, 0x02,
    0x00, 0x21, 0x00, 0x01, 0x00, 0x02, 0x00, 0x02, 0x00, 0x01, 0x00, 0x02, 0x00, 0x01, 0x00, 0x02,
    0x00, 0x22, 0x00, 0x01, 0x00, 0x01, 0x00, 0x02, 0x00, 0x02, 0x00, 0x01, 0x00, 0x01, 0x00, 0x02,
    0x00, 0x01, 0x00, 0x02, 0x00, 0x01, 0x00, 0x01, 0x00, 0x01, 0x00, 0x01, 0x00, 0x01, 0x00, 0x01,
    0x00, 0x02, 0x00, 0x02, 0x00, 0x22, 0x00, 0x01, 0x00, 0x01, 0x00, 0x02, 0x00, 0x01, 0x00, 0x02,
    0x00, 0x01, 0x00, 0x01, 0x00, 0x02, 0x00, 0x02, 0x00, 0x22, 0x00, 0x02, 0x00, 0x02, 0x00, 0x02,
    0x00, 0x02, 0x00, 0x02, 0x00, 0x02, 0x00, 0x02, 0x00, 0x02, 0x00, 0x02, 0x00, 0x01, 0x00, 0x02,
    0x00, 0x02, 0x00, 0x21, 0x00, 0x01, 0x00, 0x01, 0x00, 0x01, 0x00, 0x01, 0x00, 0x01, 0x00, 0x02,
    0x00, 0x01, 0x00, 0x01, 0x00, 0x01, 0x00, 0x01, 0x00, 0x01, 0x00, 0x01, 0x00, 0x01, 0x00, 0x01,
    0x00, 0x01, 0x00, 0x01, 0x00, 0x01, 0x00, 0x01, 0x00, 0x01, 0x00, 0x01, 0x00, 0x01, 0x00, 0x01,
    0x00, 0x01, 0x00, 0x01, 0x00, 0x01, 0x00, 0x01, 0x00, 0x01, 0x00, 0x01, 0x00, 0x01, 0x00, 0x01,
    0x00, 0x01, 0x00, 0x02, 0x00, 0x02, 0x00, 0x02, 0x00, 0x01, 0x00, 0x01, 0x00, 0x01, 0x00, 0x01,
    0x00, 0x01, 0x00, 0x01, 0x00, 0x01, 0x00, 0x01, 0x00, 0x02, 0x00, 0x02, 0x00, 0x01, 0x00, 0x02,
    0x00, 0x01, 0x00, 0x01, 0x00, 0x01, 0x00, 0x01, 0x00, 0x01, 0x00, 0x01, 0x00, 0x01, 0x00, 0x01,
    0x00, 0x01, 0x00, 0x22, 0x00, 0x01, 0x00, 0x01, 0x00, 0x01, 0x00, 0x02, 0x00, 0x01, 0x00, 0x01,
    0x00, 0x01, 0x00, 0x01, 0x00, 0x02, 0x00, 0x01, 0x00, 0x01, 0x00, 0x01, 0x00, 0x02, 0x00, 0x01,
    0x00, 0x01, 0x00, 0x02, 0x00, 0x02, 0x00, 0x01, 0x00, 0x01, 0x00, 0x01, 0x00, 0x01, 0x00, 0x01,
    0x00, 0x02, 0x00, 0x01, 0x00, 0x01, 0x00, 0x01, 0x00, 0x02, 0x00, 0x01, 0x00, 0x01, 0x00, 0x01,
    0x00, 0x01, 0x00, 0x02, 0x00, 0x02, 0x00, 0x02, 0x00, 0x01, 0x00, 0x01, 0x00, 0x22, 0x00, 0x02,
    0x00, 0x02, 0x00, 0x01, 0x00, 0x02, 0x00, 0x01, 0x00, 0x02, 0x00, 0x01, 0x00, 0x01, 0x00, 0x22,
    0x00, 0x02, 0x00, 0x02, 0x38, 0x00, 0x00, 0x01, 0x00, 0x01, 0x00, 0x01, 0x00, 0x01, 0x00, 0x02,
    0x00, 0x22, 0x00, 0x22, 0x00, 0x01, 0x00, 0x02, 0x00, 0x21, 0x00, 0x01, 0x00, 0x01, 0x00, 0x02,
    0x00, 0x01, 0x00, 0x22, 0x00, 0x22, 0x00, 0x02, 0x00, 0x02, 0x00, 0x01, 0x00, 0x02, 0x00, 0x22,
    0x00, 0x22, 0x00, 0x22, 0x00, 0x22, 0x00, 0x23, 0x00, 0x01, 0x00, 0x01, 0x00, 0x01, 0x00, 0x01,
    0x00, 0x01, 0x28, 0x01, 0x18, 0x01, 0x00, 0x01, 0x00, 0x01, 0x00, 0x02, 0x00, 0x01, 0x00, 0x02,
    0x00, 0x01, 0x00, 0x01, 0x00, 0x01, 0x00, 0x01, 0x00, 0x01, 0x00, 0x02, 0x00, 0x02, 0x00, 0x01,
    0x00, 0x02, 0x00, 0x01, 0x00, 0x01, 0x00, 0x01, 0x00, 0x01, 0x00, 0x02, 0x00, 0x22, 0x00, 0x02,
    0x00, 0x01, 0x00, 0x01, 0x28, 0x01, 0x20, 0x01, 0x00, 0x01, 0x00, 0x01, 0x20, 0x01, 0x00, 0x02,
    0x00, 0x01, 0x00, 0x01, 0x00, 0x01, 0x00, 0x02, 0x00, 0x02, 0x00, 0x02, 0x00, 0x02, 0x00, 0x01,
    0x00, 0x01, 0x00, 0x01, 0x00, 0x01, 0x00, 0x02, 0x00, 0x02, 0x00, 0x22, 0x00, 0x01, 0x00, 0x22,
    0x00, 0x02, 0x00, 0x02, 0x00, 0x02, 0x00, 0x02, 0x00, 0x01, 0x00, 0x02, 0x00, 0x02, 0x00, 0x02,
    0x00, 0x02, 0x00, 0x02, 0x00, 0x02, 0x00, 0x02, 0x00, 0x22, 0x00, 0x02, 0x00, 0x22, 0x00, 0x02,
    0x00, 0x01, 0x00, 0x01, 0x00, 0x01, 0x00, 0x02, 0x00, 0x02, 0x00, 0x01, 0x00, 0x01, 0x00, 0x02,
    0x00, 0x01, 0x00, 0x01, 0x00, 0x01, 0x00, 0x02, 0x00, 0x02, 0x00, 0x02, 0x00, 0x01, 0x00, 0x02,
    0x00, 0x01, 0x00, 0x01, 0x00, 0x02, 0x00, 0x23, 0x00, 0x23, 0x00, 0x01, 0x00, 0x01, 0x00, 0x01,
    0x00, 0x22, 0x00, 0x01, 0x00, 0x02, 0x00, 0x02, 0x00, 0x01, 0x00, 0x02, 0x00, 0x22, 0x00, 0x22,
    0x00, 0x02, 0x00, 0x01, 0x00, 0x01, 0x00, 0x22, 0x00, 0x22, 0x00, 0x01, 0x00, 0x02, 0x00, 0x02,
    0x00, 0x01, 0x30, 0x00, 0x00, 0x01, 0x00, 0x01, 0x00, 0x01, 0x00, 0x01, 0x00, 0x02, 0x00, 0x02,
    0x00, 0x22, 0x00, 0x02, 0x00, 0x02, 0x00, 0x02, 0x00, 0x02, 0x00, 0x01, 0x00, 0x01, 0x00, 0x01,
    0x00, 0x22, 0x00, 0x02, 0x00, 0x02, 0x00, 0x02, 0x00, 0x02, 0x00, 0x02, 0x00, 0x22, 0x00, 0x22,
    0x00, 0x22, 0x00, 0x02, 0x00, 0x22, 0x00, 0x02, 0x00, 0x02, 0x00, 0x01, 0x00, 0x02, 0x00, 0x01,
    0x28, 0x01, 0x18, 0x01, 0x00, 0x01, 0x00, 0x01, 0x00, 0x02, 0x00, 0x02, 0x00, 0x02, 0x00, 0x01,
    0x00, 0x01, 0x00, 0x02, 0x00, 0x01, 0x00, 0x01, 0x00, 0x01, 0x00, 0x02, 0x00, 0x01, 0x00, 0x01,
    0x00, 0x01, 0x00, 0x01, 0x00, 0x01, 0x00, 0x01, 0x00, 0x02, 0x00, 0x01, 0x00, 0x02, 0x00, 0x01,
    0x00, 0x01, 0x28, 0x01, 0x18, 0x01, 0x00, 0x01, 0x00, 0x01, 0x18, 0x01, 0x00, 0x02, 0x00, 0x01,
    0x00, 0x22, 0x00, 0x02, 0x00, 0x01, 0x00, 0x02, 0x00, 0x01, 0x00, 0x02, 0x00, 0x01, 0x00, 0x01,
    0x00, 0x01, 0x00, 0x01, 0x00, 0x02, 0x00, 0x02, 0x00, 0x22, 0x00, 0x01, 0x00, 0x01, 0x00, 0x01,
    0x00, 0x02, 0x00, 0x02, 0x00, 0x01, 0x00, 0x02, 0x00, 0x01, 0x00, 0x02, 0x00, 0x02, 0x00, 0x02,
    0x00, 0x02, 0x00, 0x02, 0x00, 0x02, 0x00, 0x22, 0x00, 0x02, 0x00, 0x02, 0x00, 0x02, 0x00, 0x01,
    0x00, 0x21, 0x00, 0x02, 0x00, 0x02, 0x00, 0x01, 0x00, 0x01, 0x00, 0x02, 0x00, 0x02, 0x00, 0x01,
    0x00, 0x01, 0x00, 0x02, 0x00, 0x02, 0x00, 0x02, 0x00, 0x02, 0x00, 0x01, 0x00, 0x02, 0x00, 0x02,
    0x00, 0x01, 0x00, 0x02, 0x00, 0x22, 0x00, 0x22, 0x00, 0x22, 0x00, 0x01, 0x00, 0x02, 0x00, 0x02,
    0x00, 0x01, 0x00, 0x22, 0x00, 0x01, 0x00, 0x21, 0x00, 0x02, 0x00, 0x02, 0x00, 0x02, 0x00, 0x02,
    0x00, 0x01, 0x00, 0x01, 0x00, 0x01, 0x00, 0x22, 0x00, 0x02, 0x00, 0x22, 0x00, 0x01, 0x00, 0x01,
    0x00, 0x01, 0x00, 0x01, 0x00, 0x01, 0x00, 0x01, 0x00, 0x01, 0x00, 0x01, 0x00, 0x01, 0x00, 0x02,
    0x00, 0x22, 0x00, 0x22, 0x00, 0x02, 0x00, 0x02, 0x00, 0x22, 0x00, 0x22, 0x00, 0x02, 0x00, 0x02,
    0x00, 0x01, 0x00, 0x01, 0x00, 0x01, 0x00, 0x01, 0x00, 0x23, 0x00, 0x22, 0x00, 0x22, 0x00, 0x02,
    0x00, 0x02, 0x00, 0x01, 0x00, 0x01, 0x00, 0x01, 0x00, 0x01, 0x00, 0x01, 0x00, 0x02, 0x00, 0x01,
    0x00, 0x01, 0x00, 0x01, 0x00, 0x01, 0x00, 0x02, 0x00, 0x01, 0x00, 0x01, 0x00, 0x01, 0x00, 0x01,
    0x00, 0x01, 0x00, 0x01, 0x00, 0x01, 0x00, 0x02, 0x00, 0x02, 0x00, 0x01, 0x00, 0x01, 0x00, 0x01,
    0x00, 0x01, 0x00, 0x01, 0x00, 0x02, 0x00, 0x01, 0x00, 0x01, 0x00, 0x02, 0x00, 0x02, 0x00, 0x01,
    0x00, 0x01, 0x00, 0x01, 0x00, 0x01, 0x00, 0x01, 0x00, 0x01, 0x00, 0x01, 0x00, 0x01, 0x00, 0x02,
    0x00, 0x01, 0x00, 0x23, 0x00, 0x23, 0x00, 0x22, 0x00, 0x02, 0x00, 0x01, 0x00, 0x02, 0x00, 0x02,
    0x00, 0x22, 0x00, 0x01, 0x00, 0x02, 0x00, 0x02, 0x00, 0x02, 0x00, 0x01, 0x00, 0x02, 0x00, 0x01,
    0x00, 0x02, 0x00, 0x01, 0x00, 0x02, 0x00, 0x01, 0x00, 0x01, 0x00, 0x02, 0x00, 0x01, 0x00, 0x01,
    0x00, 0x01, 0x00, 0x01, 0x00, 0x02, 0x00, 0x02, 0x00, 0x02, 0x00, 0x22, 0x00, 0x01, 0x00, 0x01,
    0x00, 0x02, 0x00, 0x02, 0x00, 0x01, 0x00, 0x01, 0x00, 0x02, 0x00, 0x01, 0x00, 0x01, 0x00, 0x02,
    0x00, 0x01, 0x00, 0x02, 0x00, 0x22, 0x00, 0x22, 0x00, 0x01, 0x00, 0x02, 0x00, 0x02, 0x00, 0x02,
    0x00, 0x01, 0x00, 0x01, 0x00, 0x01, 0x00, 0x02, 0x00, 0x01, 0x00, 0x01, 0x00, 0x22, 0x00, 0x02,
    0x00, 0x01, 0x00, 0x01, 0x00, 0x01, 0x00, 0x01, 0x00, 0x02, 0x00, 0x01, 0x00, 0x02, 0x00, 0x02,
    0x00, 0x01, 0x00, 0x02, 0x00, 0x02, 0x00, 0x01, 0x00, 0x02, 0x00, 0x01, 0x00, 0x01, 0x00, 0x01,
    0x00, 0x02, 0x00, 0x01, 0x00, 0x01, 0x00, 0x01, 0x00, 0x02, 0x00, 0x02, 0x00, 0x02, 0x00, 0x22,
    0x00, 0x22, 0x00, 0x22, 0x00, 0x22, 0x00, 0x23, 0x00, 0x02, 0x00, 0x22, 0x00, 0x01, 0x00, 0x02,
    0x00, 0x02, 0x00, 0x01, 0x00, 0x01, 0x00, 0x43, 0x00, 0x22, 0x00, 0x22, 0x00, 0x22, 0x00, 0x22,
    0x00, 0x22, 0x00, 0x02, 0x00, 0x02, 0x00, 0x02, 0x00, 0x02, 0x00, 0x02, 0x00, 0x01, 0x00, 0x01,
    0x00, 0x01, 0x00, 0x01, 0x00, 0x01, 0x00, 0x01, 0x00, 0x02, 0x00, 0x01, 0x00, 0x01, 0x00, 0x01,
    0x00, 0x01, 0x00, 0x02, 0x00, 0x01, 0x00, 0x01, 0x00, 0x01, 0x00, 0x01, 0x00, 0x01, 0x00, 0x02,
    0x00, 0x01, 0x00, 0x02, 0x00, 0x22, 0x00, 0x02, 0x00, 0x22, 0x00, 0x22, 0x00, 0x01, 0x00, 0x01,
    0x00, 0x01, 0x00, 0x02, 0x00, 0x01, 0x00, 0x01, 0x00, 0x01, 0x00, 0x02, 0x00, 0x02, 0x00, 0x22,
    0x00, 0x22, 0x00, 0x23, 0x00, 0x22, 0x00, 0x22, 0x00, 0x01, 0x00, 0x01, 0x00, 0x22, 0x00, 0x01,
    0x00, 0x01, 0x00, 0x21, 0x00, 0x22, 0x00, 0x02, 0x00, 0x02, 0x00, 0x22, 0x00, 0x02, 0x00, 0x22,
    0x00, 0x01, 0x00, 0x02, 0x00, 0x01, 0x00, 0x01, 0x00, 0x01, 0x00, 0x02, 0x00, 0x02, 0x00, 0x02,
    0x00, 0x02, 0x00, 0x02, 0x00, 0x02, 0x00, 0x22, 0x00, 0x02, 0x00, 0x01, 0x00, 0x01, 0x00, 0x02,
    0x00, 0x02, 0x00, 0x01, 0x00, 0x01, 0x00, 0x02, 0x00, 0x01, 0x00, 0x01, 0x00, 0x02, 0x00, 0x02,
    0x00, 0x02, 0x00, 0x22, 0x00, 0x22, 0x00, 0x01, 0x00, 0x01, 0x00, 0x01, 0x00, 0x01, 0x00, 0x01,
    0x00, 0x22, 0x00, 0x01, 0x00, 0x02, 0x00, 0x02, 0x00, 0x02, 0x00, 0x22, 0x00, 0x02, 0x00, 0x02,
    0x00, 0x01, 0x00, 0x01, 0x00, 0x01, 0x00, 0x02, 0x00, 0x22, 0x00, 0x02, 0x00, 0x02, 0x00, 0x22,
    0x00, 0x02, 0x00, 0x02, 0x00, 0x02, 0x00, 0x01, 0x00, 0x22, 0x00, 0x22, 0x00, 0x01, 0x00, 0x01,
    0x00, 0x01, 0x00, 0x01, 0x00, 0x01, 0x00, 0x02, 0x00, 0x01, 0x00, 0x02, 0x00, 0x01, 0x00, 0x01,
    0x00, 0x02, 0x00, 0x02, 0x00, 0x02, 0x00, 0x02, 0x00, 0x01, 0x00, 0x01, 0x00, 0x22, 0x00, 0x22,
    0x00, 0x02, 0x00, 0x01, 0x00, 0x23, 0x00, 0x22, 0x00, 0x22, 0x00, 0x23, 0x00, 0x23, 0x00, 0x23,
    0x00, 0x22, 0x00, 0x22, 0x00, 0x02, 0x00, 0x01, 0x00, 0x01, 0x00, 0x01, 0x00, 0x01, 0x00, 0x02,
    0x00, 0x02, 0x00, 0x02, 0x00, 0x01, 0x00, 0x01, 0x00, 0x01, 0x00, 0x01, 0x00, 0x01, 0x00, 0x01,
    0x00, 0x01, 0x00, 0x01, 0x00, 0x01, 0x00, 0x22, 0x00, 0x02, 0x00, 0x02, 0x00, 0x02, 0x00, 0x02,
    0x00, 0x02, 0x00, 0x01, 0x00, 0x01, 0x00, 0x01, 0x00, 0x01, 0x00, 0x02, 0x00, 0x01, 0x00, 0x01,
    0x00, 0x01, 0x00, 0x01, 0x00, 0x01, 0x00, 0x01, 0x00, 0x01, 0x00, 0x01, 0x00, 0x02, 0x00, 0x01,
    0x00, 0x01, 0x00, 0x01, 0x00, 0x21, 0x00, 0x01, 0x00, 0x01, 0x00, 0x02, 0x00, 0x02, 0x00, 0x02,
    0x00, 0x02, 0x00, 0x01, 0x00, 0x02, 0x00, 0x02, 0x00, 0x02, 0x00, 0x01, 0x00, 0x01, 0x00, 0x01,
    0x00, 0x01, 0x00, 0x01, 0x00, 0x01, 0x00, 0x02, 0x00, 0x01, 0x00, 0x02, 0x20, 0x01, 0x20, 0x01,
    0x20, 0x01, 0x00, 0x21, 0x00, 0x01, 0x00, 0x02, 0x00, 0x01, 0x00, 0x02, 0x00, 0x02, 0x00, 0x01,
    0x00, 0x01, 0x00, 0x02, 0x00, 0x01, 0x00, 0x01, 0x00, 0x01, 0x00, 0x22, 0x00, 0x02, 0x00, 0x01,
    0x00, 0x01, 0x00, 0x02, 0x00, 0x01, 0x00, 0x01, 0x00, 0x01, 0x00, 0x01, 0x00, 0x01, 0x00, 0x02,
    0x00, 0x02, 0x00, 0x02, 0x00, 0x22, 0x00, 0x02, 0x00, 0x22, 0x00, 0x02, 0x00, 0x01, 0x00, 0x01,
    0x00, 0x02, 0x00, 0x22, 0x00, 0x02, 0x00, 0x02, 0x00, 0x02, 0x00, 0x02, 0x00, 0x22, 0x00, 0x02,
    0x00, 0x02, 0x00, 0x22, 0x00, 0x01, 0x00, 0x02, 0x00, 0x02, 0x00, 0x01, 0x00, 0x22, 0x00, 0x02,
    0x00, 0x01, 0x00, 0x01, 0x00, 0x02, 0x00, 0x01, 0x00, 0x02, 0x00, 0x02, 0x00, 0x02, 0x00, 0x01,
    0x00, 0x02, 0x00, 0x02, 0x00, 0x02, 0x00, 0x01, 0x00, 0x01, 0x00, 0x22, 0x00, 0x22, 0x00, 0x01,
    0x00, 0x01, 0x00, 0x23, 0x00, 0x22, 0x00, 0x22, 0x00, 0x43, 0x00, 0x23, 0x00, 0x22, 0x00, 0x22,
    0x00, 0x22, 0x00, 0x02, 0x00, 0x02, 0x00, 0x02, 0x00, 0x02, 0x00, 0x02, 0x00, 0x02, 0x00, 0x02,
    0x00, 0x02, 0x00, 0x02, 0x00, 0x02, 0x00, 0x01, 0x00, 0x01, 0x00, 0x01, 0x00, 0x01, 0x00, 0x01,
    0x00, 0x01, 0x00, 0x01, 0x00, 0x02, 0x00, 0x22, 0x00, 0x02, 0x00, 0x02, 0x00, 0x02, 0x00, 0x02,
    0x00, 0x01, 0x00, 0x01, 0x00, 0x02, 0x00, 0x02, 0x00, 0x02, 0x00, 0x01, 0x00, 0x02, 0x00, 0x02,
    0x00, 0x02, 0x00, 0x01, 0x00, 0x02, 0x00, 0x02, 0x00, 0x02, 0x00, 0x02, 0x00, 0x01, 0x00, 0x01,
    0x00, 0x02, 0x00, 0x01, 0x00, 0x21, 0x00, 0x02, 0x00, 0x01, 0x00, 0x01, 0x00, 0x22, 0x00, 0x22,
    0x00, 0x01, 0x00, 0x01, 0x00, 0x02, 0x00, 0x01, 0x00, 0x02, 0x00, 0x01, 0x00, 0x01, 0x00, 0x01,
    0x00, 0x01, 0x00, 0x01, 0x00, 0x01, 0x00, 0x01, 0x00, 0x02, 0x20, 0x01, 0x20, 0x01, 0x20, 0x01,
    0x00, 0x02, 0x00, 0x01, 0x00, 0x02, 0x00, 0x01, 0x00, 0x02, 0x00, 0x01, 0x00, 0x01, 0x00, 0x01,
    0x00, 0x01, 0x00, 0x01, 0x00, 0x01, 0x00, 0x01, 0x00, 0x22, 0x00, 0x02, 0x00, 0x01, 0x00, 0x01,
    0x00, 0x02, 0x00, 0x02, 0x00, 0x01, 0x00, 0x01, 0x00, 0x01, 0x00, 0x01, 0x00, 0x02, 0x00, 0x02,
    0x00, 0x02, 0x00, 0x02, 0x00, 0x01, 0x00, 0x02, 0x00, 0x22, 0x00, 0x21, 0x00, 0x01, 0x00, 0x01,
    0x00, 0x22, 0x00, 0x22, 0x00, 0x01, 0x00, 0x02, 0x00, 0x02, 0x00, 0x02, 0x00, 0x02, 0x00, 0x22,
    0x28, 0x00, 0x18, 0x01, 0x00, 0x01, 0x00, 0x01, 0x00, 0x22, 0x00, 0x02, 0x00, 0x22, 0x00, 0x02,
    0x00, 0x22, 0x00, 0x01, 0x00, 0x01, 0x00, 0x02, 0x00, 0x02, 0x00, 0x01, 0x00, 0x22, 0x00, 0x22,
    0x00, 0x22, 0x00, 0x22, 0x00, 0x22, 0x00, 0x23, 0x00, 0x23, 0x00, 0x22, 0x00, 0x22, 0x00, 0x22,
    0x00, 0x23, 0x00, 0x22, 0x00, 0x22, 0x00, 0x22, 0x00, 0x22, 0x00, 0x22, 0x00, 0x22, 0x00, 0x22,
    0x00, 0x01, 0x00, 0x01, 0x00, 0x02, 0x00, 0x01, 0x00, 0x01, 0x00, 0x01, 0x00, 0x02, 0x00, 0x01,
    0x00, 0x02, 0x00, 0x02, 0x00, 0x01, 0x00, 0x01, 0x18, 0x01, 0x00, 0x01, 0x00, 0x01, 0x00, 0x02,
    0x00, 0x02, 0x00, 0x01, 0x00, 0x02, 0x00, 0x02, 0x00, 0x02, 0x00, 0x22, 0x00, 0x02, 0x00, 0x02,
    0x00, 0x01, 0x00, 0x01, 0x00, 0x22, 0x00, 0x02, 0x00, 0x01, 0x00, 0x22, 0x00, 0x43, 0x00, 0x23,
    0x00, 0x02, 0x00, 0x02, 0x00, 0x02, 0x00, 0x01, 0x00, 0x02, 0x00, 0x01, 0x00, 0x22, 0x00, 0x22,
    0x00, 0x01, 0x00, 0x01, 0x00, 0x01, 0x00, 0x01, 0x00, 0x01, 0x00, 0x02, 0x00, 0x01, 0x00, 0x01,
    0x00, 0x02, 0x00, 0x01, 0x00, 0x02, 0x00, 0x02, 0x00, 0x02, 0x00, 0x01, 0x00, 0x02, 0x00, 0x02,
    0x00, 0x02, 0x00, 0x01, 0x00, 0x02, 0x00, 0x02, 0x00, 0x02, 0x00, 0x02, 0x00, 0x02, 0x00, 0x02,
    0x00, 0x02, 0x00, 0x01, 0x00, 0x01, 0x00, 0x02, 0x00, 0x01, 0x00, 0x02, 0x00, 0x01, 0x00, 0x01,
    0x00, 0x01, 0x00, 0x01, 0x00, 0x01, 0x00, 0x02, 0x00, 0x02, 0x00, 0x02, 0x00, 0x02, 0x00, 0x01,
    0x00, 0x01, 0x00, 0x01, 0x00, 0x02, 0x00, 0x02, 0x00, 0x01, 0x00, 0x02, 0x00, 0x01, 0x00, 0x02,
    0x00, 0x02, 0x00, 0x02, 0x00, 0x02, 0x00, 0x01, 0x00, 0x21, 0x00, 0x01, 0x00, 0x01, 0x00, 0x02,
    0x00, 0x22, 0x00, 0x02, 0x00, 0x01, 0x00, 0x22, 0x00, 0x01, 0x00, 0x02, 0x00, 0x02, 0x28, 0x01,
    0x20, 0x01, 0x00, 0x21, 0x00, 0x01, 0x00, 0x22, 0x00, 0x02, 0x00, 0x22, 0x00, 0x02, 0x00, 0x02,
    0x00, 0x22, 0x00, 0x02, 0x00, 0x02, 0x00, 0x02, 0x00, 0x02, 0x00, 0x02, 0x00, 0x02, 0x00, 0x22,
    0x00, 0x22, 0x00, 0x22, 0x00, 0x23, 0x00, 0x23, 0x00, 0x23, 0x00, 0x22, 0x00, 0x22, 0x00, 0x22,
    0x00, 0x22, 0x00, 0x22, 0x00, 0x22, 0x00, 0x22, 0x00, 0x22, 0x00, 0x02, 0x00, 0x22, 0x00, 0x01,
    0x00, 0x01, 0x00, 0x01, 0x00, 0x01, 0x00, 0x02, 0x00, 0x02, 0x00, 0x01, 0x00, 0x22, 0x00, 0x02,
    0x00, 0x01, 0x00, 0x01, 0x00, 0x02, 0x18, 0x01, 0x00, 0x02, 0x00, 0x01, 0x00, 0x02, 0x00, 0x01,
    0x00, 0x02, 0x00, 0x02, 0x00, 0x02, 0x00, 0x02, 0x00, 0x22, 0x00, 0x02, 0x00, 0x02, 0x00, 0x02,
    0x00, 0x02, 0x00, 0x02, 0x00, 0x22, 0x00, 0x02, 0x00, 0x02, 0x00, 0x43, 0x00, 0x43, 0x00, 0x01,
    0x00, 0x02, 0x00, 0x02, 0x00, 0x01, 0x00, 0x02, 0x00, 0x22, 0x00, 0x22, 0x00, 0x22, 0x00, 0x01,
    0x00, 0x01, 0x00, 0x02, 0x00, 0x01, 0x00, 0x01, 0x00, 0x22, 0x00, 0x02, 0x00, 0x02, 0x00, 0x02,
    0x00, 0x21, 0x00, 0x22, 0x00, 0x02, 0x00, 0x02, 0x00, 0x01, 0x00, 0x01, 0x00, 0x02, 0x00, 0x22,
    0x00, 0x02, 0x00, 0x02, 0x00, 0x01, 0x00, 0x02, 0x00, 0x02, 0x00, 0x01, 0x00, 0x02, 0x00, 0x02,
    0x00, 0x01, 0x00, 0x01, 0x00, 0x02, 0x00, 0x01, 0x00, 0x02, 0x00, 0x01, 0x00, 0x01, 0x00, 0x01,
    0x00, 0x01, 0x00, 0x02, 0x00, 0x01, 0x00, 0x02, 0x00, 0x02, 0x00, 0x02, 0x00, 0x02, 0x00, 0x01,
    0x00, 0x01, 0x00, 0x02, 0x00, 0x01, 0x00, 0x01, 0x00, 0x02, 0x00, 0x02, 0x00, 0x02, 0x00, 0x02,
    0x00, 0x01, 0x00, 0x02, 0x00, 0x02, 0x00, 0x02, 0x00, 0x02, 0x00, 0x02, 0x00, 0x02, 0x00, 0x02,
    0x00, 0x02, 0x00, 0x01, 0x00, 0x02, 0x00, 0x01, 0x00, 0x01, 0x00, 0x01, 0x48, 0x00, 0x38, 0x00,
    0x40, 0x00, 0x40, 0x00, 0x00, 0x02, 0x00, 0x22, 0x00, 0x22, 0x00, 0x02, 0x00, 0x01, 0x00, 0x02,
    0x00, 0x22, 0x00, 0x02, 0x00, 0x01, 0x00, 0x01, 0x00, 0x22, 0x00, 0x22, 0x00, 0x22, 0x00, 0x22,
    0x00, 0x22, 0x00, 0x22, 0x00, 0x02, 0x00, 0x22, 0x00, 0x22, 0x00, 0x22, 0x00, 0x22, 0x00, 0x22,
    0x00, 0x22, 0x20, 0x01, 0x20, 0x01, 0x00, 0x22, 0x00, 0x02, 0x00, 0x22, 0x00, 0x22, 0x00, 0x22,
    0x00, 0x02, 0x00, 0x22, 0x00, 0x22, 0x00, 0x22, 0x00, 0x02, 0x00, 0x01, 0x00, 0x02, 0x00, 0x02,
    0x00, 0x21, 0x00, 0x01, 0x00, 0x01, 0x00, 0x01, 0x00, 0x02, 0x00, 0x01, 0x00, 0x01, 0x00, 0x02,
    0x00, 0x02, 0x00, 0x01, 0x00, 0x22, 0x00, 0x22, 0x00, 0x02, 0x00, 0x02, 0x00, 0x02, 0x00, 0x02,
    0x00, 0x02, 0x00, 0x22, 0x00, 0x02, 0x00, 0x02, 0x00, 0x22, 0x00, 0x02, 0x00, 0x02, 0x00, 0x02,
    0x00, 0x02, 0x00, 0x02, 0x00, 0x02, 0x00, 0x02, 0x00, 0x23, 0x00, 0x23, 0x00, 0x02, 0x00, 0x02,
    0x00, 0x22, 0x00, 0x01, 0x00, 0x01, 0x00, 0x02, 0x00, 0x02, 0x00, 0x02, 0x00, 0x01, 0x00, 0x01,
    0x00, 0x23, 0x00, 0x22, 0x00, 0x22, 0x00, 0x02, 0x00, 0x22, 0x00, 0x02, 0x00, 0x02, 0x00, 0x01,
    0x00, 0x01, 0x00, 0x02, 0x00, 0x02, 0x00, 0x02, 0x00, 0x01, 0x00, 0x02, 0x00, 0x01, 0x00, 0x01,
    0x00, 0x01, 0x00, 0x01, 0x00, 0x01, 0x00, 0x01, 0x00, 0x01, 0x00, 0x01, 0x00, 0x01, 0x00, 0x01,
    0x00, 0x22, 0x00, 0x01, 0x00, 0x01, 0x00, 0x01, 0x00, 0x22, 0x00, 0x22, 0x00, 0x01, 0x00, 0x02,
    0x00, 0x02, 0x00, 0x01, 0x00, 0x01, 0x00, 0x01, 0x00, 0x02, 0x00, 0x22, 0x00, 0x22, 0x00, 0x23,
    0x00, 0x22, 0x00, 0x23, 0x00, 0x01, 0x00, 0x01, 0x00, 0x01, 0x00, 0x43, 0x00, 0x43, 0x00, 0x22,
    0x00, 0x01, 0x00, 0x23, 0x00, 0x02, 0x00, 0x01, 0x00, 0x01, 0x58, 0x00, 0x40, 0x00, 0x48, 0x00,
    0x50, 0x00, 0x00, 0x22, 0x00, 0x02, 0x00, 0x22, 0x00, 0x02, 0x00, 0x02, 0x00, 0x22, 0x00, 0x02,
    0x00, 0x01, 0x00, 0x02, 0x00, 0x02, 0x00, 0x22, 0x00, 0x02, 0x00, 0x22, 0x00, 0x22, 0x00, 0x22,
    0x00, 0x02, 0x00, 0x22, 0x00, 0x22, 0x00, 0x22, 0x00, 0x22, 0x00, 0x02, 0x00, 0x02, 0x00, 0x22,
    0x00, 0x02, 0x00, 0x02, 0x00, 0x22, 0x00, 0x02, 0x00, 0x22, 0x00, 0x22, 0x00, 0x02, 0x00, 0x22,
    0x00, 0x02, 0x00, 0x02, 0x00, 0x02, 0x00, 0x22, 0x00, 0x01, 0x00, 0x02, 0x00, 0x22, 0x00, 0x01,
    0x00, 0x02, 0x00, 0x01, 0x00, 0x01, 0x00, 0x01, 0x00, 0x01, 0x00, 0x01, 0x00, 0x01, 0x00, 0x02,
    0x00, 0x22, 0x00, 0x02, 0x00, 0x02, 0x00, 0x02, 0x00, 0x02, 0x00, 0x02, 0x00, 0x01, 0x00, 0x01,
    0x00, 0x02, 0x00, 0x22, 0x00, 0x02, 0x00, 0x02, 0x00, 0x02, 0x00, 0x02, 0x00, 0x02, 0x00, 0x22,
    0x00, 0x22, 0x00, 0x02, 0x00, 0x22, 0x00, 0x43, 0x00, 0x43, 0x00, 0x22, 0x00, 0x02, 0x00, 0x22,
    0x00, 0x01, 0x00, 0x01, 0x00, 0x02, 0x00, 0x02, 0x00, 0x02, 0x00, 0x01, 0x00, 0x01, 0x00, 0x22,
    0x00, 0x23, 0x00, 0x22, 0x00, 0x22, 0x00, 0x22, 0x00, 0x02, 0x00, 0x02, 0x00, 0x01, 0x00, 0x01,
    0x00, 0x02, 0x00, 0x02, 0x00, 0x02, 0x00, 0x01, 0x00, 0x01, 0x00, 0x02, 0x00, 0x01, 0x00, 0x01,
    0x00, 0x01, 0x00, 0x02, 0x00, 0x01, 0x00, 0x01, 0x00, 0x01, 0x00, 0x01, 0x00, 0x01, 0x00, 0x01,
    0x00, 0x01, 0x00, 0x01, 0x00, 0x02, 0x00, 0x22, 0x00, 0x02, 0x00, 0x02, 0x00, 0x01, 0x00, 0x22,
    0x00, 0x01, 0x00, 0x01, 0x00, 0x01, 0x00, 0x02, 0x00, 0x22, 0x00, 0x23, 0x00, 0x22, 0x00, 0x22,
    0x00, 0x22, 0x00, 0x01, 0x00, 0x01, 0x00, 0x01, 0x00, 0x22, 0x00, 0x43, 0x00, 0x02, 0x00, 0x01,
    0x00, 0x23, 0x00, 0x02, 0x00, 0x01, 0x00, 0x02, 0x00, 0x01, 0x00, 0x22, 0x00, 0x02, 0x00, 0x01,
    0x40, 0x00, 0x50, 0x00, 0x50, 0x00, 0x50, 0x00, 0x48, 0x00, 0x00, 0x01, 0x00, 0x22, 0x00, 0x22,
    0x00, 0x02, 0x00, 0x22, 0x00, 0x23, 0x00, 0x22, 0x00, 0x23, 0x00, 0x22, 0x00, 0x22, 0x00, 0x23,
    0x00, 0x43, 0x00, 0x43, 0x00, 0x43, 0x00, 0x63, 0x00, 0x43, 0x00, 0x23, 0x00, 0x23, 0x00, 0x22,
    0x00, 0x22, 0x00, 0x22, 0x00, 0x22, 0x00, 0x23, 0x00, 0x22, 0x00, 0x22, 0x00, 0x02, 0x00, 0x22,
    0x00, 0x22, 0x00, 0x23, 0x00, 0x23, 0x00, 0x43, 0x00, 0x01, 0x00, 0x02, 0x00, 0x22, 0x00, 0x22,
    0x00, 0x02, 0x00, 0x02, 0x00, 0x02, 0x00, 0x02, 0x00, 0x02, 0x00, 0x02, 0x28, 0x01, 0x20, 0x01,
    0x00, 0x02, 0x00, 0x02, 0x00, 0x02, 0x00, 0x22, 0x00, 0x22, 0x00, 0x43, 0x00, 0x23, 0x00, 0x02,
    0x00, 0x02, 0x00, 0x22, 0x00, 0x22, 0x00, 0x02, 0x00, 0x22, 0x00, 0x01, 0x00, 0x22, 0x00, 0x02,
    0x00, 0x02, 0x00, 0x22, 0x00, 0x02, 0x00, 0x22, 0x00, 0x02, 0x00, 0x02, 0x00, 0x01, 0x00, 0x22,
    0x00, 0x22, 0x00, 0x02, 0x00, 0x01, 0x00, 0x02, 0x00, 0x23, 0x00, 0x23, 0x00, 0x23, 0x00, 0x23,
    0x00, 0x23, 0x00, 0x22, 0x00, 0x22, 0x00, 0x22, 0x00, 0x22, 0x00, 0x02, 0x00, 0x23, 0x00, 0x22,
    0x00, 0x01, 0x00, 0x01, 0x00, 0x01, 0x00, 0x01, 0x00, 0x01, 0x00, 0x01, 0x00, 0x01, 0x00, 0x01,
    0x00, 0x01, 0x00, 0x01, 0x00, 0x01, 0x00, 0x01, 0x00, 0x01, 0x00, 0x02, 0x00, 0x01, 0x00, 0x01,
    0x00, 0x01, 0x00, 0x01, 0x00, 0x01, 0x00, 0x01, 0x00, 0x01, 0x00, 0x01, 0x00, 0x01, 0x00, 0x01,
    0x00, 0x01, 0x00, 0x23, 0x00, 0x22, 0x00, 0x22, 0x00, 0x22, 0x00, 0x22, 0x00, 0x01, 0x00, 0x01,
    0x00, 0x02, 0x00, 0x01, 0x00, 0x01, 0x00, 0x01, 0x00, 0x01, 0x00, 0x02, 0x00, 0x02, 0x00, 0x23,
    0x00, 0x02, 0x00, 0x22, 0x00, 0x02, 0x00, 0x01, 0x00, 0x21, 0x00, 0x01, 0x00, 0x02, 0x58, 0x00,
    0x58, 0x00, 0x68, 0x00, 0x58, 0x00, 0x50, 0x00, 0x00, 0x21, 0x00, 0x22, 0x00, 0x02, 0x00, 0x02,
    0x00, 0x22, 0x00, 0x22, 0x00, 0x43, 0x00, 0x43, 0x00, 0x22, 0x00, 0x22, 0x00, 0x23, 0x00, 0x43,
    0x00, 0x23, 0x00, 0x43, 0x00, 0x44, 0x00, 0x43, 0x00, 0x43, 0x00, 0x23, 0x00, 0x22, 0x00, 0x22,
    0x00, 0x22, 0x00, 0x22, 0x00, 0x22, 0x00, 0x23, 0x00, 0x23, 0x00, 0x22, 0x00, 0x22, 0x00, 0x22,
    0x00, 0x22, 0x00, 0x22, 0x00, 0x23, 0x00, 0x01, 0x00, 0x02, 0x00, 0x01, 0x00, 0x02, 0x00, 0x02,
    0x00, 0x02, 0x00, 0x02, 0x00, 0x02, 0x00, 0x01, 0x00, 0x01, 0x28, 0x00, 0x20, 0x01, 0x00, 0x02,
    0x00, 0x02, 0x00, 0x02, 0x00, 0x23, 0x00, 0x02, 0x00, 0x22, 0x00, 0x23, 0x00, 0x22, 0x00, 0x02,
    0x00, 0x22, 0x00, 0x02, 0x00, 0x02, 0x00, 0x22, 0x00, 0x22, 0x00, 0x22, 0x00, 0x02, 0x00, 0x02,
    0x00, 0x22, 0x00, 0x02, 0x00, 0x22, 0x00, 0x02, 0x00, 0x02, 0x00, 0x02, 0x00, 0x22, 0x00, 0x22,
    0x00, 0x02, 0x00, 0x01, 0x00, 0x02, 0x00, 0x43, 0x00, 0x23, 0x00, 0x22, 0x00, 0x43, 0x00, 0x23,
    0x00, 0x23, 0x00, 0x22, 0x00, 0x22, 0x00, 0x22, 0x00, 0x01, 0x00, 0x22, 0x00, 0x02, 0x00, 0x01,
    0x00, 0x01, 0x00, 0x01, 0x00, 0x01, 0x00, 0x01, 0x00, 0x01, 0x00, 0x01, 0x00, 0x01, 0x00, 0x01,
    0x00, 0x01, 0x00, 0x01, 0x00, 0x01, 0x00, 0x01, 0x00, 0x02, 0x00, 0x01, 0x00, 0x02, 0x00, 0x01,
    0x00, 0x01, 0x00, 0x02, 0x00, 0x01, 0x00, 0x01, 0x00, 0x01, 0x00, 0x02, 0x00, 0x01, 0x00, 0x01,
    0x00, 0x23, 0x00, 0x22, 0x00, 0x23, 0x00, 0x22, 0x00, 0x22, 0x00, 0x01, 0x00, 0x01, 0x00, 0x02,
    0x00, 0x02, 0x00, 0x01, 0x00, 0x02, 0x00, 0x21, 0x00, 0x02, 0x00, 0x02, 0x00, 0x22, 0x00, 0x02,
    0x00, 0x01, 0x00, 0x02, 0x00, 0x02, 0x00, 0x01, 0x00, 0x01, 0x00, 0x01, 0x00, 0x01, 0x00, 0x02,
    0x00, 0x01, 0x50, 0x00, 0x50, 0x00, 0x00, 0x02, 0x00, 0x22, 0x00, 0x02, 0x00, 0x02, 0x00, 0x02,
    0x00, 0x22, 0x38, 0x00, 0x28, 0x01, 0x00, 0x23, 0x00, 0x43, 0x00, 0x23, 0x00, 0x64, 0x00, 0x63,
    0x00, 0x23, 0x00, 0x23, 0x00, 0x22, 0x00, 0x23, 0x00, 0x23, 0x00, 0x23, 0x00, 0x23, 0x00, 0x23,
    0x00, 0x22, 0x00, 0x22, 0x00, 0x22, 0x00, 0x22, 0x00, 0x23, 0x00, 0x43, 0x00, 0x43, 0x00, 0x43,
    0x00, 0x43, 0x00, 0x43, 0x00, 0x43, 0x00, 0x43, 0x00, 0x01, 0x00, 0x01, 0x00, 0x22, 0x00, 0x02,
    0x00, 0x02, 0x00, 0x02, 0x00, 0x22, 0x00, 0x02, 0x30, 0x00, 0x28, 0x01, 0x00, 0x02, 0x00, 0x02,
    0x00, 0x02, 0x00, 0x02, 0x00, 0x22, 0x00, 0x02, 0x00, 0x02, 0x00, 0x02, 0x00, 0x02, 0x00, 0x22,
    0x00, 0x02, 0x00, 0x02, 0x00, 0x02, 0x00, 0x22, 0x00, 0x02, 0x00, 0x02, 0x00, 0x02, 0x00, 0x43,
    0x00, 0x01, 0x00, 0x02, 0x00, 0x02, 0x00, 0x22, 0x00, 0x02, 0x00, 0x22, 0x00, 0x22, 0x00, 0x22,
    0x00, 0x02, 0x00, 0x01, 0x00, 0x22, 0x00, 0x22, 0x00, 0x22, 0x00, 0x02, 0x00, 0x02, 0x00, 0x22,
    0x00, 0x22, 0x00, 0x02, 0x00, 0x22, 0x00, 0x22, 0x00, 0x22, 0x00, 0x02, 0x00, 0x01, 0x00, 0x01,
    0x00, 0x02, 0x00, 0x02, 0x00, 0x01, 0x00, 0x01, 0x00, 0x01, 0x00, 0x01, 0x00, 0x01, 0x00, 0x01,
    0x00, 0x01, 0x00, 0x02, 0x00, 0x01, 0x00, 0x01, 0x00, 0x01, 0x00, 0x01, 0x00, 0x01, 0x00, 0x01,
    0x00, 0x23, 0x00, 0x22, 0x00, 0x01, 0x00, 0x01, 0x00, 0x01, 0x00, 0x43, 0x00, 0x23, 0x00, 0x01,
    0x00, 0x01, 0x00, 0x01, 0x00, 0x01, 0x00, 0x01, 0x00, 0x01, 0x00, 0x01, 0x00, 0x01, 0x00, 0x01,
    0x00, 0x01, 0x00, 0x02, 0x00, 0x01, 0x00, 0x43, 0x00, 0x43, 0x00, 0x23, 0x00, 0x22, 0x00, 0x22,
    0x00, 0x23, 0x00, 0x01, 0x00, 0x01, 0x00, 0x01, 0x00, 0x01, 0x00, 0x02, 0x00, 0x02, 0x00, 0x01,
    0x00, 0x22, 0x00, 0x02, 0x00, 0x22, 0x48, 0x00, 0x50, 0x00, 0x70, 0x00, 0x70, 0x00, 0x50, 0x00,
    0x00, 0x64, 0x00, 0x22, 0x00, 0x23, 0x00, 0x23, 0x00, 0x23, 0x00, 0x22, 0x00, 0x23, 0x00, 0x22,
    0x00, 0x22, 0x00, 0x63, 0x00, 0x23, 0x00, 0x22, 0x00, 0x23, 0x00, 0x23, 0x00, 0x22, 0x00, 0x23,
    0x00, 0x43, 0x00, 0x23, 0x00, 0x22, 0x00, 0x22, 0x00, 0x02, 0x00, 0x22, 0x00, 0x22, 0x00, 0x22,
    0x00, 0x22, 0x00, 0x22, 0x00, 0x23, 0x00, 0x23, 0x00, 0x23, 0x00, 0x23, 0x00, 0x02, 0x00, 0x02,
    0x00, 0x02, 0x00, 0x22, 0x00, 0x01, 0x38, 0x00, 0x28, 0x00, 0x20, 0x01, 0x10, 0x01, 0x00, 0x02,
    0x00, 0x02, 0x00, 0x22, 0x00, 0x22, 0x00, 0x22, 0x00, 0x22, 0x00, 0x02, 0x00, 0x01, 0x00, 0x02,
    0x00, 0x02, 0x00, 0x22, 0x00, 0x22, 0x00, 0x22, 0x00, 0x02, 0x00, 0x02, 0x00, 0x02, 0x00, 0x22,
    0x00, 0x02, 0x00, 0x22, 0x00, 0x02, 0x00, 0x22, 0x00, 0x02, 0x00, 0x02, 0x00, 0x02, 0x00, 0x02,
    0x00, 0x01, 0x00, 0x02, 0x00, 0x02, 0x00, 0x02, 0x00, 0x22, 0x00, 0x02, 0x00, 0x01, 0x00, 0x02,
    0x00, 0x02, 0x00, 0x02, 0x00, 0x22, 0x00, 0x43, 0x00, 0x23, 0x00, 0x22, 0x00, 0x02, 0x00, 0x01,
    0x00, 0x02, 0x00, 0x22, 0x00, 0x22, 0x00, 0x22, 0x00, 0x02, 0x00, 0x01, 0x00, 0x01, 0x00, 0x22,
    0x00, 0x22, 0x00, 0x01, 0x00, 0x01, 0x00, 0x01, 0x00, 0x22, 0x00, 0x22, 0x00, 0x01, 0x00, 0x01,
    0x00, 0x01, 0x00, 0x01, 0x00, 0x01, 0x00, 0x22, 0x00, 0x01, 0x00, 0x01, 0x00, 0x22, 0x00, 0x01,
    0x00, 0x01, 0x00, 0x01, 0x00, 0x01, 0x00, 0x01, 0x00, 0x01, 0x00, 0x01, 0x00, 0x21, 0x00, 0x01,
    0x00, 0x01, 0x00, 0x01, 0x00, 0x01, 0x00, 0x01, 0x00, 0x01, 0x00, 0x01, 0x00, 0x01, 0x00, 0x01,
    0x00, 0x01, 0x00, 0x02, 0x00, 0x01, 0x00, 0x21, 0x00, 0x02, 0x00, 0x01, 0x00, 0x21, 0x00, 0x02,
    0x00, 0x01, 0x00, 0x02, 0x58, 0x00, 0x50, 0x00, 0x68, 0x00, 0x68, 0x00, 0x50, 0x00, 0x00, 0x23,
    0x00, 0x22, 0x00, 0x43, 0x00, 0x43, 0x00, 0x43, 0x00, 0x23, 0x00, 0x23, 0x00, 0x23, 0x00, 0x22,
    0x00, 0x43, 0x00, 0x22, 0x00, 0x23, 0x00, 0x22, 0x00, 0x23, 0x00, 0x22, 0x00, 0x64, 0x00, 0x43,
    0x00, 0x22, 0x00, 0x22, 0x00, 0x02, 0x00, 0x23, 0x00, 0x22, 0x00, 0x22, 0x00, 0x22, 0x00, 0x22,
    0x00, 0x23, 0x00, 0x23, 0x00, 0x23, 0x00, 0x23, 0x00, 0x23, 0x00, 0x01, 0x00, 0x02, 0x00, 0x02,
    0x00, 0x02, 0x00, 0x02, 0x40, 0x00, 0x28, 0x00, 0x28, 0x01, 0x20, 0x01, 0x00, 0x01, 0x00, 0x02,
    0x00, 0x02, 0x00, 0x22, 0x00, 0x02, 0x00, 0x22, 0x00, 0x01, 0x00, 0x01, 0x00, 0x01, 0x00, 0x01,
    0x00, 0x02, 0x00, 0x02, 0x00, 0x02, 0x00, 0x22, 0x00, 0x22, 0x00, 0x02, 0x00, 0x02, 0x00, 0x02,
    0x00, 0x22, 0x00, 0x02, 0x00, 0x02, 0x00, 0x01, 0x00, 0x02, 0x00, 0x02, 0x00, 0x02, 0x00, 0x02,
    0x00, 0x22, 0x00, 0x22, 0x00, 0x22, 0x00, 0x02, 0x00, 0x01, 0x00, 0x22, 0x00, 0x02, 0x00, 0x02,
    0x00, 0x02, 0x00, 0x02, 0x00, 0x43, 0x00, 0x43, 0x00, 0x22, 0x00, 0x22, 0x00, 0x01, 0x00, 0x22,
    0x00, 0x22, 0x00, 0x22, 0x00, 0x22, 0x00, 0x02, 0x00, 0x01, 0x00, 0x01, 0x00, 0x22, 0x00, 0x22,
    0x00, 0x01, 0x00, 0x01, 0x00, 0x01, 0x00, 0x22, 0x00, 0x22, 0x00, 0x01, 0x00, 0x01, 0x00, 0x01,
    0x00, 0x01, 0x00, 0x01, 0x00, 0x22, 0x00, 0x01, 0x00, 0x01, 0x00, 0x01, 0x00, 0x01, 0x00, 0x01,
    0x00, 0x01, 0x00, 0x01, 0x00, 0x01, 0x00, 0x01, 0x00, 0x01, 0x00, 0x01, 0x00, 0x01, 0x00, 0x01,
    0x00, 0x01, 0x00, 0x01, 0x00, 0x01, 0x00, 0x01, 0x00, 0x01, 0x00, 0x01, 0x00, 0x01, 0x00, 0x01,
    0x00, 0x22, 0x00, 0x22, 0x00, 0x02, 0x00, 0x02, 0x00, 0x02, 0x00, 0x02, 0x00, 0x02, 0x00, 0x22,
    0x00, 0x22, 0x68, 0x00, 0x58, 0x00, 0x48, 0x00, 0x40, 0x00, 0x38, 0x00, 0x28, 0x01, 0x28, 0x01,
    0x00, 0x23, 0x00, 0x23, 0x00, 0x43, 0x00, 0x23, 0x00, 0x23, 0x00, 0x23, 0x00, 0x23, 0x00, 0x23,
    0x00, 0x23, 0x00, 0x22, 0x00, 0x22, 0x00, 0x23, 0x00, 0x22, 0x00, 0x23, 0x00, 0x43, 0x00, 0x23,
    0x00, 0x23, 0x00, 0x23, 0x00, 0x64, 0x00, 0x64, 0x00, 0x22, 0x00, 0x22, 0x00, 0x22, 0x00, 0x23,
    0x00, 0x22, 0x00, 0x23, 0x00, 0x43, 0x00, 0x23, 0x00, 0x01, 0x00, 0x22, 0x00, 0x02, 0x00, 0x01,
    0x00, 0x22, 0x00, 0x01, 0x00, 0x01, 0x08, 0x01, 0x10, 0x01, 0x00, 0x22, 0x00, 0x22, 0x00, 0x02,
    0x00, 0x02, 0x00, 0x22, 0x00, 0x22, 0x00, 0x22, 0x00, 0x22, 0x00, 0x02, 0x00, 0x02, 0x00, 0x02,
    0x00, 0x02, 0x00, 0x02, 0x00, 0x22, 0x00, 0x02, 0x00, 0x22, 0x00, 0x02, 0x00, 0x02, 0x00, 0x02,
    0x00, 0x22, 0x00, 0x02, 0x00, 0x02, 0x00, 0x02, 0x00, 0x02, 0x00, 0x01, 0x00, 0x02, 0x00, 0x22,
    0x00, 0x02, 0x00, 0x02, 0x00, 0x02, 0x00, 0x02, 0x00, 0x02, 0x00, 0x22, 0x00, 0x22, 0x00, 0x22,
    0x00, 0x43, 0x00, 0x02, 0x00, 0x02, 0x00, 0x02, 0x00, 0x22, 0x00, 0x22, 0x00, 0x02, 0x00, 0x22,
    0x00, 0x22, 0x00, 0x22, 0x00, 0x22, 0x00, 0x02, 0x00, 0x22, 0x00, 0x22, 0x00, 0x22, 0x00, 0x22,
    0x00, 0x01, 0x00, 0x01, 0x00, 0x01, 0x00, 0x01, 0x00, 0x01, 0x00, 0x01, 0x00, 0x01, 0x00, 0x01,
    0x00, 0x01, 0x00, 0x01, 0x00, 0x01, 0x00, 0x01, 0x00, 0x01, 0x00, 0x01, 0x00, 0x02, 0x00, 0x02,
    0x00, 0x02, 0x00, 0x02, 0x00, 0x01, 0x00, 0x01, 0x00, 0x01, 0x00, 0xA6, 0x00, 0xC7, 0x00, 0xC7,
    0x00, 0x85, 0x00, 0xA6, 0x00, 0x64, 0x00, 0x64, 0x00, 0x64, 0x00, 0x01, 0x00, 0x01, 0x00, 0x02,
    0x00, 0x01, 0x00, 0x22, 0x00, 0x02, 0x00, 0x22, 0x00, 0x22, 0x00, 0x22, 0x00, 0x22, 0x00, 0x22,
    0x68, 0x00, 0x58, 0x00, 0x40, 0x00, 0x40, 0x00, 0x40, 0x00, 0x28, 0x01, 0x28, 0x01, 0x00, 0x43,
    0x00, 0x23, 0x00, 0x23, 0x00, 0x23, 0x00, 0x22, 0x00, 0x43, 0x00, 0x23, 0x00, 0x23, 0x00, 0x22,
    0x00, 0x22, 0x00, 0x23, 0x00, 0x23, 0x00, 0x22, 0x00, 0x23, 0x00, 0x23, 0x00, 0x22, 0x00, 0x23,
    0x00, 0x23, 0x00, 0x64, 0x00, 0x64, 0x00, 0x22, 0x00, 0x23, 0x00, 0x22, 0x00, 0x22, 0x00, 0x22,
    0x00, 0x23, 0x00, 0x43, 0x00, 0x23, 0x00, 0x01, 0x00, 0x02, 0x00, 0x01, 0x00, 0x02, 0x00, 0x02,
    0x00, 0x02, 0x00, 0x01, 0x08, 0x01, 0x08, 0x01, 0x00, 0x02, 0x00, 0x02, 0x00, 0x22, 0x00, 0x02,
    0x00, 0x02, 0x00, 0x22, 0x00, 0x22, 0x00, 0x22, 0x00, 0x02, 0x00, 0x02, 0x00, 0x02, 0x00, 0x22,
    0x00, 0x02, 0x00, 0x02, 0x00, 0x22, 0x00, 0x22, 0x00, 0x22, 0x00, 0x22, 0x00, 0x02, 0x00, 0x02,
    0x00, 0x02, 0x00, 0x02, 0x00, 0x02, 0x00, 0x02, 0x00, 0x22, 0x00, 0x22, 0x00, 0x22, 0x00, 0x02,
    0x00, 0x22, 0x00, 0x02, 0x00, 0x02, 0x00, 0x02, 0x00, 0x02, 0x00, 0x22, 0x00, 0x22, 0x00, 0x43,
    0x00, 0x02, 0x00, 0x22, 0x00, 0x22, 0x00, 0x22, 0x00, 0x02, 0x00, 0x22, 0x00, 0x22, 0x00, 0x22,
    0x00, 0x22, 0x00, 0x22, 0x00, 0x02, 0x00, 0x22, 0x00, 0x02, 0x00, 0x02, 0x00, 0x02, 0x00, 0x01,
    0x00, 0x01, 0x00, 0x01, 0x00, 0x01, 0x00, 0x01, 0x00, 0x01, 0x00, 0x01, 0x00, 0x01, 0x00, 0x01,
    0x00, 0x01, 0x00, 0x01, 0x00, 0x01, 0x00, 0x01, 0x00, 0x01, 0x00, 0x22, 0x00, 0x02, 0x00, 0x02,
    0x00, 0x01, 0x00, 0x01, 0x00, 0x01, 0x00, 0x01, 0x00, 0xA6, 0x00, 0xA6, 0x00, 0xC6, 0x00, 0xA5,
    0x00, 0xA6, 0x00, 0x64, 0x00, 0x63, 0x00, 0x64, 0x00, 0x01, 0x00, 0x23, 0x00, 0x22, 0x00, 0x22,
    0x00, 0x22, 0x00, 0x22, 0x00, 0x22, 0x00, 0x23, 0x00, 0x22, 0x00, 0x23, 0x00, 0x23, 0x00, 0x22,
    0x00, 0x02, 0x98, 0x00, 0x98, 0x00, 0x90, 0x00, 0x10, 0x01, 0x30, 0x00, 0x28, 0x01, 0x28, 0x01,
    0x00, 0x43, 0x00, 0x23, 0x00, 0x22, 0x00, 0x23, 0x00, 0x23, 0x00, 0x23, 0x00, 0x22, 0x00, 0x22,
    0x40, 0x00, 0x40, 0x00, 0x48, 0x00, 0x00, 0x23, 0x00, 0x23, 0x00, 0x23, 0x00, 0x23, 0x00, 0x23,
    0x00, 0x23, 0x00, 0x23, 0x00, 0x23, 0x00, 0x23, 0x00, 0x43, 0x00, 0x23, 0x00, 0x43, 0x00, 0x22,
    0x00, 0x22, 0x00, 0x23, 0x00, 0x43, 0x00, 0x43, 0x00, 0x02, 0x00, 0x02, 0x00, 0x02, 0x00, 0x21,
    0x00, 0x02, 0x00, 0x22, 0x00, 0x02, 0x00, 0x02, 0x00, 0x22, 0x00, 0x22, 0x00, 0x23, 0x00, 0x22,
    0x00, 0x22, 0x00, 0x22, 0x00, 0x22, 0x68, 0x00, 0x70, 0x00, 0x00, 0x22, 0x00, 0x22, 0x00, 0x22,
    0x00, 0x22, 0x00, 0x22, 0x00, 0x02, 0x00, 0x22, 0x00, 0x22, 0x00, 0x22, 0x00, 0x02, 0x00, 0x02,
    0x00, 0x22, 0x00, 0x22, 0x00, 0x02, 0x00, 0x02, 0x00, 0x22, 0x00, 0x02, 0x00, 0x02, 0x00, 0x02,
    0x00, 0x22, 0x00, 0x02, 0x00, 0x23, 0x00, 0x23, 0x00, 0x22, 0x00, 0x23, 0x00, 0x22, 0x00, 0x23,
    0x00, 0x22, 0x00, 0x22, 0x00, 0x02, 0x00, 0x22, 0x00, 0x22, 0x00, 0x22, 0x00, 0x02, 0x00, 0x22,
    0x00, 0x02, 0x00, 0x01, 0x00, 0x02, 0x00, 0x22, 0x00, 0x22, 0x00, 0x22, 0x00, 0x01, 0x00, 0x01,
    0x00, 0x01, 0x00, 0x01, 0x00, 0x01, 0x00, 0x23, 0x00, 0x23, 0x00, 0x01, 0x00, 0x01, 0x00, 0x22,
    0x00, 0x02, 0x00, 0x22, 0x00, 0x01, 0x00, 0x01, 0x00, 0x01, 0x00, 0x01, 0x00, 0x01, 0x00, 0x01,
    0x00, 0x01, 0x01, 0x08, 0x01, 0x08, 0x01, 0x08, 0x01, 0x08, 0x00, 0xE8, 0x00, 0x65, 0x00, 0x85,
    0x00, 0xA6, 0x00, 0xA6, 0x00, 0xA6, 0x00, 0x85, 0x00, 0x22, 0x00, 0x22, 0x00, 0x22, 0x00, 0x22,
    0x00, 0x22, 0x00, 0x22, 0x00, 0x22, 0x00, 0x22, 0x00, 0x22, 0x00, 0x23, 0x00, 0x23, 0x00, 0x22,
    0xA0, 0x00, 0xA0, 0x00, 0x98, 0x00, 0x08, 0x01, 0x38, 0x00, 0x30, 0x01, 0x30, 0x01, 0x00, 0x22,
    0x00, 0x23, 0x00, 0x43, 0x00, 0x23, 0x00, 0x23, 0x00, 0x23, 0x00, 0x22, 0x00, 0x22, 0x48, 0x00,
    0x48, 0x00, 0x48, 0x00, 0x00, 0x24, 0x00, 0x23, 0x00, 0x23, 0x00, 0x22, 0x00, 0x43, 0x00, 0x23,
    0x00, 0x23, 0x00, 0x23, 0x00, 0x23, 0x00, 0x64, 0x00, 0x43, 0x00, 0x43, 0x00, 0x23, 0x00, 0x23,
    0x00, 0x43, 0x00, 0x43, 0x00, 0x43, 0x00, 0x02, 0x00, 0x22, 0x00, 0x02, 0x00, 0x22, 0x00, 0x22,
    0x00, 0x22, 0x00, 0x01, 0x00, 0x02, 0x00, 0x22, 0x00, 0x22, 0x00, 0x22, 0x00, 0x23, 0x00, 0x22,
    0x00, 0x22, 0x00, 0x22, 0x78, 0x00, 0x80, 0x00, 0x00, 0x22, 0x00, 0x22, 0x00, 0x22, 0x00, 0x22,
    0x00, 0x22, 0x00, 0x22, 0x00, 0x02, 0x00, 0x22, 0x00, 0x22, 0x00, 0x02, 0x00, 0x22, 0x00, 0x22,
    0x00, 0x22, 0x00, 0x22, 0x00, 0x22, 0x00, 0x22, 0x00, 0x02, 0x00, 0x22, 0x00, 0x02, 0x00, 0x22,
    0x00, 0x02, 0x00, 0x23, 0x00, 0x43, 0x00, 0x22, 0x00, 0x22, 0x00, 0x22, 0x00, 0x22, 0x00, 0x22,
    0x00, 0x22, 0x00, 0x22, 0x00, 0x22, 0x00, 0x23, 0x00, 0x22, 0x00, 0x22, 0x00, 0x22, 0x00, 0x01,
    0x00, 0x01, 0x00, 0x01, 0x00, 0x22, 0x00, 0x22, 0x00, 0x23, 0x00, 0x01, 0x00, 0x01, 0x00, 0x01,
    0x00, 0x01, 0x00, 0x01, 0x00, 0x23, 0x00, 0x23, 0x00, 0x02, 0x00, 0x01, 0x00, 0x22, 0x00, 0x22,
    0x00, 0x22, 0x00, 0x01, 0x00, 0x01, 0x00, 0x01, 0x00, 0x01, 0x00, 0x01, 0x00, 0x01, 0x00, 0x02,
    0x01, 0x29, 0x01, 0x08, 0x00, 0xE8, 0x00, 0xE8, 0x00, 0xE8, 0x00, 0x85, 0x00, 0x85, 0x00, 0xA6,
    0x00, 0xC7, 0x00, 0xA6, 0x00, 0x85, 0x00, 0x23, 0x00, 0x23, 0x00, 0x23, 0x00, 0x23, 0x00, 0x23,
    0x00, 0x23, 0x00, 0x22, 0x00, 0x22, 0x00, 0x22, 0x00, 0x22, 0x00, 0x22, 0x00, 0x23, 0x00, 0x23,
    0x00, 0x23, 0x40, 0x00, 0xA8, 0x00, 0x88, 0x00, 0x28, 0x01, 0x28, 0x01, 0x60, 0x00, 0x38, 0x00,
    0x38, 0x00, 0x00, 0x23, 0x00, 0x43, 0x00, 0x23, 0x00, 0x43, 0x00, 0x23, 0x00, 0x22, 0x00, 0x22,
    0x00, 0x43, 0x00, 0x42, 0x00, 0x23, 0x00, 0x43, 0x00, 0x23, 0x00, 0x23, 0x00, 0x64, 0x00, 0x43,
    0x00, 0x23, 0x00, 0x23, 0x00, 0x43, 0x00, 0x22, 0x00, 0x23, 0x00, 0x23, 0x00, 0x43, 0x00, 0x23,
    0x00, 0x22, 0x00, 0x23, 0x00, 0x43, 0x00, 0x43, 0x00, 0x23, 0x00, 0x02, 0x00, 0x22, 0x00, 0x43,
    0x00, 0x23, 0x00, 0x22, 0x00, 0x22, 0x00, 0x22, 0x00, 0x22, 0x00, 0x22, 0x00, 0x23, 0x00, 0x22,
    0x00, 0x23, 0x00, 0x22, 0x00, 0x22, 0x00, 0x23, 0x00, 0x22, 0x00, 0x23, 0x00, 0x22, 0x00, 0x22,
    0x00, 0x22, 0x00, 0x22, 0x00, 0x23, 0x00, 0x22, 0x00, 0x23, 0x00, 0x22, 0x00, 0x02, 0x00, 0x22,
    0x00, 0x22, 0x00, 0x22, 0x00, 0x02, 0x00, 0x02, 0x00, 0x22, 0x00, 0x22, 0x00, 0x02, 0x00, 0x02,
    0x00, 0x22, 0x00, 0x22, 0x00, 0x22, 0x00, 0x22, 0x00, 0x22, 0x00, 0x22, 0x00, 0x22, 0x00, 0x22,
    0x00, 0x02, 0x00, 0x22, 0x00, 0x84, 0x00, 0x64, 0x00, 0x23, 0x00, 0x43, 0x00, 0x02, 0x00, 0x01,
    0x00, 0x01, 0x00, 0x22, 0x00, 0x02, 0x00, 0x01, 0x00, 0x01, 0x00, 0x01, 0x00, 0x01, 0x00, 0x01,
    0x00, 0x22, 0x00, 0x22, 0x00, 0x23, 0x00, 0x23, 0x00, 0x23, 0x00, 0x23, 0x00, 0x22, 0x00, 0x22,
    0x00, 0x22, 0x00, 0x22, 0x00, 0x01, 0x00, 0x43, 0x00, 0x43, 0x01, 0xCD, 0x01, 0x6A, 0x01, 0x6B,
    0x01, 0x8B, 0x00, 0xE7, 0x00, 0xE8, 0x00, 0xE7, 0x00, 0xA5, 0x00, 0xA6, 0x00, 0x43, 0x00, 0x64,
    0x00, 0x64, 0x00, 0x44, 0x00, 0x23, 0x00, 0x23, 0x00, 0x43, 0x00, 0x43, 0x00, 0x23, 0x00, 0x23,
    0x00, 0x23, 0x00, 0x22, 0x00, 0x22, 0x00, 0x23, 0x00, 0x43, 0x00, 0x43, 0x00, 0x23, 0x00, 0x23,
    0x30, 0x01, 0xA0, 0x00, 0x88, 0x00, 0x28, 0x01, 0x30, 0x01, 0x58, 0x00, 0x48, 0x00, 0x40, 0x20,
    0x00, 0x23, 0x00, 0x43, 0x00, 0x23, 0x00, 0x22, 0x00, 0x23, 0x00, 0x23, 0x00, 0x23, 0x00, 0x23,
    0x00, 0x22, 0x00, 0x23, 0x00, 0x43, 0x00, 0x43, 0x00, 0x23, 0x00, 0x64, 0x00, 0x44, 0x00, 0x22,
    0x00, 0x23, 0x00, 0x43, 0x00, 0x22, 0x00, 0x23, 0x00, 0x23, 0x00, 0x23, 0x00, 0x23, 0x00, 0x23,
    0x00, 0x23, 0x00, 0x43, 0x00, 0x43, 0x00, 0x23, 0x00, 0x22, 0x00, 0x22, 0x00, 0x23, 0x00, 0x23,
    0x00, 0x22, 0x00, 0x22, 0x00, 0x22, 0x00, 0x22, 0x00, 0x22, 0x00, 0x23, 0x00, 0x23, 0x00, 0x43,
    0x00, 0x23, 0x00, 0x22, 0x00, 0x22, 0x00, 0x22, 0x00, 0x23, 0x00, 0x22, 0x00, 0x22, 0x00, 0x22,
    0x00, 0x22, 0x00, 0x22, 0x00, 0x22, 0x00, 0x22, 0x00, 0x23, 0x00, 0x22, 0x00, 0x02, 0x00, 0x02,
    0x00, 0x22, 0x00, 0x02, 0x00, 0x02, 0x00, 0x02, 0x00, 0x22, 0x00, 0x22, 0x00, 0x23, 0x00, 0x22,
    0x00, 0x22, 0x00, 0x22, 0x00, 0x22, 0x00, 0x22, 0x00, 0x22, 0x00, 0x22, 0x00, 0x22, 0x00, 0x22,
    0x00, 0x43, 0x00, 0x43, 0x00, 0x43, 0x00, 0x23, 0x00, 0x23, 0x00, 0x22, 0x00, 0x01, 0x00, 0x21,
    0x00, 0x02, 0x00, 0x22, 0x00, 0x01, 0x00, 0x01, 0x00, 0x01, 0x00, 0x01, 0x00, 0x01, 0x00, 0x02,
    0x00, 0x22, 0x00, 0x23, 0x00, 0x23, 0x00, 0x22, 0x00, 0x22, 0x00, 0x22, 0x00, 0x02, 0x00, 0x02,
    0x00, 0x02, 0x00, 0x01, 0x00, 0x23, 0x00, 0x64, 0x01, 0xED, 0x01, 0x8B, 0x01, 0x6B, 0x01, 0x8B,
    0x00, 0xE7, 0x01, 0x08, 0x00, 0xE8, 0x00, 0xA6, 0x00, 0x85, 0x00, 0x23, 0x00, 0x64, 0x00, 0x44,
    0x00, 0x44, 0x00, 0x64, 0x00, 0x64, 0x00, 0x22, 0x00, 0x22, 0x00, 0x23, 0x00, 0x22, 0x00, 0x22,
    0x00, 0x22, 0x00, 0x22, 0x00, 0x23, 0x00, 0x43, 0x00, 0x43, 0x00, 0x23, 0x00, 0x23, 0x00, 0x23,
    0x58, 0x00, 0x40, 0x00, 0x40, 0x00, 0x40, 0x00, 0xB0, 0x00, 0xA8, 0x00, 0xA8, 0x00, 0x00, 0x43,
    0x00, 0x43, 0x00, 0x43, 0x00, 0x22, 0x00, 0x43, 0x00, 0x43, 0x00, 0x23, 0x00, 0x43, 0x00, 0x43,
    0x00, 0x23, 0x00, 0x23, 0x00, 0x23, 0x00, 0x23, 0x00, 0x64, 0x00, 0x44, 0x00, 0x23, 0x00, 0x23,
    0x00, 0x23, 0x00, 0x23, 0x00, 0x02, 0x90, 0x00, 0x88, 0x00, 0x00, 0x22, 0x00, 0x43, 0x00, 0x43,
    0x00, 0x23, 0x00, 0x23, 0x00, 0x23, 0x00, 0x43, 0x00, 0x43, 0x00, 0x22, 0x00, 0x22, 0x00, 0x23,
    0x00, 0x23, 0x00, 0x22, 0x00, 0x22, 0x00, 0x22, 0x00, 0x22, 0x00, 0x22, 0x00, 0x22, 0x00, 0x23,
    0x00, 0x23, 0x00, 0x23, 0x00, 0x23, 0x00, 0x43, 0x00, 0x22, 0x00, 0x23, 0x00, 0x22, 0x00, 0x22,
    0x00, 0x22, 0x00, 0x02, 0x00, 0x22, 0x00, 0x22, 0x00, 0x23, 0x00, 0x22, 0x00, 0x22, 0x00, 0x22,
    0x00, 0x22, 0x00, 0x02, 0x00, 0x02, 0x00, 0x02, 0x00, 0x22, 0x00, 0x22, 0x00, 0x22, 0x00, 0x22,
    0x00, 0x22, 0x00, 0x02, 0x00, 0x22, 0x00, 0x22, 0x00, 0x22, 0x00, 0x22, 0x00, 0x22, 0x00, 0x22,
    0x00, 0x43, 0x00, 0x23, 0x00, 0x01, 0x00, 0x01, 0x00, 0x02, 0x00, 0x22, 0x00, 0x22, 0x00, 0x01,
    0x00, 0x01, 0x00, 0x01, 0x00, 0x23, 0x00, 0x23, 0x00, 0x01, 0x00, 0x01, 0x00, 0x02, 0x00, 0x23,
    0x00, 0x23, 0x00, 0x22, 0x00, 0x22, 0x00, 0x01, 0x00, 0x01, 0x00, 0x01, 0x00, 0x01, 0x00, 0x01,
    0x00, 0xA6, 0x01, 0x4A, 0x01, 0x4A, 0x01, 0x6B, 0x01, 0x4A, 0x00, 0xE8, 0x00, 0xE8, 0x00, 0xE7,
    0x00, 0xC7, 0x00, 0xC6, 0x00, 0xC7, 0x00, 0xA6, 0x00, 0x43, 0x00, 0x22, 0x00, 0x02, 0x00, 0x64,
    0x00, 0x64, 0x00, 0x63, 0x00, 0x22, 0x00, 0x22, 0x00, 0x22, 0x00, 0x22, 0x00, 0x22, 0x00, 0x22,
    0x00, 0x02, 0x00, 0x23, 0x00, 0x43, 0x00, 0x23, 0x00, 0x22, 0x00, 0x22, 0x00, 0x23, 0x70, 0x00,
    0x58, 0x00, 0x60, 0x00, 0x58, 0x00, 0xB8, 0x00, 0xB0, 0x00, 0xC0, 0x00, 0x00, 0x43, 0x00, 0x23,
    0x00, 0x43, 0x00, 0x23, 0x00, 0x43, 0x00, 0x23, 0x00, 0x23, 0x00, 0x23, 0x00, 0x23, 0x00, 0x23,
    0x00, 0x23, 0x00, 0x23, 0x00, 0x23, 0x00, 0x44, 0x00, 0x43, 0x00, 0x23, 0x00, 0x23, 0x00, 0x22,
    0x00, 0x22, 0x00, 0x23, 0x98, 0x00, 0x90, 0x00, 0x00, 0x22, 0x00, 0x43, 0x00, 0x43, 0x00, 0x23,
    0x00, 0x23, 0x00, 0x43, 0x00, 0x43, 0x00, 0x23, 0x00, 0x22, 0x00, 0x22, 0x00, 0x22, 0x00, 0x22,
    0x00, 0x23, 0x00, 0x23, 0x00, 0x02, 0x00, 0x22, 0x00, 0x23, 0x00, 0x22, 0x00, 0x23, 0x00, 0x23,
    0x00, 0x22, 0x00, 0x23, 0x00, 0x02, 0x00, 0x23, 0x00, 0x22, 0x00, 0x22, 0x00, 0x23, 0x00, 0x22,
    0x00, 0x22, 0x00, 0x22, 0x00, 0x22, 0x00, 0x22, 0x00, 0x22, 0x00, 0x02, 0x00, 0x22, 0x00, 0x02,
    0x00, 0x22, 0x00, 0x22, 0x00, 0x22, 0x00, 0x22, 0x00, 0x22, 0x00, 0x22, 0x00, 0x22, 0x00, 0x02,
    0x00, 0x22, 0x00, 0x22, 0x00, 0x22, 0x00, 0x22, 0x00, 0x22, 0x00, 0x22, 0x00, 0x43, 0x00, 0x23,
    0x00, 0x43, 0x00, 0x01, 0x00, 0x01, 0x00, 0x01, 0x00, 0x22, 0x00, 0x22, 0x00, 0x01, 0x00, 0x01,
    0x00, 0x01, 0x00, 0x23, 0x00, 0x23, 0x00, 0x01, 0x00, 0x01, 0x00, 0x02, 0x00, 0x22, 0x00, 0x23,
    0x00, 0x23, 0x00, 0x22, 0x00, 0x01, 0x00, 0x01, 0x00, 0x01, 0x00, 0x00, 0x00, 0x00, 0x00, 0xA6,
    0x01, 0x4A, 0x01, 0x29, 0x01, 0x4A, 0x01, 0x6A, 0x00, 0xE7, 0x00, 0xE8, 0x00, 0xE7, 0x00, 0xC7,
    0x00, 0xC6, 0x00, 0xA6, 0x00, 0x85, 0x00, 0x43, 0x00, 0x22, 0x00, 0x22, 0x00, 0x44, 0x00, 0x64,
    0x00, 0x64, 0x00, 0x64, 0x00, 0x64, 0x00, 0x23, 0x00, 0x64, 0x00, 0x63, 0x00, 0x64, 0x00, 0x43,
    0x00, 0x43, 0x00, 0x23, 0x00, 0x43, 0x00, 0x43, 0x00, 0x43, 0x00, 0x43, 0x00, 0x43, 0x00, 0x43,
    0x00, 0x43, 0x00, 0x43, 0x98, 0x00, 0x80, 0x00, 0x88, 0x00, 0x00, 0x23, 0x00, 0x23, 0x00, 0x43,
    0x00, 0x43, 0x00, 0x43, 0x00, 0x43, 0x00, 0x43, 0x00, 0x43, 0x00, 0x43, 0x00, 0x43, 0x00, 0x23,
    0x00, 0x22, 0x00, 0x23, 0x00, 0x23, 0x00, 0x43, 0x00, 0x43, 0x00, 0x43, 0x00, 0x23, 0x00, 0x43,
    0x00, 0x22, 0x90, 0x00, 0x90, 0x00, 0x00, 0x22, 0x00, 0x22, 0x00, 0x43, 0x00, 0x23, 0x00, 0x23,
    0x00, 0x22, 0x00, 0x22, 0x00, 0x22, 0x00, 0x22, 0x00, 0x22, 0x00, 0x22, 0x00, 0x22, 0x00, 0x22,
    0x00, 0x22, 0x00, 0x22, 0x00, 0x22, 0x00, 0x22, 0x00, 0x22, 0x00, 0x22, 0x00, 0x22, 0x00, 0x43,
    0x00, 0x64, 0x00, 0x64, 0x00, 0x23, 0x00, 0x23, 0x00, 0x22, 0x00, 0x22, 0x00, 0x23, 0x00, 0x22,
    0x00, 0x22, 0x00, 0x22, 0x00, 0x22, 0x00, 0x22, 0x00, 0x22, 0x00, 0x22, 0x00, 0x22, 0x00, 0x02,
    0x00, 0x22, 0x00, 0x22, 0x00, 0x22, 0x00, 0x22, 0x00, 0x02, 0x00, 0x22, 0x00, 0x23, 0x00, 0x23,
    0x00, 0x23, 0x00, 0x02, 0x00, 0x22, 0x00, 0x02, 0x00, 0x02, 0x00, 0x22, 0x00, 0x22, 0x00, 0x22,
    0x00, 0x23, 0x00, 0x23, 0x00, 0x23, 0x00, 0x02, 0x00, 0x02, 0x00, 0x02, 0x00, 0x02, 0x00, 0x01,
    0x00, 0x23, 0x00, 0x22, 0x00, 0x23, 0x00, 0x22, 0x00, 0x22, 0x00, 0x22, 0x00, 0x22, 0x00, 0x02,
    0x00, 0x01, 0x00, 0x01, 0x00, 0x01, 0x00, 0x01, 0x01, 0x4A, 0x01, 0x09, 0x01, 0x09, 0x01, 0x08,
    0x01, 0x08, 0x00, 0xE7, 0x00, 0xE7, 0x00, 0xC7, 0x00, 0xE7, 0x00, 0xE7, 0x00, 0x21, 0x00, 0x43,
    0x00, 0x43, 0x00, 0x43, 0x00, 0x23, 0x00, 0x23, 0x00, 0x22, 0x00, 0x64, 0x00, 0x43, 0x00, 0x23,
    0x00, 0x43, 0x00, 0x43, 0x00, 0x23, 0x00, 0x43, 0x00, 0x23, 0x00, 0x43, 0x00, 0x43, 0x00, 0x23,
    0x00, 0x23, 0x00, 0x43, 0x00, 0x43, 0x00, 0x43, 0x00, 0x43, 0x00, 0x43, 0x00, 0x43, 0x00, 0x43,
    0x00, 0x23, 0x98, 0x00, 0x80, 0x00, 0x88, 0x00, 0x00, 0x23, 0x00, 0x22, 0x00, 0x23, 0x00, 0x22,
    0x00, 0x22, 0x10, 0x22, 0x10, 0x22, 0x00, 0x23, 0x00, 0x23, 0x00, 0x43, 0x00, 0x23, 0x00, 0x23,
    0x00, 0x23, 0x00, 0x23, 0x00, 0x43, 0x00, 0x43, 0x00, 0x43, 0x00, 0x22, 0x00, 0x23, 0x00, 0x23,
    0x08, 0x02, 0x08, 0x02, 0x00, 0x22, 0x08, 0x02, 0x10, 0x02, 0x00, 0x22, 0x00, 0x22, 0x00, 0x22,
    0x00, 0x23, 0x00, 0x23, 0x00, 0x22, 0x00, 0x22, 0x00, 0x22, 0x00, 0x22, 0x00, 0x22, 0x00, 0x22,
    0x00, 0x22, 0x00, 0x22, 0x30, 0x01, 0x28, 0x01, 0x00, 0x22, 0x00, 0x22, 0x00, 0x23, 0x00, 0x44,
    0x00, 0x44, 0x00, 0x43, 0x00, 0x43, 0x00, 0x22, 0x00, 0x02, 0x00, 0x43, 0x00, 0x22, 0x00, 0x22,
    0x00, 0x02, 0x00, 0x22, 0x00, 0x22, 0x00, 0x22, 0x00, 0x22, 0x00, 0x23, 0x00, 0x02, 0x00, 0x22,
    0x00, 0x22, 0x00, 0x22, 0x00, 0x22, 0x00, 0x22, 0x00, 0x22, 0x00, 0x23, 0x00, 0x22, 0x00, 0x22,
    0x00, 0x22, 0x00, 0x22, 0x00, 0x22, 0x00, 0x22, 0x00, 0x22, 0x00, 0x22, 0x00, 0x22, 0x00, 0x23,
    0x00, 0x43, 0x00, 0x22, 0x00, 0x22, 0x00, 0x22, 0x00, 0x22, 0x00, 0x22, 0x00, 0x02, 0x00, 0x23,
    0x00, 0x23, 0x00, 0x23, 0x00, 0x23, 0x00, 0x22, 0x00, 0x22, 0x00, 0x22, 0x00, 0x01, 0x00, 0x01,
    0x00, 0x01, 0x00, 0x43, 0x00, 0x64, 0x00, 0xE7, 0x00, 0xE7, 0x01, 0x08, 0x01, 0x08, 0x01, 0x08,
    0x00, 0xC7, 0x00, 0xE7, 0x00, 0xE7, 0x00, 0xE8, 0x00, 0xE8, 0x00, 0x01, 0x00, 0x23, 0x00, 0x02,
    0x00, 0x23, 0x00, 0x43, 0x00, 0x43, 0x00, 0x43, 0x00, 0x22, 0x00, 0x22, 0x00, 0x22, 0x00, 0x22,
    0x00, 0x22, 0x00, 0x43, 0x00, 0x22, 0x00, 0x23, 0x00, 0x43, 0x00, 0x23, 0x00, 0x43, 0x00, 0x43,
    0x00, 0x43, 0x00, 0x43, 0x00, 0x43, 0x00, 0x43, 0x00, 0x43, 0x00, 0x23, 0x00, 0x43, 0x00, 0x43,
    0x98, 0x00, 0x88, 0x00, 0x88, 0x00, 0x38, 0x00, 0x38, 0x00, 0x38, 0x00, 0x38, 0x00, 0x38, 0x00,
    0x48, 0x00, 0x48, 0x00, 0x00, 0x43, 0x00, 0x23, 0x00, 0x43, 0x00, 0x43, 0x00, 0x43, 0x00, 0x23,
    0x00, 0x23, 0x00, 0x43, 0x00, 0x43, 0x00, 0x23, 0x00, 0x43, 0x00, 0x43, 0x00, 0x43, 0x00, 0x23,
    0x00, 0x23, 0x28, 0x01, 0x38, 0x00, 0x30, 0x00, 0x00, 0x22, 0x00, 0x23, 0x00, 0x43, 0x00, 0x43,
    0x00, 0x43, 0x00, 0x22, 0x00, 0x22, 0x00, 0x22, 0x00, 0x22, 0x00, 0x23, 0x00, 0x22, 0x00, 0x22,
    0x00, 0x22, 0x50, 0x00, 0x40, 0x00, 0x00, 0x22, 0x00, 0x22, 0x00, 0x43, 0x00, 0x85, 0x00, 0x85,
    0x00, 0x85, 0x00, 0x84, 0x00, 0x23, 0x00, 0x22, 0x00, 0x22, 0x00, 0x43, 0x00, 0x23, 0x00, 0x22,
    0x00, 0x22, 0x00, 0x22, 0x00, 0x22, 0x00, 0x22, 0x00, 0x43, 0x00, 0x22, 0x00, 0x22, 0x00, 0x22,
    0x00, 0x22, 0x00, 0x22, 0x00, 0x23, 0x00, 0x23, 0x00, 0x23, 0x00, 0x22, 0x00, 0x22, 0x00, 0x22,
    0x00, 0x22, 0x00, 0x22, 0x00, 0x23, 0x00, 0x02, 0x00, 0x22, 0x00, 0x22, 0x00, 0x43, 0x00, 0x23,
    0x00, 0x23, 0x00, 0x43, 0x00, 0x23, 0x00, 0x43, 0x00, 0x43, 0x00, 0x23, 0x00, 0x23, 0x00, 0x23,
    0x00, 0x23, 0x00, 0x23, 0x00, 0x22, 0x00, 0x22, 0x00, 0x23, 0x00, 0x01, 0x00, 0x01, 0x00, 0x22,
    0x00, 0xE8, 0x00, 0xE7, 0x00, 0xC7, 0x00, 0xC7, 0x00, 0xC7, 0x01, 0x08, 0x01, 0x08, 0x00, 0xC7,
    0x00, 0xC7, 0x00, 0xE7, 0x00, 0xE7, 0x00, 0xC7, 0x00, 0x01, 0x00, 0x22, 0x00, 0x01, 0x00, 0x01,
    0x00, 0x43, 0x00, 0x44, 0x00, 0x43, 0x00, 0x01, 0x00, 0x22, 0x00, 0x22, 0x50, 0x00, 0x48, 0x00,
    0xA0, 0x00, 0x00, 0x22, 0x00, 0x23, 0x00, 0x23, 0x00, 0x43, 0x00, 0x43, 0x00, 0x43, 0x00, 0x43,
    0x00, 0x23, 0x00, 0x43, 0x38, 0x00, 0x30, 0x00, 0x30, 0x01, 0x10, 0x01, 0x10, 0x02, 0xB8, 0x00,
    0xB0, 0x00, 0xB8, 0x00, 0xB0, 0x00, 0xA0, 0x00, 0xA0, 0x00, 0x30, 0x00, 0x28, 0x01, 0x40, 0x00,
    0x40, 0x00, 0x60, 0x00, 0x00, 0x44, 0x00, 0x43, 0x00, 0x43, 0x00, 0x43, 0x00, 0x43, 0x00, 0x43,
    0x00, 0x23, 0x00, 0x43, 0x00, 0x43, 0x00, 0x23, 0x00, 0x23, 0x00, 0x43, 0x00, 0x42, 0x00, 0x23,
    0x00, 0x22, 0xD8, 0x00, 0xA8, 0x00, 0x00, 0x23, 0x00, 0x23, 0x00, 0x22, 0x00, 0x22, 0x00, 0x22,
    0x00, 0x22, 0x00, 0x22, 0x00, 0x22, 0x00, 0x22, 0x00, 0x22, 0x00, 0x22, 0x00, 0x23, 0x00, 0x23,
    0x50, 0x00, 0x48, 0x00, 0x00, 0x22, 0x00, 0x22, 0x00, 0x23, 0x00, 0x23, 0x00, 0x22, 0x00, 0x43,
    0x00, 0x43, 0x00, 0x23, 0x00, 0x23, 0x00, 0x22, 0x00, 0x23, 0x00, 0x23, 0x00, 0x23, 0x00, 0x22,
    0x00, 0x22, 0x00, 0x22, 0x00, 0x22, 0x00, 0x22, 0x00, 0x43, 0x00, 0x43, 0x00, 0x22, 0x00, 0x22,
    0x00, 0x43, 0x00, 0x43, 0x00, 0x43, 0x00, 0x22, 0x00, 0x02, 0x00, 0x64, 0x00, 0x22, 0x00, 0x23,
    0x00, 0x22, 0x00, 0x22, 0x00, 0x43, 0x00, 0x43, 0x00, 0x44, 0x00, 0x23, 0x00, 0x43, 0x00, 0x23,
    0x00, 0x64, 0x00, 0x64, 0x00, 0x22, 0x00, 0x23, 0x00, 0x43, 0x00, 0x22, 0x00, 0x22, 0x00, 0x02,
    0x00, 0x23, 0x00, 0x22, 0x00, 0x01, 0x00, 0x01, 0x00, 0x01, 0x00, 0x01, 0x00, 0x85, 0x00, 0xE7,
    0x00, 0xC7, 0x01, 0xAD, 0x01, 0x6B, 0x01, 0x6B, 0x01, 0x08, 0x00, 0xE8, 0x00, 0xE7, 0x00, 0xC7,
    0x00, 0x43, 0x00, 0x64, 0x00, 0x43, 0x00, 0x22, 0x00, 0x22, 0x00, 0x01, 0x00, 0x00, 0x00, 0x43,
    0x00, 0x43, 0x00, 0x43, 0x00, 0x01, 0x00, 0x22, 0x00, 0x22, 0x48, 0x00, 0x40, 0x00, 0x80, 0x00,
    0x00, 0x23, 0x00, 0x23, 0x00, 0x23, 0x00, 0x43, 0x00, 0x43, 0x00, 0x43, 0x00, 0x43, 0x00, 0x23,
    0x00, 0x43, 0x30, 0x01, 0x28, 0x01, 0x28, 0x01, 0x18, 0x02, 0x18, 0x01, 0xA8, 0x00, 0xB0, 0x00,
    0xB0, 0x00, 0xA8, 0x00, 0xA8, 0x00, 0xA0, 0x00, 0x10, 0x00, 0x30, 0x01, 0x40, 0x00, 0x40, 0x00,
    0x50, 0x00, 0x00, 0x44, 0x00, 0x43, 0x00, 0x43, 0x00, 0x43, 0x00, 0x43, 0x00, 0x43, 0x00, 0x43,
    0x00, 0x43, 0x00, 0x43, 0x00, 0x23, 0x00, 0x23, 0x00, 0x23, 0x00, 0x23, 0x00, 0x23, 0x00, 0x22,
    0xD8, 0x00, 0x98, 0x00, 0x00, 0x22, 0x00, 0x23, 0x00, 0x23, 0x00, 0x22, 0x00, 0x23, 0x00, 0x23,
    0x00, 0x22, 0x00, 0x23, 0x00, 0x23, 0x00, 0x22, 0x00, 0x22, 0x00, 0x23, 0x00, 0x23, 0x50, 0x00,
    0x40, 0x00, 0x00, 0x02, 0x00, 0x22, 0x00, 0x22, 0x00, 0x23, 0x00, 0x23, 0x00, 0x43, 0x00, 0x43,
    0x00, 0x23, 0x00, 0x23, 0x00, 0x22, 0x00, 0x22, 0x00, 0x23, 0x00, 0x22, 0x00, 0x22, 0x00, 0x22,
    0x00, 0x22, 0x00, 0x22, 0x00, 0x22, 0x00, 0x43, 0x00, 0x43, 0x00, 0x22, 0x00, 0x23, 0x00, 0x23,
    0x00, 0x43, 0x00, 0x43, 0x00, 0x23, 0x00, 0x22, 0x00, 0x64, 0x00, 0x43, 0x00, 0x44, 0x00, 0x23,
    0x00, 0x23, 0x00, 0x43, 0x00, 0x43, 0x00, 0x43, 0x00, 0x43, 0x00, 0x43, 0x00, 0x23, 0x00, 0x64,
    0x00, 0x44, 0x00, 0x43, 0x00, 0x23, 0x00, 0x43, 0x00, 0x22, 0x00, 0x02, 0x00, 0x22, 0x00, 0x22,
    0x00, 0x22, 0x00, 0x01, 0x00, 0x01, 0x00, 0x01, 0x00, 0x02, 0x00, 0x84, 0x00, 0xE7, 0x00, 0xE7,
    0x01, 0x6B, 0x01, 0x6B, 0x01, 0x6B, 0x01, 0x08, 0x00, 0xE8, 0x00, 0xE8, 0x00, 0xE7, 0x00, 0x64,
    0x00, 0x64, 0x00, 0x44, 0x00, 0x22, 0x00, 0x22, 0x00, 0x01, 0x00, 0x01, 0x00, 0x43, 0x00, 0x43,
    0x00, 0x43, 0x00, 0x01, 0x00, 0x22, 0x00, 0x22, 0x00, 0x43, 0x00, 0x43, 0x00, 0x42, 0x00, 0x23,
    0x00, 0x23, 0x00, 0x43, 0x00, 0x43, 0x00, 0x43, 0x00, 0x63, 0x00, 0x44, 0x00, 0x63, 0x00, 0x64,
    0x00, 0x43, 0x30, 0x00, 0x20, 0x01, 0x28, 0x01, 0x28, 0x01, 0x40, 0x00, 0x48, 0x00, 0x48, 0x00,
    0xA0, 0x00, 0xA0, 0x00, 0xA8, 0x00, 0x00, 0x23, 0x00, 0x23, 0x00, 0x43, 0x00, 0x43, 0x00, 0x43,
    0x68, 0x00, 0x50, 0x00, 0x58, 0x00, 0x58, 0x00, 0x50, 0x00, 0x00, 0x65, 0x00, 0x43, 0x00, 0x43,
    0x00, 0x43, 0x00, 0x64, 0x00, 0x22, 0x00, 0x23, 0x00, 0x43, 0x00, 0x43, 0x00, 0x43, 0x00, 0x23,
    0x00, 0x43, 0x00, 0x23, 0x00, 0x43, 0x00, 0x23, 0x00, 0x23, 0x00, 0x43, 0x00, 0x22, 0x00, 0x23,
    0x00, 0x43, 0x00, 0x43, 0x00, 0x64, 0x00, 0x23, 0x00, 0x23, 0x00, 0x23, 0x00, 0x22, 0x00, 0x23,
    0x00, 0x22, 0x00, 0x22, 0x00, 0x23, 0x00, 0x43, 0x00, 0x23, 0x00, 0x23, 0x00, 0x23, 0x00, 0x23,
    0x00, 0x23, 0x00, 0x23, 0x00, 0x22, 0x00, 0x22, 0x00, 0x22, 0x00, 0x22, 0x00, 0x22, 0x00, 0x43,
    0x00, 0x43, 0x00, 0x23, 0x00, 0x23, 0x00, 0x23, 0x00, 0x43, 0x00, 0x23, 0x00, 0x22, 0x00, 0x64,
    0x00, 0x64, 0x00, 0x44, 0x00, 0x44, 0x00, 0x22, 0x00, 0x65, 0x00, 0x64, 0x00, 0x84, 0x00, 0x64,
    0x00, 0x64, 0x00, 0x43, 0x00, 0x43, 0x00, 0x43, 0x00, 0x22, 0x00, 0x23, 0x00, 0x22, 0x00, 0x23,
    0x00, 0x23, 0x00, 0x23, 0x00, 0x22, 0x00, 0x22, 0x00, 0x22, 0x00, 0x22, 0x00, 0x23, 0x00, 0x01,
    0x00, 0x01, 0x00, 0x01, 0x01, 0x4A, 0x01, 0x4A, 0x01, 0x4A, 0x02, 0x2F, 0x02, 0x0D, 0x01, 0x6B,
    0x01, 0x8B, 0x01, 0x6B, 0x01, 0x09, 0x00, 0xE8, 0x00, 0xC7, 0x00, 0xE7, 0x00, 0xC7, 0x00, 0xC6,
    0x00, 0x85, 0x00, 0x65, 0x00, 0x64, 0x00, 0x22, 0x00, 0x22, 0x00, 0x64, 0x00, 0x64, 0x00, 0x44,
    0x00, 0x01, 0x00, 0x22, 0x00, 0x22, 0x00, 0x23, 0x00, 0x23, 0x00, 0x23, 0x00, 0x23, 0x00, 0x23,
    0x00, 0x43, 0x00, 0x43, 0x00, 0x43, 0x00, 0x43, 0x00, 0x43, 0x00, 0x44, 0x00, 0x44, 0x00, 0x43,
    0x30, 0x00, 0x28, 0x01, 0x28, 0x01, 0x28, 0x01, 0x38, 0x01, 0x40, 0x00, 0x40, 0x00, 0xA0, 0x00,
    0xA0, 0x00, 0xA0, 0x00, 0x00, 0x23, 0x00, 0x42, 0x00, 0x43, 0x00, 0x43, 0x00, 0x43, 0x60, 0x00,
    0x48, 0x00, 0x50, 0x00, 0x50, 0x00, 0x48, 0x00, 0x00, 0x44, 0x00, 0x43, 0x00, 0x44, 0x00, 0x43,
    0x00, 0x64, 0x00, 0x22, 0x00, 0x43, 0x00, 0x43, 0x00, 0x43, 0x00, 0x43, 0x00, 0x23, 0x00, 0x43,
    0x00, 0x43, 0x00, 0x23, 0x00, 0x23, 0x00, 0x22, 0x00, 0x43, 0x00, 0x43, 0x00, 0x23, 0x00, 0x43,
    0x00, 0x43, 0x00, 0x64, 0x00, 0x22, 0x00, 0x23, 0x00, 0x23, 0x00, 0x23, 0x00, 0x23, 0x00, 0x23,
    0x00, 0x22, 0x00, 0x22, 0x00, 0x23, 0x00, 0x23, 0x00, 0x23, 0x00, 0x23, 0x00, 0x23, 0x00, 0x23,
    0x00, 0x23, 0x00, 0x43, 0x00, 0x23, 0x00, 0x23, 0x00, 0x22, 0x00, 0x22, 0x00, 0x43, 0x00, 0x43,
    0x00, 0x23, 0x00, 0x22, 0x00, 0x22, 0x00, 0x23, 0x00, 0x23, 0x00, 0x23, 0x00, 0x84, 0x00, 0x64,
    0x00, 0x44, 0x00, 0x44, 0x00, 0x22, 0x00, 0x84, 0x00, 0x64, 0x00, 0x64, 0x00, 0x64, 0x00, 0x64,
    0x00, 0x43, 0x00, 0x43, 0x00, 0x23, 0x00, 0x22, 0x00, 0x23, 0x00, 0x22, 0x00, 0x23, 0x00, 0x22,
    0x00, 0x22, 0x00, 0x22, 0x00, 0x22, 0x00, 0x22, 0x00, 0x23, 0x00, 0x22, 0x00, 0x01, 0x00, 0x01,
    0x00, 0x01, 0x01, 0x4A, 0x01, 0x4A, 0x01, 0x4A, 0x02, 0x2F, 0x02, 0x0E, 0x01, 0x6B, 0x01, 0x8B,
    0x01, 0x6B, 0x01, 0x08, 0x00, 0xE7, 0x00, 0xC7, 0x00, 0xE7, 0x00, 0xC7, 0x00, 0xC6, 0x00, 0x85,
    0x00, 0x84, 0x00, 0x84, 0x00, 0x22, 0x00, 0x22, 0x00, 0x84, 0x00, 0x44, 0x00, 0x44, 0x00, 0x01,
    0x18, 0x01, 0x10, 0x02, 0x00, 0x43, 0x00, 0x43, 0x00, 0x43, 0x00, 0x23, 0x00, 0x43, 0x00, 0x43,
    0x00, 0x43, 0x00, 0x64, 0x00, 0x63, 0x00, 0x44, 0x00, 0x43, 0x00, 0x43, 0x00, 0x43, 0x00, 0x43,
    0x00, 0x43, 0x00, 0x43, 0x00, 0x43, 0x30, 0x01, 0x38, 0x00, 0x40, 0x00, 0x40, 0x00, 0x48, 0x00,
    0x30, 0x01, 0x00, 0x43, 0x00, 0x43, 0x00, 0x23, 0x00, 0x23, 0x00, 0x43, 0x00, 0x43, 0x00, 0x23,
    0x40, 0x00, 0x40, 0x00, 0x40, 0x00, 0x00, 0x64, 0x00, 0x43, 0x00, 0x43, 0x00, 0x43, 0x00, 0x43,
    0x00, 0x43, 0x00, 0x43, 0x00, 0x43, 0x00, 0x44, 0x00, 0x43, 0x00, 0x23, 0x00, 0x23, 0x00, 0x43,
    0x00, 0x43, 0x00, 0x23, 0x00, 0x43, 0x00, 0x43, 0x00, 0x23, 0x00, 0x23, 0x00, 0x22, 0x00, 0x43,
    0x00, 0x23, 0x00, 0x43, 0x00, 0x43, 0x00, 0x22, 0x00, 0x43, 0x00, 0x43, 0x00, 0x23, 0x00, 0x22,
    0x00, 0x64, 0x00, 0x22, 0x00, 0x23, 0x00, 0x23, 0x00, 0x23, 0x00, 0x43, 0x00, 0x23, 0x00, 0x23,
    0x00, 0x43, 0x00, 0x22, 0x00, 0x22, 0x00, 0x22, 0x00, 0x22, 0x00, 0x43, 0x00, 0x43, 0x00, 0x43,
    0x00, 0x43, 0x00, 0x43, 0x00, 0x84, 0x00, 0x64, 0x00, 0x84, 0x00, 0x65, 0x00, 0x84, 0x00, 0x85,
    0x00, 0x84, 0x00, 0x85, 0x00, 0x43, 0x00, 0x43, 0x00, 0x85, 0x00, 0x64, 0x00, 0x43, 0x00, 0x43,
    0x00, 0x43, 0x00, 0x43, 0x00, 0x43, 0x00, 0x23, 0x00, 0x23, 0x00, 0x23, 0x00, 0x23, 0x00, 0x22,
    0x00, 0x22, 0x00, 0x23, 0x00, 0x23, 0x00, 0x01, 0x00, 0x01, 0x00, 0x01, 0x01, 0xAD, 0x01, 0x6A,
    0x01, 0x8B, 0x01, 0x8B, 0x01, 0x8B, 0x01, 0x8B, 0x01, 0x8B, 0x01, 0xEE, 0x01, 0xED, 0x01, 0x4A,
    0x00, 0xE8, 0x00, 0xE8, 0x01, 0x08, 0x00, 0xE7, 0x00, 0x64, 0x00, 0x44, 0x00, 0x85, 0x00, 0x64,
    0x00, 0x64, 0x00, 0x85, 0x00, 0x85, 0x00, 0x01, 0x00, 0x01, 0x00, 0x01, 0x00, 0x01, 0x10, 0x01,
    0x10, 0x01, 0x00, 0x43, 0x00, 0x43, 0x00, 0x43, 0x00, 0x23, 0x00, 0x23, 0x00, 0x43, 0x00, 0x43,
    0x00, 0x64, 0x00, 0x64, 0x00, 0x43, 0x00, 0x43, 0x00, 0x43, 0x00, 0x43, 0x00, 0x43, 0x00, 0x43,
    0x00, 0x43, 0x00, 0x43, 0x28, 0x01, 0x38, 0x00, 0x38, 0x00, 0x40, 0x00, 0x40, 0x00, 0x30, 0x01,
    0x00, 0x43, 0x00, 0x23, 0x00, 0x43, 0x00, 0x43, 0x00, 0x63, 0x00, 0x43, 0x00, 0x23, 0x40, 0x00,
    0x40, 0x00, 0x40, 0x00, 0x00, 0x44, 0x00, 0x43, 0x00, 0x43, 0x00, 0x43, 0x00, 0x43, 0x00, 0x43,
    0x00, 0x43, 0x00, 0x43, 0x00, 0x64, 0x00, 0x43, 0x00, 0x23, 0x00, 0x43, 0x00, 0x43, 0x00, 0x43,
    0x00, 0x43, 0x00, 0x23, 0x00, 0x43, 0x00, 0x23, 0x00, 0x23, 0x00, 0x22, 0x00, 0x23, 0x00, 0x43,
    0x00, 0x43, 0x00, 0x43, 0x00, 0x22, 0x00, 0x43, 0x00, 0x43, 0x00, 0x23, 0x00, 0x23, 0x00, 0x63,
    0x00, 0x22, 0x00, 0x43, 0x00, 0x43, 0x00, 0x23, 0x00, 0x43, 0x00, 0x23, 0x00, 0x23, 0x00, 0x23,
    0x00, 0x23, 0x00, 0x23, 0x00, 0x23, 0x00, 0x23, 0x00, 0x43, 0x00, 0x43, 0x00, 0x43, 0x00, 0x44,
    0x00, 0x43, 0x00, 0x64, 0x00, 0x64, 0x00, 0x64, 0x00, 0x64, 0x00, 0x85, 0x00, 0x64, 0x00, 0x64,
    0x00, 0x85, 0x00, 0x43, 0x00, 0x43, 0x00, 0x84, 0x00, 0x64, 0x00, 0x43, 0x00, 0x43, 0x00, 0x43,
    0x00, 0x43, 0x00, 0x23, 0x00, 0x43, 0x00, 0x23, 0x00, 0x23, 0x00, 0x22, 0x00, 0x22, 0x00, 0x22,
    0x00, 0x23, 0x00, 0x22, 0x00, 0x01, 0x00, 0x01, 0x00, 0x01, 0x01, 0xAC, 0x01, 0x6B, 0x01, 0x8B,
    0x01, 0x8B, 0x01, 0x6B, 0x01, 0x8B, 0x01, 0x8B, 0x01, 0xEE, 0x01, 0xEE, 0x01, 0x6A, 0x00, 0xE8,
    0x00, 0xE8, 0x00, 0xE7, 0x00, 0xE7, 0x00, 0x64, 0x00, 0x64, 0x00, 0x64, 0x00, 0x44, 0x00, 0x64,
    0x00, 0x65, 0x00, 0x65, 0x00, 0x02, 0x00, 0x01, 0x00, 0x01, 0x00, 0x01, 0x18, 0x01, 0x18, 0x02,
    0x00, 0x23, 0x00, 0x43, 0x00, 0x43, 0x00, 0x43, 0x00, 0x23, 0x00, 0x43, 0x00, 0x23, 0x00, 0x23,
    0x00, 0x43, 0x00, 0x43, 0x00, 0x64, 0x00, 0x64, 0x00, 0x64, 0x00, 0x23, 0x00, 0x43, 0x00, 0x84,
    0x00, 0x84, 0x00, 0x43, 0x48, 0x00, 0x40, 0x00, 0x48, 0x00, 0x48, 0x00, 0x40, 0x00, 0x38, 0x00,
    0x38, 0x00, 0x50, 0x00, 0x50, 0x00, 0x00, 0x43, 0x00, 0x43, 0x00, 0x43, 0x00, 0x23, 0x00, 0x23,
    0x30, 0x00, 0x50, 0x00, 0x48, 0x00, 0x48, 0x00, 0x48, 0x00, 0x48, 0x00, 0x00, 0x44, 0x00, 0x43,
    0x00, 0x43, 0x00, 0x43, 0x00, 0x43, 0x00, 0x43, 0x00, 0x43, 0x00, 0x22, 0x00, 0x22, 0x00, 0x23,
    0x00, 0x23, 0x00, 0x23, 0x00, 0x23, 0x00, 0x22, 0x30, 0x00, 0x00, 0x43, 0x00, 0x23, 0x00, 0x23,
    0x00, 0x23, 0x00, 0x43, 0x00, 0x22, 0x00, 0x22, 0x00, 0x23, 0x00, 0x23, 0x00, 0x43, 0x00, 0x43,
    0x00, 0x23, 0x00, 0x23, 0x00, 0x23, 0x00, 0x23, 0x00, 0x85, 0x00, 0x64, 0x00, 0x64, 0x00, 0x64,
    0x00, 0x23, 0x00, 0x23, 0x00, 0x23, 0x00, 0x23, 0x00, 0x22, 0x00, 0x43, 0x00, 0x44, 0x00, 0x44,
    0x00, 0x64, 0x00, 0x64, 0x00, 0x64, 0x00, 0x84, 0x00, 0x64, 0x00, 0x65, 0x00, 0x64, 0x00, 0x85,
    0x00, 0x43, 0x00, 0x43, 0x00, 0x23, 0x00, 0x23, 0x00, 0x23, 0x00, 0x44, 0x00, 0x44, 0x00, 0x43,
    0x00, 0x23, 0x00, 0x22, 0x00, 0x02, 0x00, 0x22, 0x00, 0x23, 0x00, 0x02, 0x00, 0x22, 0x00, 0x00,
    0x00, 0x01, 0x00, 0x01, 0x00, 0x01, 0x01, 0x29, 0x01, 0xAC, 0x01, 0x8B, 0x01, 0x8B, 0x01, 0x8B,
    0x02, 0x70, 0x01, 0x6A, 0x01, 0x6B, 0x01, 0x08, 0x01, 0x08, 0x01, 0x08, 0x00, 0xA5, 0x00, 0xA6,
    0x01, 0x08, 0x00, 0xE8, 0x00, 0xA6, 0x00, 0x86, 0x00, 0x01, 0x00, 0x85, 0x00, 0x64, 0x00, 0x44,
    0x00, 0x43, 0x00, 0x43, 0x00, 0x01, 0x00, 0x01, 0x00, 0x01, 0x20, 0x01, 0x18, 0x02, 0x00, 0x22,
    0x00, 0x22, 0x00, 0x43, 0x00, 0x23, 0x00, 0x23, 0x00, 0x22, 0x00, 0x23, 0x00, 0x43, 0x00, 0x43,
    0x00, 0x43, 0x00, 0x84, 0x00, 0x64, 0x00, 0x64, 0x00, 0x43, 0x00, 0x23, 0x00, 0x64, 0x00, 0x64,
    0x00, 0x63, 0x50, 0x00, 0x48, 0x00, 0x40, 0x00, 0x48, 0x00, 0x40, 0x00, 0x40, 0x00, 0x40, 0x00,
    0x50, 0x00, 0x50, 0x00, 0x00, 0x43, 0x00, 0x43, 0x00, 0x43, 0x00, 0x23, 0x00, 0x43, 0x30, 0x00,
    0x48, 0x00, 0x48, 0x00, 0x50, 0x00, 0x48, 0x00, 0x48, 0x00, 0x00, 0x23, 0x00, 0x22, 0x00, 0x23,
    0x00, 0x23, 0x00, 0x43, 0x00, 0x64, 0x00, 0x43, 0x00, 0x22, 0x00, 0x23, 0x00, 0x23, 0x00, 0x23,
    0x00, 0x23, 0x00, 0x23, 0x00, 0x23, 0x30, 0x01, 0x00, 0x03, 0x00, 0x23, 0x00, 0x22, 0x00, 0x22,
    0x00, 0x43, 0x00, 0x23, 0x00, 0x23, 0x00, 0x43, 0x00, 0x43, 0x00, 0x23, 0x00, 0x43, 0x00, 0x23,
    0x00, 0x43, 0x00, 0x23, 0x00, 0x23, 0x00, 0x64, 0x00, 0x64, 0x00, 0x64, 0x00, 0x64, 0x00, 0x23,
    0x00, 0x22, 0x00, 0x23, 0x00, 0x23, 0x00, 0x23, 0x00, 0x43, 0x00, 0x44, 0x00, 0x43, 0x00, 0x64,
    0x00, 0x84, 0x00, 0x64, 0x00, 0x85, 0x00, 0x65, 0x00, 0x85, 0x00, 0x64, 0x00, 0x85, 0x00, 0x43,
    0x00, 0x44, 0x00, 0x43, 0x00, 0x43, 0x00, 0x23, 0x00, 0x44, 0x00, 0x64, 0x00, 0x43, 0x00, 0x23,
    0x00, 0x23, 0x00, 0x22, 0x00, 0x22, 0x00, 0x23, 0x00, 0x22, 0x00, 0x22, 0x00, 0x01, 0x00, 0x01,
    0x00, 0x01, 0x00, 0x01, 0x01, 0x29, 0x01, 0xAC, 0x01, 0xAB, 0x01, 0x8B, 0x01, 0x8B, 0x02, 0x50,
    0x01, 0x4A, 0x01, 0x6B, 0x00, 0xE8, 0x01, 0x08, 0x01, 0x08, 0x00, 0xA5, 0x00, 0xA6, 0x01, 0x08,
    0x00, 0xE8, 0x00, 0xC7, 0x00, 0x85, 0x00, 0x01, 0x00, 0x86, 0x00, 0x64, 0x00, 0x44, 0x00, 0x44,
    0x00, 0x43, 0x00, 0x01, 0x00, 0x01, 0x00, 0x01, 0x30, 0x01, 0x20, 0x01, 0x20, 0x01, 0x28, 0x01,
    0x48, 0x00, 0x48, 0x00, 0x48, 0x00, 0x00, 0x22, 0x00, 0x22, 0x00, 0x43, 0x00, 0x43, 0x00, 0x43,
    0x00, 0x64, 0x00, 0x64, 0x00, 0x64, 0x00, 0x64, 0x00, 0x64, 0x00, 0x23, 0x00, 0x22, 0x00, 0x64,
    0x00, 0x43, 0x00, 0x23, 0x40, 0x00, 0x40, 0x00, 0x40, 0x00, 0x18, 0x02, 0x28, 0x01, 0x28, 0x01,
    0x28, 0x01, 0x50, 0x00, 0x00, 0x24, 0x00, 0x43, 0x00, 0x23, 0x00, 0x23, 0x00, 0x22, 0x00, 0x23,
    0x00, 0x23, 0x28, 0x01, 0x28, 0x01, 0x60, 0x00, 0x60, 0x00, 0x60, 0x00, 0x00, 0x23, 0x00, 0x23,
    0x00, 0x43, 0x00, 0x23, 0x00, 0x43, 0x00, 0x23, 0x00, 0x23, 0x00, 0x23, 0x00, 0x22, 0x00, 0x23,
    0x00, 0x43, 0x00, 0x43, 0x00, 0x22, 0x48, 0x00, 0x38, 0x00, 0x28, 0x01, 0x28, 0x01, 0x00, 0x22,
    0x00, 0x23, 0x00, 0x23, 0x00, 0x23, 0x00, 0x43, 0x00, 0x23, 0x00, 0x23, 0x00, 0x23, 0x00, 0x23,
    0x00, 0x23, 0x00, 0x23, 0x00, 0x43, 0x00, 0x23, 0x00, 0x23, 0x00, 0x23, 0x00, 0x85, 0x00, 0x85,
    0x00, 0x85, 0x00, 0x43, 0x00, 0x43, 0x00, 0x85, 0x00, 0x85, 0x00, 0x65, 0x00, 0x65, 0x00, 0x85,
    0x00, 0xC7, 0x00, 0xC6, 0x00, 0xC6, 0x00, 0x64, 0x00, 0x64, 0x00, 0x85, 0x00, 0x43, 0x00, 0x43,
    0x00, 0x43, 0x00, 0x43, 0x00, 0x23, 0x00, 0x23, 0x00, 0x23, 0x00, 0x43, 0x00, 0x22, 0x00, 0x23,
    0x00, 0x22, 0x00, 0x22, 0x00, 0x22, 0x00, 0x22, 0x00, 0x01, 0x00, 0x01, 0x00, 0x01, 0x01, 0x29,
    0x01, 0x49, 0x01, 0x29, 0x02, 0x92, 0x02, 0x50, 0x02, 0x50, 0x02, 0x50, 0x01, 0x8B, 0x01, 0x8C,
    0x01, 0x8C, 0x01, 0x08, 0x01, 0x08, 0x01, 0x29, 0x01, 0x09, 0x01, 0x08, 0x00, 0xE8, 0x00, 0xE8,
    0x00, 0xE8, 0x00, 0xA6, 0x00, 0x01, 0x00, 0x01, 0x00, 0x01, 0x00, 0x23, 0x00, 0x43, 0x00, 0x43,
    0x00, 0x00, 0x00, 0x01, 0x00, 0x01, 0x30, 0x00, 0x20, 0x01, 0x20, 0x01, 0x20, 0x01, 0x40, 0x00,
    0x48, 0x00, 0x48, 0x00, 0x00, 0x21, 0x00, 0x22, 0x00, 0x23, 0x00, 0x44, 0x00, 0x43, 0x00, 0x64,
    0x00, 0x64, 0x00, 0x64, 0x00, 0x64, 0x00, 0x64, 0x00, 0x23, 0x00, 0x22, 0x00, 0x64, 0x00, 0x43,
    0x00, 0x43, 0x68, 0x00, 0x70, 0x00, 0x60, 0x00, 0x28, 0x01, 0x28, 0x01, 0x40, 0x00, 0x40, 0x00,
    0x70, 0x00, 0x08, 0x02, 0x00, 0x02, 0x00, 0x43, 0x00, 0x43, 0x00, 0x22, 0x00, 0x23, 0x00, 0x22,
    0x28, 0x01, 0x28, 0x00, 0x88, 0x00, 0x68, 0x00, 0x60, 0x00, 0x00, 0x22, 0x00, 0x23, 0x00, 0x22,
    0x00, 0x23, 0x00, 0x23, 0x00, 0x22, 0x00, 0x22, 0x00, 0x22, 0x00, 0x23, 0x00, 0x23, 0x00, 0x64,
    0x00, 0x23, 0x00, 0x22, 0x48, 0x00, 0x38, 0x00, 0x30, 0x01, 0x30, 0x01, 0x00, 0x23, 0x00, 0x43,
    0x00, 0x22, 0x00, 0x23, 0x00, 0x22, 0x00, 0x22, 0x00, 0x22, 0x00, 0x23, 0x00, 0x23, 0x00, 0x43,
    0x00, 0x23, 0x00, 0x23, 0x00, 0x43, 0x00, 0x23, 0x00, 0x42, 0x00, 0x64, 0x00, 0x85, 0x00, 0x84,
    0x00, 0x43, 0x00, 0x43, 0x00, 0x85, 0x00, 0x64, 0x00, 0x65, 0x00, 0x85, 0x00, 0x84, 0x00, 0xE7,
    0x00, 0xC6, 0x00, 0xC6, 0x00, 0x64, 0x00, 0x84, 0x00, 0x65, 0x00, 0x43, 0x00, 0x43, 0x00, 0x23,
    0x00, 0x23, 0x00, 0x23, 0x00, 0x23, 0x00, 0x23, 0x00, 0x23, 0x00, 0x23, 0x00, 0x23, 0x00, 0x02,
    0x00, 0x22, 0x00, 0x23, 0x00, 0x23, 0x00, 0x01, 0x00, 0x00, 0x00, 0x00, 0x01, 0x29, 0x01, 0x29,
    0x01, 0x29, 0x02, 0xB2, 0x02, 0x70, 0x02, 0xD2, 0x02, 0xB2, 0x01, 0x8B, 0x01, 0xAC, 0x01, 0xCD,
    0x00, 0xE7, 0x01, 0x29, 0x01, 0x4A, 0x01, 0x29, 0x00, 0xE8, 0x00, 0xE8, 0x00, 0xE8, 0x00, 0xE7,
    0x00, 0x85, 0x00, 0x00, 0x00, 0x01, 0x00, 0x01, 0x00, 0x44, 0x00, 0x43, 0x00, 0x43, 0x00, 0x00,
    0x00, 0x01, 0x00, 0x01, 0x38, 0x00, 0x28, 0x01, 0x48, 0x00, 0x50, 0x00, 0x50, 0x00, 0x58, 0x00,
    0x60, 0x00, 0x70, 0x00, 0x70, 0x00, 0x48, 0x00, 0x00, 0x43, 0x00, 0x43, 0x00, 0x44, 0x00, 0x64,
    0x00, 0x44, 0x00, 0x43, 0x00, 0x23, 0x00, 0x43, 0x00, 0x44, 0x00, 0x64, 0x00, 0x43, 0x00, 0x43,
    0x00, 0x22, 0x00, 0x22, 0x00, 0x22, 0x00, 0x22, 0x00, 0x22, 0x00, 0x43, 0x00, 0x43, 0x00, 0x02,
    0x58, 0x00, 0x40, 0x00, 0x38, 0x00, 0x38, 0x00, 0x00, 0x22, 0x00, 0x22, 0x00, 0x43, 0x00, 0x23,
    0x00, 0x22, 0x00, 0x22, 0x68, 0x00, 0x48, 0x00, 0x90, 0x00, 0x98, 0x00, 0x00, 0x23, 0x00, 0x22,
    0x00, 0x22, 0x00, 0x22, 0x00, 0x23, 0x00, 0x22, 0x00, 0x23, 0x00, 0x43, 0x00, 0x22, 0x00, 0x43,
    0x00, 0x23, 0x48, 0x00, 0x38, 0x00, 0x38, 0x00, 0x38, 0x00, 0x40, 0x00, 0x00, 0x43, 0x00, 0x22,
    0x00, 0x22, 0x00, 0x23, 0x00, 0x64, 0x00, 0x02, 0x00, 0x23, 0x00, 0x23, 0x00, 0x43, 0x00, 0x43,
    0x00, 0x23, 0x00, 0x23, 0x00, 0x23, 0x00, 0x43, 0x00, 0x85, 0x00, 0x85, 0x00, 0x85, 0x00, 0x84,
    0x00, 0x85, 0x00, 0x84, 0x00, 0xA6, 0x00, 0xA6, 0x00, 0x85, 0x00, 0x85, 0x00, 0x85, 0x00, 0xA6,
    0x00, 0xC6, 0x00, 0x64, 0x00, 0x64, 0x00, 0x64, 0x00, 0x43, 0x00, 0x43, 0x00, 0x85, 0x00, 0x85,
    0x00, 0x23, 0x00, 0x23, 0x00, 0x23, 0x00, 0x23, 0x00, 0x23, 0x00, 0x23, 0x00, 0x02, 0x00, 0x22,
    0x00, 0x01, 0x00, 0x01, 0x00, 0x01, 0x01, 0xCD, 0x01, 0x4A, 0x01, 0x6A, 0x01, 0x6B, 0x02, 0x2F,
    0x02, 0xB2, 0x02, 0xD2, 0x01, 0x8B, 0x01, 0x8B, 0x01, 0xCD, 0x00, 0xA6, 0x00, 0xC7, 0x00, 0xE8,
    0x00, 0xE7, 0x00, 0x65, 0x00, 0x64, 0x00, 0x64, 0x00, 0xA6, 0x00, 0xA5, 0x01, 0x08, 0x00, 0xE8,
    0x00, 0xC7, 0x00, 0x00, 0x00, 0x01, 0x00, 0x01, 0x00, 0x00, 0x00, 0x43, 0x00, 0x00, 0x00, 0x01,
    0x00, 0x01, 0x40, 0x00, 0x30, 0x00, 0x50, 0x00, 0x50, 0x00, 0x48, 0x00, 0x58, 0x00, 0x58, 0x00,
    0x78, 0x00, 0x78, 0x00, 0x48, 0x00, 0x00, 0x85, 0x00, 0x44, 0x00, 0x43, 0x00, 0x63, 0x00, 0x63,
    0x00, 0x23, 0x00, 0x43, 0x00, 0x44, 0x00, 0x44, 0x00, 0x64, 0x00, 0x43, 0x00, 0x43, 0x00, 0x23,
    0x00, 0x43, 0x00, 0x22, 0x00, 0x22, 0x00, 0x02, 0x00, 0x43, 0x00, 0x43, 0x00, 0x22, 0x50, 0x00,
    0x40, 0x00, 0x38, 0x00, 0x38, 0x00, 0x00, 0x23, 0x00, 0x23, 0x00, 0x43, 0x00, 0x22, 0x00, 0x22,
    0x00, 0x22, 0x70, 0x00, 0x50, 0x00, 0x90, 0x00, 0x90, 0x00, 0x00, 0x23, 0x00, 0x02, 0x00, 0x22,
    0x00, 0x43, 0x00, 0x23, 0x00, 0x23, 0x00, 0x43, 0x00, 0x43, 0x00, 0x22, 0x00, 0x23, 0x00, 0x22,
    0x48, 0x00, 0x38, 0x00, 0x40, 0x00, 0x40, 0x00, 0x38, 0x00, 0x00, 0x24, 0x00, 0x23, 0x00, 0x23,
    0x00, 0x23, 0x00, 0x64, 0x00, 0x22, 0x00, 0x23, 0x00, 0x23, 0x00, 0x43, 0x00, 0x43, 0x00, 0x23,
    0x00, 0x22, 0x00, 0x22, 0x00, 0x02, 0x00, 0x85, 0x00, 0x85, 0x00, 0x85, 0x00, 0x85, 0x00, 0x84,
    0x00, 0x64, 0x00, 0xA6, 0x00, 0xA6, 0x00, 0x65, 0x00, 0x85, 0x00, 0x85, 0x00, 0xC6, 0x00, 0xA6,
    0x00, 0x64, 0x00, 0x64, 0x00, 0x64, 0x00, 0x64, 0x00, 0x44, 0x00, 0x85, 0x00, 0x64, 0x00, 0x23,
    0x00, 0x43, 0x00, 0x23, 0x00, 0x23, 0x00, 0x23, 0x00, 0x23, 0x00, 0x23, 0x00, 0x23, 0x00, 0x01,
    0x00, 0x01, 0x00, 0x01, 0x01, 0xAD, 0x01, 0x29, 0x01, 0x29, 0x01, 0x6B, 0x02, 0x0F, 0x02, 0xD3,
    0x02, 0xF3, 0x01, 0x6B, 0x01, 0x8C, 0x01, 0xCD, 0x00, 0x85, 0x00, 0xC7, 0x00, 0xE7, 0x00, 0xC7,
    0x00, 0x64, 0x00, 0x64, 0x00, 0x65, 0x00, 0xC6, 0x00, 0xA6, 0x01, 0x29, 0x01, 0x09, 0x00, 0xE8,
    0x00, 0x00, 0x00, 0x01, 0x00, 0x01, 0x00, 0x01, 0x00, 0x64, 0x00, 0x00, 0x00, 0x01, 0x00, 0x01,
    0x00, 0x43, 0x00, 0x43, 0x20, 0x01, 0x20, 0x01, 0x18, 0x02, 0x78, 0x00, 0x60, 0x00, 0x98, 0x00,
    0x98, 0x00, 0x88, 0x00, 0x70, 0x00, 0x78, 0x00, 0x88, 0x00, 0x80, 0x00, 0x00, 0x44, 0x00, 0x43,
    0x00, 0x43, 0x00, 0x43, 0x00, 0x23, 0x00, 0x23, 0x00, 0x64, 0x00, 0x43, 0x00, 0x43, 0x00, 0x43,
    0x20, 0x01, 0x00, 0x43, 0x00, 0x43, 0x00, 0x43, 0x00, 0x23, 0x00, 0x22, 0x40, 0x00, 0x30, 0x00,
    0xA0, 0x00, 0xA8, 0x00, 0x20, 0x01, 0x48, 0x00, 0x38, 0x00, 0x00, 0x22, 0x00, 0x22, 0x00, 0x23,
    0x00, 0x43, 0x00, 0x02, 0x98, 0x00, 0xA0, 0x00, 0xA0, 0x00, 0x18, 0x00, 0x30, 0x01, 0x38, 0x00,
    0x38, 0x00, 0x38, 0x00, 0x00, 0x23, 0x00, 0x43, 0x00, 0x43, 0x00, 0x23, 0x00, 0x22, 0x00, 0x23,
    0x00, 0x23, 0x00, 0x23, 0x00, 0x43, 0x38, 0x00, 0x00, 0x43, 0x00, 0x23, 0x00, 0x43, 0x00, 0x23,
    0x00, 0x23, 0x00, 0x43, 0x00, 0x43, 0x00, 0x64, 0x00, 0x64, 0x00, 0x43, 0x00, 0xA6, 0x00, 0xA5,
    0x00, 0x64, 0x00, 0x65, 0x00, 0x85, 0x00, 0x85, 0x00, 0x85, 0x00, 0x85, 0x00, 0x85, 0x00, 0x64,
    0x00, 0x84, 0x00, 0x64, 0x00, 0x65, 0x00, 0x85, 0x00, 0x64, 0x00, 0x44, 0x00, 0x64, 0x00, 0x44,
    0x00, 0x43, 0x00, 0x44, 0x00, 0x64, 0x00, 0x44, 0x00, 0x23, 0x00, 0x23, 0x00, 0x23, 0x00, 0x23,
    0x00, 0x22, 0x00, 0x23, 0x00, 0x22, 0x00, 0x23, 0x00, 0x01, 0x00, 0x01, 0x00, 0x01, 0x00, 0x01,
    0x00, 0xE7, 0x01, 0xCD, 0x01, 0x8B, 0x02, 0x70, 0x02, 0x91, 0x02, 0x91, 0x01, 0x6A, 0x01, 0x8C,
    0x01, 0x8C, 0x01, 0xAC, 0x01, 0xAC, 0x00, 0x85, 0x00, 0xC7, 0x01, 0x08, 0x00, 0xE8, 0x01, 0x08,
    0x00, 0x85, 0x00, 0x64, 0x00, 0x43, 0x00, 0x43, 0x00, 0x64, 0x00, 0x64, 0x00, 0x64, 0x00, 0x01,
    0x00, 0x02, 0x00, 0x01, 0x00, 0x01, 0x00, 0x01, 0x00, 0x01, 0x00, 0x01, 0x00, 0x01, 0x00, 0x43,
    0x00, 0x43, 0x00, 0x44, 0x00, 0x44, 0x00, 0x43, 0x68, 0x00, 0x78, 0x00, 0xA0, 0x00, 0xA0, 0x00,
    0xA0, 0x00, 0x90, 0x00, 0xA0, 0x00, 0x90, 0x00, 0x80, 0x00, 0x00, 0x43, 0x00, 0x64, 0x00, 0x43,
    0x00, 0x23, 0x00, 0x23, 0x00, 0x23, 0x00, 0x64, 0x00, 0x64, 0x00, 0x63, 0x00, 0x43, 0x00, 0x23,
    0x00, 0x43, 0x00, 0x43, 0x00, 0x43, 0x00, 0x22, 0x00, 0x22, 0x10, 0x01, 0x18, 0x01, 0x40, 0x01,
    0x30, 0x01, 0x78, 0x00, 0x28, 0x00, 0x40, 0x00, 0x40, 0x00, 0x30, 0x00, 0x00, 0x43, 0x00, 0x43,
    0x00, 0x23, 0x08, 0x02, 0x10, 0x02, 0x00, 0x02, 0x20, 0x01, 0x28, 0x01, 0x28, 0x01, 0x28, 0x01,
    0x00, 0x23, 0x00, 0x23, 0x00, 0x23, 0x00, 0x43, 0x00, 0x43, 0x00, 0x23, 0x00, 0x22, 0x00, 0x42,
    0x00, 0x43, 0x00, 0x43, 0x40, 0x00, 0x00, 0x23, 0x00, 0x43, 0x00, 0x43, 0x00, 0x23, 0x00, 0x43,
    0x00, 0x43, 0x00, 0x64, 0x00, 0x43, 0x00, 0x22, 0x00, 0x43, 0x01, 0x08, 0x00, 0xE7, 0x00, 0xE8,
    0x00, 0xE8, 0x00, 0x44, 0x00, 0x85, 0x00, 0x85, 0x00, 0x85, 0x00, 0x85, 0x00, 0x64, 0x00, 0x65,
    0x00, 0x64, 0x00, 0x64, 0x00, 0x64, 0x00, 0x22, 0x00, 0x23, 0x00, 0x43, 0x00, 0x44, 0x00, 0x43,
    0x00, 0x44, 0x00, 0x43, 0x00, 0x43, 0x00, 0x23, 0x00, 0x23, 0x00, 0x43, 0x00, 0x23, 0x00, 0x22,
    0x00, 0x22, 0x00, 0x22, 0x00, 0x02, 0x00, 0x01, 0x00, 0x01, 0x00, 0x01, 0x00, 0x01, 0x01, 0x08,
    0x02, 0x0F, 0x01, 0xCC, 0x02, 0x50, 0x02, 0x70, 0x02, 0x50, 0x01, 0x6A, 0x01, 0xAC, 0x01, 0x8B,
    0x01, 0x8B, 0x00, 0xA6, 0x01, 0x2A, 0x01, 0x49, 0x01, 0x29, 0x01, 0x29, 0x00, 0x85, 0x00, 0xC7,
    0x00, 0xE8, 0x01, 0x4A, 0x01, 0x29, 0x00, 0x85, 0x00, 0x85, 0x00, 0x65, 0x00, 0x23, 0x00, 0x43,
    0x00, 0x01, 0x00, 0x01, 0x00, 0x01, 0x00, 0x01, 0x00, 0x01, 0x00, 0x01, 0x00, 0x43, 0x00, 0x43,
    0x00, 0x43, 0x00, 0x43, 0x00, 0x43, 0x90, 0x00, 0x80, 0x00, 0x98, 0x00, 0x98, 0x00, 0xA0, 0x00,
    0xA0, 0x00, 0x98, 0x00, 0x88, 0x00, 0x88, 0x00, 0x00, 0x43, 0x00, 0x43, 0x00, 0x43, 0x00, 0x43,
    0x00, 0x43, 0x00, 0x23, 0x00, 0x64, 0x00, 0x44, 0x00, 0x43, 0x00, 0x23, 0x00, 0x43, 0x00, 0x43,
    0x00, 0x43, 0x00, 0x23, 0x00, 0x42, 0x00, 0x23, 0x10, 0x02, 0x08, 0x02, 0x18, 0x01, 0x18, 0x01,
    0x88, 0x00, 0x28, 0x00, 0x40, 0x00, 0x38, 0x00, 0x30, 0x01, 0x00, 0x43, 0x00, 0x43, 0x00, 0x23,
    0x00, 0x23, 0x00, 0x23, 0x00, 0x23, 0x20, 0x01, 0x20, 0x01, 0x20, 0x01, 0x20, 0x01, 0x00, 0x22,
    0x00, 0x22, 0x00, 0x22, 0x00, 0x43, 0x00, 0x23, 0x00, 0x23, 0x00, 0x23, 0x00, 0x23, 0x00, 0x43,
    0x00, 0x43, 0x00, 0x22, 0x00, 0x43, 0x00, 0x43, 0x00, 0x43, 0x00, 0x43, 0x00, 0x23, 0x00, 0x43,
    0x00, 0x43, 0x00, 0x43, 0x00, 0x23, 0x00, 0x43, 0x00, 0xE8, 0x00, 0xC6, 0x00, 0xE7, 0x00, 0xE7,
    0x00, 0x64, 0x00, 0x85, 0x00, 0x85, 0x00, 0x85, 0x00, 0x85, 0x00, 0x64, 0x00, 0x64, 0x00, 0x64,
    0x00, 0x64, 0x00, 0x44, 0x00, 0x22, 0x00, 0x23, 0x00, 0x43, 0x00, 0x43, 0x00, 0x43, 0x00, 0x43,
    0x00, 0x02, 0x00, 0x22, 0x00, 0x23, 0x00, 0x22, 0x00, 0x43, 0x00, 0x22, 0x00, 0x23, 0x00, 0x22,
    0x00, 0x23, 0x00, 0x22, 0x00, 0x01, 0x00, 0x01, 0x00, 0x01, 0x00, 0x01, 0x01, 0x08, 0x01, 0xEE,
    0x01, 0xAC, 0x02, 0x70, 0x02, 0x70, 0x02, 0x50, 0x01, 0x8B, 0x01, 0xCC, 0x01, 0x8B, 0x01, 0x6B,
    0x00, 0xE7, 0x01, 0x6B, 0x01, 0x6B, 0x01, 0x4A, 0x01, 0x29, 0x00, 0xA6, 0x00, 0xE7, 0x00, 0xE8,
    0x01, 0x29, 0x01, 0x08, 0x00, 0x85, 0x00, 0x64, 0x00, 0x64, 0x00, 0x02, 0x00, 0x23, 0x00, 0x01,
    0x00, 0x01, 0x00, 0x01, 0x00, 0x01, 0x00, 0x01, 0x00, 0x01, 0x00, 0x43, 0x00, 0x43, 0x00, 0x43,
    0x00, 0x63, 0x00, 0x43, 0x00, 0x43, 0x00, 0x23, 0x00, 0x22, 0x00, 0x01, 0x20, 0x00, 0x18, 0x01,
    0x18, 0x01, 0x10, 0x01, 0x10, 0x01, 0x98, 0x00, 0x00, 0x43, 0x00, 0x43, 0x00, 0x43, 0x00, 0x43,
    0x00, 0x43, 0x00, 0x64, 0x00, 0x43, 0x00, 0x23, 0x00, 0x23, 0x00, 0x43, 0x00, 0x22, 0x00, 0x22,
    0x00, 0x23, 0x00, 0x23, 0x00, 0x22, 0x00, 0x22, 0x00, 0x22, 0x00, 0x22, 0x00, 0x02, 0x90, 0x00,
    0xA8, 0x00, 0xC8, 0x00, 0x40, 0x00, 0x40, 0x00, 0x28, 0x01, 0x00, 0x43, 0x00, 0x22, 0x00, 0x22,
    0x00, 0x23, 0x00, 0x23, 0x30, 0x01, 0x38, 0x01, 0x28, 0x01, 0x28, 0x01, 0x00, 0x42, 0x00, 0x22,
    0x00, 0x22, 0x00, 0x22, 0x00, 0x22, 0x00, 0x22, 0x00, 0x23, 0x00, 0x23, 0x00, 0x43, 0x00, 0x43,
    0x00, 0x23, 0x00, 0x43, 0x00, 0x23, 0x00, 0x43, 0x00, 0x43, 0x00, 0x43, 0x00, 0x65, 0x00, 0x85,
    0x00, 0x43, 0x00, 0x43, 0x00, 0x65, 0x00, 0xE7, 0x00, 0xC6, 0x00, 0x85, 0x00, 0x85, 0x00, 0x64,
    0x00, 0x44, 0x00, 0x44, 0x00, 0x64, 0x00, 0x64, 0x00, 0x64, 0x00, 0x43, 0x00, 0x23, 0x00, 0x64,
    0x00, 0x44, 0x00, 0x22, 0x00, 0x43, 0x00, 0x43, 0x00, 0x22, 0x00, 0x22, 0x00, 0x43, 0x00, 0x02,
    0x00, 0x23, 0x00, 0x22, 0x00, 0x22, 0x00, 0x22, 0x00, 0x02, 0x00, 0x22, 0x00, 0x22, 0x00, 0x22,
    0x00, 0x01, 0x00, 0x01, 0x00, 0x01, 0x00, 0xC7, 0x00, 0xE7, 0x01, 0x4A, 0x03, 0x54, 0x02, 0xB2,
    0x01, 0x4A, 0x01, 0x4A, 0x01, 0x8B, 0x01, 0x6B, 0x01, 0x6B, 0x01, 0x6B, 0x01, 0x8B, 0x01, 0xAD,
    0x01, 0x8B, 0x01, 0x6B, 0x00, 0x85, 0x00, 0x85, 0x00, 0x22, 0x00, 0x43, 0x00, 0x43, 0x01, 0x29,
    0x00, 0xE8, 0x00, 0x22, 0x00, 0x02, 0x00, 0x22, 0x00, 0x64, 0x00, 0x64, 0x00, 0x64, 0x00, 0x23,
    0x00, 0x01, 0x00, 0x01, 0x00, 0x01, 0x00, 0x01, 0x00, 0x43, 0x00, 0x43, 0x00, 0x43, 0x00, 0x43,
    0x00, 0x64, 0x00, 0x23, 0x00, 0x23, 0x00, 0x02, 0x18, 0x01, 0x40, 0x00, 0x28, 0x01, 0x30, 0x01,
    0x28, 0x01, 0x28, 0x01, 0x80, 0x00, 0x00, 0x64, 0x00, 0x43, 0x00, 0x43, 0x00, 0x43, 0x00, 0x43,
    0x00, 0x64, 0x00, 0x64, 0x00, 0x22, 0x00, 0x22, 0x00, 0x43, 0x00, 0x23, 0x00, 0x22, 0x00, 0x22,
    0x00, 0x22, 0x00, 0x22, 0x00, 0x22, 0x00, 0x22, 0x00, 0x22, 0x00, 0x22, 0x90, 0x00, 0x98, 0x00,
    0x98, 0x00, 0x38, 0x00, 0x38, 0x00, 0x20, 0x01, 0x00, 0x43, 0x00, 0x43, 0x00, 0x42, 0x00, 0x22,
    0x00, 0x23, 0x48, 0x00, 0x30, 0x01, 0x28, 0x01, 0x28, 0x01, 0x00, 0x22, 0x00, 0x22, 0x00, 0x22,
    0x00, 0x22, 0x00, 0x22, 0x00, 0x23, 0x00, 0x23, 0x00, 0x22, 0x00, 0x43, 0x00, 0x43, 0x00, 0x43,
    0x00, 0x23, 0x00, 0x23, 0x00, 0x43, 0x00, 0x43, 0x00, 0x43, 0x00, 0x64, 0x00, 0x64, 0x00, 0x43,
    0x00, 0x43, 0x00, 0x85, 0x00, 0xE8, 0x00, 0xC7, 0x00, 0xA5, 0x00, 0x85, 0x00, 0x64, 0x00, 0x64,
    0x00, 0x64, 0x00, 0x65, 0x00, 0x64, 0x00, 0x64, 0x00, 0x23, 0x00, 0x43, 0x00, 0x44, 0x00, 0x43,
    0x00, 0x22, 0x00, 0x43, 0x00, 0x63, 0x00, 0x22, 0x00, 0x23, 0x00, 0x43, 0x00, 0x23, 0x00, 0x23,
    0x00, 0x23, 0x00, 0x22, 0x00, 0x23, 0x00, 0x22, 0x00, 0x22, 0x00, 0x22, 0x00, 0x22, 0x00, 0x01,
    0x00, 0x01, 0x00, 0x01, 0x00, 0xC6, 0x00, 0xC7, 0x01, 0x29, 0x02, 0xF4, 0x02, 0x91, 0x01, 0x8B,
    0x01, 0x6A, 0x01, 0x6B, 0x01, 0x6B, 0x01, 0x6B, 0x01, 0x6B, 0x01, 0x6B, 0x01, 0x8B, 0x01, 0x6B,
    0x01, 0x6B, 0x00, 0xA6, 0x00, 0xA6, 0x00, 0x23, 0x00, 0x64, 0x00, 0x64, 0x01, 0x29, 0x00, 0xE7,
    0x00, 0x22, 0x00, 0x22, 0x00, 0x22, 0x00, 0x44, 0x00, 0x64, 0x00, 0x43, 0x00, 0x43, 0x00, 0x01,
    0x00, 0x01, 0x00, 0x01, 0x00, 0x01, 0x00, 0x64, 0x00, 0x44, 0x00, 0x43, 0x00, 0x43, 0x00, 0x44,
    0x00, 0x23, 0x00, 0x43, 0x00, 0x43, 0x00, 0x43, 0x00, 0x43, 0x30, 0x00, 0x28, 0x01, 0x30, 0x00,
    0x30, 0x01, 0x38, 0x00, 0x38, 0x00, 0x38, 0x00, 0x38, 0x00, 0x38, 0x00, 0x28, 0x01, 0x00, 0x42,
    0x00, 0x22, 0x00, 0x22, 0x00, 0x22, 0x00, 0x22, 0x28, 0x01, 0x20, 0x01, 0x28, 0x01, 0x28, 0x01,
    0x00, 0x42, 0x00, 0x22, 0x00, 0x22, 0x00, 0x22, 0x00, 0x22, 0x20, 0x01, 0xC8, 0x00, 0xA0, 0x00,
    0x90, 0x00, 0x90, 0x00, 0x28, 0x01, 0x20, 0x01, 0x18, 0x01, 0x00, 0x22, 0x00, 0x22, 0x00, 0x22,
    0x00, 0x22, 0x00, 0x22, 0x30, 0x00, 0x30, 0x01, 0x28, 0x01, 0x20, 0x01, 0x28, 0x01, 0x00, 0x22,
    0x00, 0x22, 0x00, 0x23, 0x00, 0x23, 0x00, 0x23, 0x00, 0x43, 0x00, 0x43, 0x00, 0x43, 0x00, 0x43,
    0x00, 0x43, 0x00, 0x43, 0x00, 0x43, 0x00, 0x43, 0x00, 0xA6, 0x00, 0x85, 0x00, 0x64, 0x00, 0x43,
    0x00, 0x85, 0x00, 0x85, 0x00, 0x85, 0x00, 0x85, 0x00, 0x85, 0x00, 0x85, 0x00, 0x64, 0x00, 0x64,
    0x00, 0x43, 0x00, 0x43, 0x00, 0x43, 0x00, 0x43, 0x00, 0x43, 0x00, 0x44, 0x00, 0x44, 0x00, 0x23,
    0x00, 0x22, 0x00, 0x22, 0x00, 0x23, 0x00, 0x22, 0x00, 0x43, 0x00, 0x43, 0x00, 0x43, 0x00, 0x23,
    0x00, 0x22, 0x00, 0x23, 0x00, 0x22, 0x00, 0x22, 0x00, 0x02, 0x00, 0x22, 0x00, 0x01, 0x00, 0x01,
    0x00, 0x01, 0x00, 0xE7, 0x00, 0xE7, 0x02, 0x70, 0x02, 0x4F, 0x02, 0x50, 0x02, 0x70, 0x02, 0x70,
    0x01, 0x8B, 0x01, 0x8B, 0x01, 0x8B, 0x01, 0x6B, 0x01, 0x4A, 0x00, 0xE7, 0x00, 0xE8, 0x01, 0x08,
    0x00, 0xA6, 0x00, 0xA6, 0x00, 0x23, 0x00, 0x01, 0x00, 0x01, 0x00, 0x44, 0x00, 0x43, 0x00, 0x64,
    0x00, 0x85, 0x00, 0xA6, 0x00, 0x01, 0x00, 0x22, 0x00, 0x43, 0x00, 0x43, 0x00, 0x01, 0x00, 0x01,
    0x00, 0x01, 0x00, 0x01, 0x00, 0x44, 0x00, 0x43, 0x00, 0x43, 0x00, 0x43, 0x00, 0x64, 0x00, 0x22,
    0x00, 0x43, 0x00, 0x43, 0x00, 0x43, 0x00, 0x43, 0x30, 0x01, 0x28, 0x01, 0x30, 0x00, 0x30, 0x00,
    0x30, 0x00, 0x38, 0x00, 0x38, 0x00, 0x38, 0x00, 0x38, 0x00, 0x28, 0x01, 0x00, 0x22, 0x00, 0x22,
    0x00, 0x22, 0x00, 0x22, 0x00, 0x22, 0x28, 0x01, 0x28, 0x01, 0x28, 0x01, 0x28, 0x01, 0x00, 0x22,
    0x00, 0x22, 0x00, 0x22, 0x00, 0x22, 0x00, 0x22, 0x20, 0x01, 0xD0, 0x20, 0xA8, 0x00, 0xA0, 0x00,
    0x98, 0x00, 0x28, 0x01, 0x20, 0x01, 0x20, 0x01, 0x00, 0x22, 0x00, 0x22, 0x00, 0x23, 0x00, 0x22,
    0x00, 0x22, 0x30, 0x00, 0x30, 0x00, 0x28, 0x01, 0x28, 0x01, 0x28, 0x01, 0x00, 0x02, 0x00, 0x22,
    0x00, 0x22, 0x00, 0x23, 0x00, 0x22, 0x00, 0x64, 0x00, 0x43, 0x00, 0x43, 0x00, 0x43, 0x00, 0x43,
    0x00, 0x43, 0x00, 0x43, 0x00, 0x23, 0x00, 0xA6, 0x00, 0x85, 0x00, 0x63, 0x00, 0x64, 0x00, 0x65,
    0x00, 0x85, 0x00, 0x64, 0x00, 0x85, 0x00, 0x85, 0x00, 0x65, 0x00, 0x44, 0x00, 0x64, 0x00, 0x23,
    0x00, 0x43, 0x00, 0x44, 0x00, 0x43, 0x00, 0x64, 0x00, 0x64, 0x00, 0x64, 0x00, 0x23, 0x00, 0x23,
    0x00, 0x23, 0x00, 0x22, 0x00, 0x22, 0x00, 0x43, 0x00, 0x43, 0x00, 0x43, 0x00, 0x22, 0x00, 0x22,
    0x00, 0x23, 0x00, 0x22, 0x00, 0x22, 0x00, 0x22, 0x00, 0x22, 0x00, 0x01, 0x00, 0x01, 0x00, 0x01,
    0x00, 0xE7, 0x00, 0xE7, 0x02, 0x71, 0x02, 0x50, 0x02, 0x70, 0x02, 0x70, 0x02, 0x70, 0x01, 0x8B,
    0x01, 0x8B, 0x01, 0x8B, 0x01, 0x6B, 0x01, 0x6A, 0x00, 0xE7, 0x00, 0xE8, 0x00, 0xE8, 0x00, 0xA6,
    0x00, 0xA6, 0x00, 0x43, 0x00, 0x01, 0x00, 0x01, 0x00, 0x43, 0x00, 0x23, 0x00, 0x65, 0x00, 0xA5,
    0x00, 0x85, 0x00, 0x02, 0x00, 0x22, 0x00, 0x23, 0x00, 0x23, 0x00, 0x01, 0x00, 0x01, 0x00, 0x01,
    0x00, 0x01, 0x30, 0x01, 0x28, 0x01, 0x00, 0x43, 0x00, 0x43, 0x00, 0x44, 0x00, 0x64, 0x00, 0x64,
    0x00, 0x23, 0x00, 0x22, 0x00, 0x23, 0x00, 0x23, 0x00, 0x22, 0x00, 0x22, 0x00, 0x43, 0x38, 0x01,
    0x30, 0x00, 0x30, 0x01, 0x30, 0x01, 0x30, 0x01, 0x48, 0x00, 0x40, 0x00, 0x40, 0x00, 0x18, 0x01,
    0x18, 0x01, 0x18, 0x01, 0x28, 0x01, 0x30, 0x01, 0x30, 0x01, 0x30, 0x01, 0x28, 0x01, 0x28, 0x00,
    0x30, 0x01, 0x00, 0x22, 0x00, 0x22, 0x20, 0x01, 0xD0, 0x00, 0xA0, 0x00, 0xA8, 0x00, 0xA0, 0x00,
    0x28, 0x01, 0x20, 0x01, 0x20, 0x01, 0x00, 0x22, 0x00, 0x22, 0x00, 0x42, 0x00, 0x22, 0x00, 0x22,
    0x28, 0x01, 0x28, 0x01, 0x30, 0x01, 0x38, 0x00, 0x30, 0x00, 0x30, 0x00, 0x28, 0x01, 0x00, 0x22,
    0x00, 0x43, 0x00, 0x23, 0x00, 0x43, 0x00, 0x43, 0x00, 0x43, 0x00, 0x43, 0x00, 0x43, 0x00, 0x43,
    0x00, 0x43, 0x00, 0x43, 0x00, 0x64, 0x00, 0x64, 0x00, 0x44, 0x00, 0x64, 0x00, 0x85, 0x00, 0x84,
    0x00, 0x85, 0x00, 0x85, 0x00, 0x64, 0x00, 0x85, 0x00, 0x64, 0x00, 0x64, 0x00, 0x64, 0x00, 0x64,
    0x00, 0x22, 0x00, 0x23, 0x00, 0x23, 0x00, 0x23, 0x00, 0x23, 0x00, 0x64, 0x00, 0x22, 0x00, 0x23,
    0x00, 0x23, 0x00, 0x23, 0x00, 0x64, 0x00, 0x22, 0x00, 0x22, 0x00, 0x22, 0x00, 0x22, 0x00, 0x22,
    0x00, 0x22, 0x00, 0x22, 0x00, 0x02, 0x00, 0x01, 0x00, 0x01, 0x01, 0x8C, 0x01, 0x29, 0x02, 0x4F,
    0x02, 0x2F, 0x02, 0x4F, 0x01, 0x8B, 0x01, 0xAC, 0x02, 0x70, 0x02, 0x70, 0x01, 0xAC, 0x01, 0xAC,
    0x01, 0xAC, 0x00, 0xE8, 0x00, 0xE8, 0x00, 0xE8, 0x00, 0xE7, 0x00, 0xE8, 0x00, 0xA6, 0x00, 0xC6,
    0x00, 0xC6, 0x00, 0x23, 0x00, 0x23, 0x00, 0x22, 0x00, 0x22, 0x00, 0x22, 0x00, 0x02, 0x00, 0x02,
    0x00, 0x43, 0x00, 0x23, 0x00, 0x01, 0x00, 0x01, 0x00, 0x01, 0x00, 0x01, 0x00, 0x01, 0x00, 0x01,
    0x30, 0x00, 0x30, 0x01, 0x00, 0x43, 0x00, 0x23, 0x00, 0x64, 0x00, 0x64, 0x00, 0x44, 0x00, 0x23,
    0x00, 0x23, 0x00, 0x22, 0x00, 0x23, 0x00, 0x23, 0x00, 0x22, 0x00, 0x43, 0x30, 0x01, 0x30, 0x01,
    0x28, 0x01, 0x28, 0x01, 0x28, 0x01, 0x40, 0x00, 0x38, 0x00, 0x38, 0x00, 0x18, 0x01, 0x18, 0x01,
    0x20, 0x01, 0x28, 0x01, 0x20, 0x01, 0x28, 0x01, 0x30, 0x01, 0x28, 0x01, 0x28, 0x01, 0x28, 0x01,
    0x00, 0x22, 0x00, 0x22, 0x18, 0x01, 0xD0, 0x00, 0xA0, 0x00, 0xA8, 0x00, 0xA0, 0x00, 0x28, 0x01,
    0x28, 0x01, 0x20, 0x01, 0x00, 0x22, 0x00, 0x22, 0x00, 0x22, 0x00, 0x23, 0x00, 0x22, 0x28, 0x01,
    0x28, 0x01, 0x28, 0x01, 0x30, 0x00, 0x30, 0x01, 0x30, 0x00, 0x30, 0x00, 0x00, 0x43, 0x00, 0x43,
    0x00, 0x43, 0x00, 0x43, 0x00, 0x43, 0x00, 0x43, 0x00, 0x43, 0x00, 0x43, 0x00, 0x43, 0x00, 0x43,
    0x00, 0x43, 0x00, 0x64, 0x00, 0x64, 0x00, 0x64, 0x00, 0x63, 0x00, 0x85, 0x00, 0x85, 0x00, 0x84,
    0x00, 0x85, 0x00, 0x85, 0x00, 0x65, 0x00, 0x64, 0x00, 0x64, 0x00, 0x64, 0x00, 0x64, 0x00, 0x23,
    0x00, 0x22, 0x00, 0x23, 0x00, 0x23, 0x00, 0x23, 0x00, 0x64, 0x00, 0x22, 0x00, 0x43, 0x00, 0x23,
    0x00, 0x23, 0x00, 0x44, 0x00, 0x22, 0x00, 0x22, 0x00, 0x23, 0x00, 0x23, 0x00, 0x23, 0x00, 0x22,
    0x00, 0x22, 0x00, 0x22, 0x00, 0x01, 0x00, 0x01, 0x01, 0x8C, 0x01, 0x29, 0x02, 0x2F, 0x02, 0x2F,
    0x02, 0x4F, 0x01, 0x8B, 0x01, 0x8C, 0x02, 0x70, 0x02, 0x70, 0x01, 0xAC, 0x01, 0xAC, 0x01, 0xAC,
    0x00, 0xE8, 0x00, 0xE8, 0x00, 0xE8, 0x00, 0xE7, 0x00, 0xE7, 0x00, 0xA6, 0x00, 0xA6, 0x00, 0xC7,
    0x00, 0x23, 0x00, 0x23, 0x00, 0x22, 0x00, 0x23, 0x00, 0x01, 0x00, 0x01, 0x00, 0x01, 0x00, 0x23,
    0x00, 0x23, 0x00, 0x01, 0x00, 0x01, 0x00, 0x01, 0x00, 0x01, 0x00, 0x01, 0x00, 0x01, 0x00, 0x43,
    0x00, 0x22, 0x00, 0x22, 0x00, 0x22, 0x00, 0x43, 0x00, 0x22, 0x00, 0x23, 0x00, 0x23, 0x00, 0x23,
    0x00, 0x23, 0x00, 0x64, 0x00, 0x64, 0x00, 0x23, 0x00, 0x43, 0x00, 0x43, 0x00, 0x43, 0x00, 0x43,
    0x00, 0x23, 0x00, 0x22, 0x18, 0x01, 0x10, 0x02, 0x10, 0x01, 0x18, 0x01, 0x18, 0x01, 0x68, 0x00,
    0x98, 0x00, 0x90, 0x00, 0x60, 0x00, 0x60, 0x00, 0x28, 0x01, 0x20, 0x01, 0x28, 0x01, 0x30, 0x01,
    0x30, 0x01, 0x30, 0x01, 0x30, 0x00, 0x30, 0x00, 0xB0, 0x00, 0xA8, 0x00, 0xB0, 0x00, 0x30, 0x00,
    0x48, 0x00, 0x38, 0x00, 0x38, 0x00, 0x20, 0x01, 0x00, 0x23, 0x00, 0x42, 0x00, 0x22, 0x00, 0x22,
    0x38, 0x00, 0x30, 0x00, 0x38, 0x00, 0x88, 0x00, 0x88, 0x00, 0x28, 0x01, 0x00, 0x43, 0x00, 0x43,
    0x00, 0x43, 0x00, 0x23, 0x00, 0x23, 0x00, 0x23, 0x00, 0x43, 0x00, 0x43, 0x00, 0x23, 0x00, 0x43,
    0x00, 0x43, 0x00, 0x43, 0x70, 0x00, 0x78, 0x00, 0x00, 0x84, 0x00, 0x85, 0x00, 0x85, 0x00, 0x85,
    0x00, 0x85, 0x00, 0x85, 0x00, 0x64, 0x00, 0x64, 0x00, 0x23, 0x00, 0x23, 0x00, 0x64, 0x00, 0x64,
    0x00, 0x64, 0x00, 0x22, 0x00, 0x22, 0x00, 0x44, 0x00, 0x64, 0x00, 0x44, 0x00, 0x44, 0x00, 0x64,
    0x00, 0x43, 0x00, 0x02, 0x00, 0x02, 0x00, 0x22, 0x00, 0x02, 0x00, 0x22, 0x00, 0x01, 0x00, 0x01,
    0x00, 0x01, 0x00, 0x01, 0x00, 0x43, 0x03, 0x13, 0x02, 0x50, 0x01, 0xED, 0x01, 0xED, 0x01, 0x2A,
    0x02, 0x2F, 0x01, 0xEE, 0x01, 0xAC, 0x01, 0xAC, 0x02, 0x0E, 0x02, 0x2E, 0x02, 0x2E, 0x01, 0xCD,
    0x01, 0xCD, 0x00, 0xE7, 0x00, 0xE7, 0x00, 0xE7, 0x00, 0x22, 0x00, 0x43, 0x01, 0x08, 0x00, 0xC7,
    0x00, 0xE7, 0x00, 0x43, 0x00, 0x44, 0x00, 0x02, 0x00, 0x02, 0x00, 0x01, 0x00, 0x01, 0x00, 0x01,
    0x00, 0x01, 0x00, 0x01, 0x00, 0x01, 0x00, 0x01, 0x00, 0x01, 0x00, 0x01, 0x08, 0x22, 0x00, 0x23,
    0x00, 0x22, 0x00, 0x22, 0x00, 0x23, 0x00, 0x23, 0x00, 0x22, 0x00, 0x23, 0x00, 0x22, 0x00, 0x23,
    0x00, 0x64, 0x00, 0x64, 0x00, 0x23, 0x00, 0x43, 0x00, 0x43, 0x00, 0x23, 0x00, 0x23, 0x00, 0x23,
    0x00, 0x23, 0x20, 0x01, 0x18, 0x01, 0x18, 0x01, 0x18, 0x01, 0x20, 0x01, 0x78, 0x00, 0xA8, 0x00,
    0x98, 0x00, 0x48, 0x00, 0x48, 0x00, 0x00, 0x01, 0x20, 0x01, 0x18, 0x01, 0x38, 0x00, 0x38, 0x00,
    0x30, 0x01, 0x30, 0x01, 0x38, 0x00, 0xC8, 0x00, 0xD0, 0x00, 0xB0, 0x00, 0x30, 0x00, 0x50, 0x00,
    0x38, 0x00, 0x38, 0x00, 0x20, 0x01, 0x00, 0x22, 0x00, 0x22, 0x00, 0x22, 0x00, 0x22, 0x38, 0x00,
    0x30, 0x00, 0x28, 0x00, 0x88, 0x00, 0x80, 0x00, 0x10, 0x01, 0x00, 0x43, 0x00, 0x22, 0x00, 0x23,
    0x00, 0x22, 0x00, 0x23, 0x00, 0x23, 0x00, 0x23, 0x00, 0x43, 0x00, 0x23, 0x00, 0x43, 0x00, 0x43,
    0x00, 0x23, 0x78, 0x00, 0x78, 0x00, 0x00, 0x85, 0x00, 0x85, 0x00, 0x85, 0x00, 0x84, 0x00, 0x64,
    0x00, 0x85, 0x00, 0x84, 0x00, 0x64, 0x00, 0x22, 0x00, 0x02, 0x00, 0x64, 0x00, 0x64, 0x00, 0x64,
    0x00, 0x02, 0x00, 0x02, 0x00, 0x64, 0x00, 0x44, 0x00, 0x64, 0x00, 0x64, 0x00, 0x64, 0x00, 0x43,
    0x00, 0x22, 0x00, 0x22, 0x00, 0x02, 0x00, 0x02, 0x00, 0x43, 0x00, 0x01, 0x00, 0x01, 0x00, 0x01,
    0x00, 0x01, 0x00, 0x43, 0x03, 0x56, 0x02, 0xB2, 0x02, 0x91, 0x02, 0x51, 0x01, 0x4B, 0x02, 0x72,
    0x02, 0x50, 0x02, 0x71, 0x02, 0x0F, 0x02, 0x51, 0x02, 0x92, 0x02, 0x70, 0x02, 0x0E, 0x02, 0x0E,
    0x00, 0xC7, 0x00, 0xC6, 0x00, 0xC7, 0x00, 0x42, 0x00, 0x43, 0x01, 0x2A, 0x00, 0xC7, 0x00, 0xC7,
    0x00, 0x21, 0x00, 0x43, 0x00, 0x01, 0x00, 0x01, 0x00, 0x00, 0x00, 0x01, 0x00, 0x01, 0x00, 0x01,
    0x00, 0x01, 0x00, 0x01, 0x00, 0x01, 0x00, 0x01, 0x00, 0x01, 0x58, 0x00, 0x60, 0x00, 0x00, 0x23,
    0x00, 0x43, 0x00, 0x43, 0x00, 0x43, 0x00, 0x43, 0x00, 0x23, 0x00, 0x23, 0x00, 0x64, 0x00, 0x44,
    0x00, 0x44, 0x00, 0x64, 0x00, 0x64, 0x00, 0x64, 0x00, 0x64, 0x00, 0x64, 0x00, 0x43, 0x00, 0x43,
    0x00, 0x43, 0x00, 0x43, 0x00, 0x43, 0x18, 0x01, 0x18, 0x01, 0x28, 0x01, 0xB8, 0x00, 0x90, 0x00,
    0xA0, 0x00, 0xA8, 0x00, 0xA8, 0x00, 0x28, 0x00, 0x48, 0x00, 0x40, 0x00, 0x40, 0x00, 0x30, 0x00,
    0x30, 0x01, 0x30, 0x01, 0x38, 0x00, 0x38, 0x00, 0xA8, 0x00, 0x40, 0x00, 0x50, 0x00, 0x48, 0x00,
    0x48, 0x00, 0x28, 0x01, 0x20, 0x01, 0x20, 0x01, 0x20, 0x01, 0x20, 0x01, 0x30, 0x00, 0xB8, 0x00,
    0x90, 0x00, 0x90, 0x00, 0x90, 0x00, 0x68, 0x00, 0x00, 0x23, 0x00, 0x22, 0x00, 0x43, 0x00, 0x43,
    0x00, 0x43, 0x00, 0x23, 0x00, 0x43, 0x00, 0x64, 0x00, 0x64, 0x00, 0x43, 0x00, 0x43, 0x00, 0x23,
    0x78, 0x00, 0x80, 0x00, 0x00, 0x84, 0x00, 0x64, 0x00, 0x65, 0x00, 0xA5, 0x00, 0xA6, 0x00, 0x85,
    0x00, 0x84, 0x00, 0x84, 0x00, 0x85, 0x00, 0x85, 0x00, 0x65, 0x00, 0x64, 0x00, 0x64, 0x00, 0x64,
    0x00, 0x64, 0x00, 0x43, 0x00, 0x43, 0x00, 0x43, 0x00, 0x43, 0x00, 0x23, 0x00, 0x43, 0x00, 0x23,
    0x00, 0x43, 0x00, 0x43, 0x00, 0x43, 0x00, 0x43, 0x00, 0x01, 0x00, 0x01, 0x00, 0x01, 0x00, 0x01,
    0x00, 0x43, 0x00, 0x43, 0x00, 0x43, 0x00, 0x85, 0x00, 0x85, 0x00, 0x65, 0x00, 0x85, 0x00, 0x84,
    0x00, 0xA5, 0x00, 0xA6, 0x00, 0xE8, 0x00, 0xE8, 0x01, 0x08, 0x01, 0x4A, 0x01, 0x4A, 0x01, 0x4A,
    0x01, 0x28, 0x01, 0x08, 0x00, 0x64, 0x00, 0x64, 0x00, 0x01, 0x00, 0xA5, 0x00, 0xC7, 0x00, 0xE8,
    0x00, 0xE7, 0x00, 0x64, 0x00, 0x64, 0x00, 0x64, 0x00, 0x00, 0x00, 0x01, 0x00, 0x01, 0x00, 0x01,
    0x00, 0x01, 0x00, 0x01, 0x00, 0x01, 0x00, 0x01, 0x60, 0x00, 0x78, 0x00, 0x00, 0x43, 0x00, 0x43,
    0x00, 0x63, 0x00, 0x23, 0x00, 0x23, 0x00, 0x43, 0x00, 0x23, 0x00, 0x64, 0x00, 0x64, 0x00, 0x64,
    0x00, 0x64, 0x00, 0x64, 0x00, 0x64, 0x00, 0x64, 0x00, 0x64, 0x00, 0x43, 0x00, 0x43, 0x00, 0x23,
    0x00, 0x23, 0x00, 0x43, 0x18, 0x01, 0x18, 0x01, 0x20, 0x01, 0xA0, 0x00, 0x80, 0x00, 0xA8, 0x00,
    0xA8, 0x00, 0xA0, 0x00, 0x20, 0x00, 0x30, 0x00, 0x28, 0x00, 0x20, 0x00, 0x18, 0x01, 0x28, 0x01,
    0x28, 0x01, 0x30, 0x00, 0x30, 0x00, 0xC0, 0x00, 0x38, 0x00, 0x50, 0x00, 0x50, 0x00, 0x50, 0x00,
    0x30, 0x01, 0x18, 0x02, 0x20, 0x01, 0x18, 0x01, 0x18, 0x01, 0x28, 0x00, 0xC8, 0x00, 0xA8, 0x00,
    0xA0, 0x00, 0xA0, 0x00, 0x68, 0x00, 0x00, 0x03, 0x00, 0x43, 0x00, 0x23, 0x00, 0x43, 0x00, 0x23,
    0x00, 0x43, 0x00, 0x43, 0x00, 0x44, 0x00, 0x64, 0x00, 0x43, 0x00, 0x43, 0x00, 0x23, 0x90, 0x00,
    0xA8, 0x00, 0x00, 0x64, 0x00, 0x64, 0x00, 0x64, 0x00, 0xA6, 0x00, 0xA6, 0x00, 0x85, 0x00, 0x84,
    0x00, 0x64, 0x00, 0x65, 0x00, 0x84, 0x00, 0x85, 0x00, 0x44, 0x00, 0x64, 0x00, 0x64, 0x00, 0x64,
    0x00, 0x44, 0x00, 0x43, 0x00, 0x43, 0x00, 0x43, 0x00, 0x43, 0x00, 0x43, 0x00, 0x23, 0x00, 0x43,
    0x00, 0x23, 0x00, 0x23, 0x00, 0x23, 0x00, 0x01, 0x00, 0x01, 0x00, 0x01, 0x00, 0x01, 0x00, 0x43,
    0x00, 0x23, 0x00, 0x43, 0x00, 0x43, 0x00, 0x23, 0x00, 0x44, 0x00, 0x85, 0x00, 0x64, 0x00, 0xA6,
    0x00, 0xC7, 0x01, 0x29, 0x01, 0x29, 0x01, 0x49, 0x01, 0x8B, 0x01, 0x8C, 0x01, 0x8C, 0x01, 0x29,
    0x01, 0x29, 0x00, 0x84, 0x00, 0x64, 0x00, 0x01, 0x00, 0xA6, 0x01, 0x08, 0x01, 0x29, 0x01, 0x08,
    0x00, 0x64, 0x00, 0x64, 0x00, 0x64, 0x00, 0x00, 0x00, 0x01, 0x00, 0x01, 0x00, 0x01, 0x00, 0x01,
    0x00, 0x01, 0x00, 0x01, 0x00, 0x01, 0x00, 0x43, 0x00, 0x23, 0x00, 0x43, 0x00, 0x23, 0x00, 0x64,
    0x00, 0x64, 0x00, 0x43, 0x00, 0x64, 0x00, 0x63, 0x00, 0x23, 0x00, 0x43, 0x00, 0x43, 0x00, 0x43,
    0x00, 0x43, 0x00, 0x43, 0x00, 0x64, 0x00, 0x64, 0x00, 0x43, 0x00, 0x43, 0x00, 0x23, 0x00, 0x23,
    0x00, 0x43, 0x00, 0x43, 0x00, 0x43, 0x00, 0x23, 0x30, 0x01, 0x28, 0x01, 0xA0, 0x00, 0xA0, 0x00,
    0xD0, 0x60, 0xC8, 0x20, 0xC8, 0x40, 0xC8, 0x20, 0xC8, 0x00, 0xB8, 0x00, 0x08, 0x01, 0x28, 0x01,
    0x30, 0x01, 0x30, 0x00, 0x38, 0x00, 0x50, 0x00, 0x48, 0x00, 0x50, 0x00, 0x50, 0x00, 0x28, 0x01,
    0x20, 0x01, 0x20, 0x01, 0x80, 0x00, 0x80, 0x00, 0x38, 0x00, 0x30, 0x00, 0x38, 0x00, 0x40, 0x00,
    0x48, 0x00, 0x80, 0x00, 0x10, 0x01, 0x28, 0x01, 0x00, 0x22, 0x00, 0x43, 0x00, 0x23, 0x00, 0x43,
    0x00, 0x23, 0x00, 0x23, 0x00, 0x23, 0x00, 0x43, 0x00, 0x43, 0x00, 0x43, 0x00, 0x64, 0x00, 0x43,
    0x00, 0x64, 0x00, 0x43, 0x00, 0x44, 0x00, 0x64, 0x00, 0x64, 0x00, 0x64, 0x00, 0x84, 0x00, 0x85,
    0x00, 0xA6, 0x00, 0xA6, 0x00, 0xA6, 0x00, 0x43, 0x00, 0x64, 0x00, 0x64, 0x00, 0x63, 0x00, 0x44,
    0x00, 0x43, 0x00, 0x43, 0x00, 0x43, 0x00, 0x43, 0x00, 0x23, 0x00, 0x43, 0x00, 0x43, 0x00, 0x23,
    0x00, 0x43, 0x00, 0x01, 0x00, 0x01, 0x00, 0x01, 0x00, 0x01, 0x00, 0x01, 0x00, 0x43, 0x00, 0x85,
    0x00, 0x65, 0x01, 0xCD, 0x01, 0xCD, 0x01, 0x6B, 0x00, 0x84, 0x00, 0xA6, 0x00, 0x22, 0x00, 0x22,
    0x00, 0x22, 0x00, 0x43, 0x00, 0x43, 0x00, 0x43, 0x00, 0x43, 0x00, 0x43, 0x00, 0x44, 0x00, 0x64,
    0x00, 0x64, 0x00, 0x64, 0x00, 0x01, 0x00, 0x01, 0x00, 0x01, 0x00, 0x02, 0x00, 0x02, 0x00, 0x43,
    0x00, 0x43, 0x00, 0x43, 0x00, 0x43, 0x00, 0x43, 0x00, 0x23, 0x00, 0x01, 0x00, 0x01, 0x00, 0x01,
    0x00, 0x01, 0x00, 0x01, 0x00, 0x85, 0x00, 0x64, 0x00, 0x64, 0x00, 0x64, 0x00, 0x64, 0x00, 0x63,
    0x00, 0x43, 0x00, 0x23, 0x00, 0x23, 0x00, 0x85, 0x00, 0x44, 0x00, 0x44, 0x00, 0x23, 0x00, 0x23,
    0x00, 0x64, 0x00, 0x02, 0x00, 0x23, 0x00, 0x43, 0x00, 0x43, 0x00, 0x22, 0x00, 0x43, 0x00, 0x43,
    0x00, 0x23, 0x00, 0x23, 0x00, 0x43, 0x00, 0x42, 0x00, 0x23, 0x20, 0x00, 0x20, 0x00, 0xC0, 0x00,
    0xC0, 0x20, 0xC8, 0x20, 0xE0, 0xE0, 0xD8, 0xC0, 0xD8, 0x80, 0x00, 0x01, 0x20, 0x00, 0xC0, 0x00,
    0xC0, 0x00, 0x30, 0x00, 0x48, 0x00, 0x40, 0x00, 0x40, 0x00, 0x40, 0x00, 0x30, 0x01, 0x28, 0x01,
    0x28, 0x01, 0x28, 0x01, 0x20, 0x01, 0x30, 0x01, 0x38, 0x00, 0x30, 0x00, 0x40, 0x00, 0x40, 0x00,
    0x80, 0x00, 0x10, 0x01, 0x28, 0x01, 0x00, 0x22, 0x00, 0x43, 0x00, 0x64, 0x00, 0x43, 0x00, 0x43,
    0x48, 0x00, 0x40, 0x00, 0x00, 0x43, 0x00, 0x43, 0x00, 0x43, 0x00, 0x44, 0x00, 0x43, 0x00, 0x64,
    0x00, 0x64, 0x00, 0x64, 0x00, 0x64, 0x00, 0x64, 0x00, 0x64, 0x00, 0x64, 0x00, 0x64, 0x00, 0xA5,
    0x00, 0xA6, 0x00, 0x44, 0x00, 0x43, 0x00, 0x44, 0x00, 0x64, 0x00, 0x43, 0x00, 0x85, 0x00, 0x43,
    0x00, 0x43, 0x00, 0x43, 0x00, 0x43, 0x00, 0x43, 0x00, 0x43, 0x00, 0x43, 0x00, 0x01, 0x00, 0x01,
    0x00, 0x01, 0x00, 0x01, 0x00, 0x01, 0x00, 0x01, 0x00, 0x01, 0x01, 0x2A, 0x02, 0xF4, 0x02, 0xB2,
    0x02, 0xB2, 0x02, 0xF3, 0x02, 0xF3, 0x02, 0x4F, 0x02, 0x50, 0x02, 0x50, 0x02, 0x30, 0x02, 0x30,
    0x01, 0x4A, 0x01, 0x4A, 0x01, 0x08, 0x00, 0xE8, 0x00, 0x22, 0x00, 0x01, 0x00, 0x01, 0x00, 0x00,
    0x00, 0x00, 0x00, 0x01, 0x00, 0x01, 0x00, 0x01, 0x00, 0x01, 0x00, 0x01, 0x00, 0x00, 0x00, 0x00,
    0x00, 0x00, 0x00, 0x01, 0x00, 0x00, 0x00, 0x44, 0x00, 0x44, 0x00, 0x44, 0x00, 0x01, 0x00, 0x01,
    0x00, 0x01, 0x00, 0x64, 0x00, 0x64, 0x00, 0x64, 0x00, 0x64, 0x00, 0x64, 0x00, 0x44, 0x00, 0x43,
    0x00, 0x43, 0x00, 0x43, 0x00, 0x85, 0x00, 0x64, 0x00, 0x64, 0x00, 0x43, 0x00, 0x43, 0x00, 0x84,
    0x00, 0x43, 0x00, 0x43, 0x00, 0x43, 0x00, 0x43, 0x20, 0x01, 0x00, 0x43, 0x00, 0x23, 0x00, 0x43,
    0x00, 0x23, 0x00, 0x23, 0x00, 0x22, 0x00, 0x23, 0x40, 0x00, 0x40, 0x00, 0xC0, 0x00, 0xB8, 0x20,
    0xB8, 0x20, 0xE1, 0x00, 0xE1, 0x00, 0xD8, 0x80, 0xA8, 0x00, 0xB0, 0x00, 0x98, 0x00, 0x98, 0x00,
    0x40, 0x00, 0x50, 0x00, 0x48, 0x00, 0x40, 0x00, 0x40, 0x00, 0x30, 0x01, 0x28, 0x01, 0x28, 0x01,
    0x28, 0x01, 0x28, 0x01, 0x30, 0x01, 0x30, 0x00, 0x30, 0x00, 0x38, 0x00, 0x38, 0x00, 0x80, 0x00,
    0x10, 0x01, 0x28, 0x01, 0x00, 0x43, 0x00, 0x43, 0x00, 0x64, 0x00, 0x43, 0x00, 0x23, 0x38, 0x00,
    0x30, 0x01, 0x00, 0x43, 0x00, 0x23, 0x00, 0x43, 0x00, 0x64, 0x00, 0x44, 0x00, 0x64, 0x00, 0x64,
    0x00, 0x64, 0x00, 0x64, 0x00, 0x64, 0x00, 0x64, 0x00, 0x64, 0x00, 0x64, 0x00, 0xA6, 0x00, 0xA6,
    0x00, 0x64, 0x00, 0x64, 0x00, 0x64, 0x00, 0x43, 0x00, 0x44, 0x00, 0x85, 0x00, 0x43, 0x00, 0x43,
    0x00, 0x43, 0x00, 0x43, 0x00, 0x43, 0x00, 0x43, 0x00, 0x44, 0x00, 0x01, 0x00, 0x01, 0x00, 0x01,
    0x00, 0x01, 0x00, 0x01, 0x00, 0x01, 0x00, 0x01, 0x01, 0x08, 0x02, 0x91, 0x02, 0x4F, 0x02, 0xB1,
    0x02, 0x91, 0x02, 0x91, 0x01, 0xAC, 0x01, 0xED, 0x01, 0xED, 0x01, 0xED, 0x01, 0xCD, 0x00, 0xE7,
    0x01, 0x08, 0x00, 0xE7, 0x00, 0xC7, 0x00, 0x23, 0x00, 0x01, 0x00, 0x21, 0x00, 0x01, 0x00, 0x01,
    0x00, 0x01, 0x00, 0x01, 0x00, 0x01, 0x00, 0x01, 0x00, 0x01, 0x00, 0x01, 0x00, 0x01, 0x00, 0x01,
    0x00, 0x01, 0x00, 0x01, 0x00, 0x43, 0x00, 0x43, 0x00, 0x43, 0x00, 0x00, 0x00, 0x01, 0x00, 0x01,
    0x00, 0x64, 0x00, 0x64, 0x00, 0x43, 0x00, 0x43, 0x00, 0x43, 0xD0, 0x00, 0xC0, 0x00, 0xA0, 0x00,
    0xA0, 0x00, 0x00, 0x64, 0x00, 0x64, 0x00, 0x64, 0x00, 0x43, 0x00, 0x43, 0x00, 0x64, 0x00, 0x44,
    0x00, 0x64, 0x00, 0x43, 0x00, 0x64, 0x00, 0x43, 0x28, 0x00, 0x30, 0x00, 0x00, 0x43, 0x00, 0x23,
    0x00, 0x43, 0x00, 0x23, 0x00, 0x43, 0x00, 0x44, 0x00, 0x43, 0x00, 0x43, 0x88, 0x00, 0x68, 0x00,
    0x58, 0x00, 0x58, 0x00, 0xE0, 0x80, 0xF1, 0x60, 0xF1, 0x20, 0xB0, 0x00, 0xA8, 0x00, 0xC8, 0x00,
    0xD8, 0x40, 0xD8, 0x20, 0x50, 0x00, 0x50, 0x00, 0x28, 0x01, 0x28, 0x01, 0x28, 0x01, 0x28, 0x01,
    0x28, 0x01, 0x00, 0x43, 0x00, 0x22, 0x00, 0x22, 0x38, 0x00, 0x30, 0x01, 0x48, 0x00, 0x98, 0x00,
    0x88, 0x00, 0x20, 0x01, 0x28, 0x01, 0x00, 0x44, 0x00, 0x23, 0x00, 0x43, 0x00, 0x44, 0x00, 0x43,
    0x00, 0x43, 0x00, 0x43, 0x00, 0x43, 0x00, 0x43, 0x00, 0x43, 0x00, 0x23, 0x00, 0x43, 0x00, 0x43,
    0x00, 0x64, 0x00, 0x64, 0x00, 0xA6, 0x00, 0x43, 0x00, 0x64, 0x00, 0x64, 0x00, 0x43, 0x00, 0x64,
    0x00, 0x64, 0x00, 0x64, 0x00, 0x64, 0x00, 0x65, 0x00, 0x64, 0x00, 0x44, 0x00, 0x64, 0x00, 0x01,
    0x00, 0x01, 0x00, 0x01, 0x00, 0x01, 0x00, 0x01, 0x00, 0x01, 0x00, 0x01, 0x00, 0xA6, 0x01, 0xAC,
    0x01, 0x6B, 0x01, 0x8B, 0x01, 0x6B, 0x01, 0x4A, 0x02, 0x50, 0x01, 0xEE, 0x01, 0xCD, 0x01, 0xCD,
    0x01, 0x4A, 0x01, 0x29, 0x01, 0x49, 0x00, 0xC7, 0x00, 0xC7, 0x01, 0x08, 0x01, 0x08, 0x01, 0x08,
    0x00, 0xA6, 0x00, 0xA6, 0x00, 0xA6, 0x00, 0xA6, 0x00, 0xA6, 0x00, 0x65, 0x00, 0x85, 0x00, 0x43,
    0x00, 0x02, 0x00, 0x01, 0x00, 0x01, 0x00, 0x01, 0x00, 0x01, 0x00, 0x01, 0x00, 0x01, 0x00, 0x01,
    0x00, 0x01, 0x00, 0x01, 0x00, 0x01, 0x00, 0x01, 0x00, 0x01, 0x00, 0x01, 0x00, 0x01, 0x00, 0x64,
    0x00, 0x64, 0x00, 0x43, 0x00, 0x43, 0x00, 0x43, 0xB8, 0x00, 0x98, 0x00, 0x88, 0x00, 0x88, 0x00,
    0x00, 0x64, 0x00, 0x64, 0x00, 0x64, 0x00, 0x43, 0x00, 0x43, 0x00, 0x64, 0x00, 0x63, 0x00, 0x64,
    0x00, 0x43, 0x00, 0x43, 0x00, 0x43, 0x30, 0x00, 0x30, 0x01, 0x00, 0x23, 0x00, 0x43, 0x00, 0x43,
    0x00, 0x23, 0x00, 0x43, 0x00, 0x43, 0x00, 0x43, 0x00, 0x23, 0xA0, 0x00, 0x70, 0x00, 0x70, 0x00,
    0x70, 0x00, 0xD8, 0x80, 0xE1, 0x00, 0xE0, 0xC0, 0xA8, 0x00, 0xA8, 0x00, 0xB0, 0x00, 0xC0, 0x20,
    0xB8, 0x00, 0x50, 0x00, 0x50, 0x00, 0x28, 0x01, 0x28, 0x01, 0x28, 0x01, 0x28, 0x01, 0x28, 0x01,
    0x00, 0x22, 0x00, 0x22, 0x00, 0x22, 0x38, 0x00, 0x30, 0x00, 0x50, 0x00, 0x98, 0x00, 0x88, 0x00,
    0x30, 0x01, 0x28, 0x01, 0x00, 0x64, 0x00, 0x23, 0x00, 0x43, 0x00, 0x43, 0x00, 0x43, 0x00, 0x43,
    0x00, 0x43, 0x00, 0x23, 0x00, 0x43, 0x00, 0x43, 0x00, 0x43, 0x00, 0x43, 0x00, 0x43, 0x00, 0x64,
    0x00, 0x64, 0x00, 0xA5, 0x00, 0x43, 0x00, 0x44, 0x00, 0x64, 0x00, 0x64, 0x00, 0x64, 0x00, 0x64,
    0x00, 0x64, 0x00, 0x85, 0x00, 0x85, 0x00, 0x64, 0x00, 0x44, 0x00, 0x44, 0x00, 0x01, 0x00, 0x01,
    0x00, 0x01, 0x00, 0x01, 0x00, 0x01, 0x00, 0x01, 0x00, 0x01, 0x00, 0x85, 0x01, 0x6B, 0x01, 0x4A,
    0x01, 0x4A, 0x01, 0x4A, 0x01, 0x49, 0x02, 0x2F, 0x01, 0xEE, 0x01, 0xCD, 0x01, 0xCD, 0x01, 0x6B,
    0x01, 0x4A, 0x01, 0x4A, 0x00, 0xC7, 0x00, 0xC7, 0x01, 0x29, 0x01, 0x08, 0x01, 0x08, 0x00, 0xA6,
    0x00, 0xA6, 0x00, 0xA6, 0x00, 0xA5, 0x00, 0xA6, 0x00, 0x85, 0x00, 0x85, 0x00, 0x43, 0x00, 0x02,
    0x00, 0x01, 0x00, 0x01, 0x00, 0x01, 0x00, 0x01, 0x00, 0x01, 0x00, 0x01, 0x00, 0x01, 0x00, 0x01,
    0x00, 0x01, 0x00, 0x01, 0x00, 0x01, 0x00, 0x01, 0x00, 0x01, 0x00, 0x01, 0x00, 0x43, 0x00, 0x64,
    0xB8, 0x00, 0xB0, 0x00, 0xD0, 0x00, 0xC8, 0x00, 0xC8, 0x00, 0xA8, 0x00, 0xA0, 0x00, 0x90, 0x00,
    0x98, 0x00, 0x98, 0x00, 0x80, 0x00, 0x78, 0x00, 0x48, 0x00, 0x00, 0x64, 0x00, 0x23, 0x00, 0x43,
    0x00, 0x43, 0x00, 0x43, 0x00, 0x63, 0x00, 0x64, 0x40, 0x00, 0x48, 0x00, 0x00, 0x43, 0x00, 0x43,
    0x00, 0x43, 0x00, 0x43, 0x00, 0x43, 0x00, 0x23, 0x00, 0x22, 0x00, 0x43, 0x58, 0x00, 0x50, 0x00,
    0x88, 0x00, 0xFA, 0x00, 0xE9, 0x60, 0xFB, 0xE0, 0xFC, 0x00, 0xC8, 0x20, 0xC8, 0x20, 0xB8, 0x20,
    0xC8, 0x00, 0xC8, 0x00, 0x78, 0x00, 0x20, 0x01, 0x30, 0x01, 0x30, 0x00, 0x38, 0x00, 0x30, 0x01,
    0x00, 0x22, 0x00, 0x23, 0x00, 0x43, 0x00, 0x23, 0x68, 0x00, 0x70, 0x00, 0x60, 0x00, 0x78, 0x00,
    0x70, 0x00, 0x00, 0x22, 0x00, 0x23, 0x00, 0x43, 0x00, 0x43, 0x00, 0x23, 0x00, 0x23, 0x00, 0x43,
    0x00, 0x23, 0x00, 0x23, 0x00, 0x43, 0x00, 0x23, 0x00, 0x64, 0x00, 0x64, 0x00, 0x64, 0x00, 0x64,
    0x00, 0x64, 0x00, 0x85, 0x00, 0x85, 0x00, 0x65, 0x00, 0x65, 0x00, 0x64, 0x00, 0x44, 0x00, 0x64,
    0x00, 0x64, 0x00, 0x64, 0x00, 0x00, 0x00, 0x00, 0x00, 0x00, 0x00, 0x01, 0x00, 0x01, 0x00, 0xC7,
    0x01, 0x6C, 0x01, 0x6B, 0x01, 0xEF, 0x02, 0x0F, 0x01, 0xCD, 0x01, 0x6B, 0x01, 0x6B, 0x01, 0x8C,
    0x01, 0x8C, 0x02, 0xB2, 0x02, 0xD2, 0x02, 0xB2, 0x02, 0xD2, 0x02, 0xB2, 0x01, 0x8B, 0x00, 0xA5,
    0x00, 0xA6, 0x00, 0xC7, 0x00, 0xC7, 0x00, 0x64, 0x00, 0x64, 0x00, 0x64, 0x00, 0xA5, 0x00, 0x85,
    0x00, 0xA6, 0x00, 0xC7, 0x00, 0xC6, 0x00, 0xE8, 0x01, 0x08, 0x01, 0x29, 0x01, 0x08, 0x00, 0xC8,
    0x00, 0x65, 0x00, 0x65, 0x00, 0x01, 0x00, 0x01, 0x00, 0x01, 0x00, 0x01, 0x00, 0x01, 0x00, 0x01,
    0x00, 0x01, 0x00, 0x01, 0x00, 0x01, 0x00, 0x01, 0x00, 0x01, 0x00, 0x43, 0x00, 0x43, 0x90, 0x00,
    0x88, 0x00, 0xA0, 0x00, 0xA8, 0x00, 0xB0, 0x00, 0xA0, 0x00, 0x98, 0x00, 0x70, 0x00, 0x80, 0x00,
    0x80, 0x00, 0x60, 0x00, 0x60, 0x00, 0x40, 0x00, 0x00, 0x44, 0x00, 0x43, 0x00, 0x23, 0x00, 0x43,
    0x00, 0x43, 0x00, 0x43, 0x00, 0x23, 0x38, 0x00, 0x38, 0x00, 0x00, 0x43, 0x00, 0x43, 0x00, 0x43,
    0x00, 0x43, 0x00, 0x43, 0x00, 0x22, 0x00, 0x23, 0x00, 0x22, 0x58, 0x00, 0x58, 0x00, 0x98, 0x00,
    0xF9, 0xE0, 0xE1, 0x40, 0xF2, 0xA0, 0xF2, 0xC0, 0xC8, 0x00, 0xC0, 0x20, 0xC0, 0x20, 0xB0, 0x00,
    0xA8, 0x00, 0x60, 0x00, 0x20, 0x01, 0x30, 0x01, 0x38, 0x00, 0x38, 0x00, 0x30, 0x01, 0x00, 0x43,
    0x00, 0x23, 0x00, 0x23, 0x00, 0x43, 0x60, 0x00, 0x78, 0x00, 0x70, 0x00, 0x60, 0x00, 0x60, 0x00,
    0x00, 0x43, 0x00, 0x22, 0x00, 0x23, 0x00, 0x43, 0x00, 0x43, 0x00, 0x43, 0x00, 0x23, 0x00, 0x23,
    0x00, 0x43, 0x00, 0x43, 0x00, 0x43, 0x00, 0x64, 0x00, 0x64, 0x00, 0x84, 0x00, 0x64, 0x00, 0x64,
    0x00, 0x85, 0x00, 0x85, 0x00, 0x85, 0x00, 0x64, 0x00, 0x64, 0x00, 0x44, 0x00, 0x64, 0x00, 0x64,
    0x00, 0x64, 0x00, 0x01, 0x00, 0x01, 0x00, 0x01, 0x00, 0x01, 0x00, 0x01, 0x00, 0x85, 0x01, 0x4A,
    0x01, 0x09, 0x01, 0xAC, 0x01, 0xAC, 0x01, 0x6B, 0x01, 0x6A, 0x01, 0x4A, 0x01, 0x8B, 0x01, 0x6B,
    0x02, 0x2F, 0x02, 0x70, 0x02, 0x70, 0x02, 0x71, 0x02, 0x50, 0x01, 0x8B, 0x00, 0xA5, 0x00, 0xA6,
    0x00, 0xC6, 0x00, 0xA6, 0x00, 0x85, 0x00, 0x85, 0x00, 0x85, 0x00, 0x85, 0x00, 0x85, 0x00, 0xA6,
    0x00, 0xC7, 0x00, 0xC6, 0x00, 0xC7, 0x00, 0xC7, 0x00, 0xC7, 0x00, 0xC7, 0x00, 0xC6, 0x00, 0x64,
    0x00, 0x84, 0x00, 0x01, 0x00, 0x01, 0x00, 0x01, 0x00, 0x01, 0x00, 0x01, 0x00, 0x01, 0x00, 0x01,
    0x00, 0x01, 0x00, 0x01, 0x00, 0x01, 0x00, 0x01, 0xB0, 0x00, 0x90, 0x00, 0x80, 0x00, 0x80, 0x00,
    0x00, 0x43, 0x00, 0x22, 0x00, 0x22, 0x00, 0x23, 0x00, 0x23, 0x00, 0x43, 0x90, 0x00, 0x78, 0x00,
    0x90, 0x00, 0x98, 0x00, 0x50, 0x00, 0x20, 0x01, 0x28, 0x01, 0x38, 0x00, 0x40, 0x00, 0x00, 0x43,
    0x00, 0x43, 0x00, 0x23, 0x48, 0x00, 0x48, 0x00, 0x38, 0x00, 0x00, 0x43, 0x00, 0x43, 0x00, 0x43,
    0x00, 0x43, 0x00, 0x43, 0x00, 0x43, 0x00, 0x43, 0x00, 0x22, 0x00, 0x22, 0x58, 0x00, 0xA0, 0x00,
    0x88, 0x00, 0xF2, 0x60, 0xF2, 0x60, 0xE9, 0xE0, 0xA8, 0x00, 0xB8, 0x00, 0x98, 0x00, 0x90, 0x00,
    0x28, 0x01, 0x28, 0x01, 0x28, 0x01, 0x38, 0x00, 0x38, 0x00, 0x38, 0x00, 0x00, 0x43, 0x00, 0x23,
    0x00, 0x43, 0x00, 0x23, 0x00, 0x22, 0x80, 0x00, 0x68, 0x00, 0x68, 0x00, 0x58, 0x00, 0x00, 0x43,
    0x38, 0x00, 0x30, 0x00, 0x00, 0x43, 0x00, 0x43, 0x00, 0x23, 0x00, 0x43, 0x00, 0x43, 0x00, 0x64,
    0x00, 0x84, 0x00, 0x64, 0x00, 0x64, 0x00, 0x64, 0x00, 0x64, 0x00, 0x64, 0x00, 0x64, 0x00, 0x43,
    0x00, 0x43, 0x00, 0x64, 0x00, 0x64, 0x00, 0x64, 0x00, 0x01, 0x00, 0x01, 0x00, 0x01, 0x00, 0x01,
    0x00, 0x01, 0x00, 0x01, 0x00, 0x01, 0x00, 0xA6, 0x00, 0xA6, 0x00, 0xE8, 0x01, 0x8B, 0x01, 0x6A,
    0x01, 0x29, 0x01, 0x29, 0x01, 0x4A, 0x01, 0x8C, 0x01, 0x8B, 0x01, 0x6A, 0x01, 0x6A, 0x01, 0x6A,
    0x01, 0x2A, 0x01, 0x29, 0x01, 0x08, 0x01, 0x08, 0x00, 0xC6, 0x01, 0x4A, 0x01, 0x29, 0x01, 0x49,
    0x01, 0x29, 0x01, 0x08, 0x00, 0xA5, 0x00, 0xA6, 0x01, 0x29, 0x01, 0x29, 0x01, 0x4A, 0x01, 0x6A,
    0x01, 0x4A, 0x00, 0xC7, 0x00, 0xE7, 0x01, 0x29, 0x01, 0x29, 0x01, 0x49, 0x01, 0x29, 0x01, 0x29,
    0x00, 0xE7, 0x00, 0xC7, 0x00, 0x44, 0x00, 0x23, 0x00, 0x23, 0x00, 0x01, 0x00, 0x01, 0x00, 0x01,
    0x00, 0x01, 0x00, 0x01, 0x00, 0x01, 0xB8, 0x00, 0x90, 0x00, 0x80, 0x00, 0x80, 0x00, 0x00, 0x23,
    0x00, 0x23, 0x00, 0x23, 0x00, 0x43, 0x00, 0x43, 0x00, 0x43, 0x90, 0x00, 0x78, 0x00, 0x90, 0x00,
    0x90, 0x00, 0x50, 0x00, 0x20, 0x01, 0x28, 0x01, 0x40, 0x00, 0x40, 0x00, 0x00, 0x42, 0x00, 0x43,
    0x00, 0x22, 0x48, 0x00, 0x48, 0x00, 0x38, 0x00, 0x00, 0x23, 0x00, 0x43, 0x00, 0x43, 0x00, 0x43,
    0x00, 0x43, 0x00, 0x23, 0x00, 0x43, 0x00, 0x22, 0x00, 0x43, 0x50, 0x00, 0xA0, 0x00, 0x90, 0x00,
    0xEA, 0x40, 0xF2, 0x60, 0xF2, 0x00, 0xB0, 0x00, 0xB8, 0x20, 0x98, 0x00, 0x98, 0x00, 0x30, 0x01,
    0x28, 0x01, 0x28, 0x01, 0x38, 0x00, 0x38, 0x00, 0x38, 0x00, 0x00, 0x23, 0x00, 0x43, 0x00, 0x43,
    0x00, 0x43, 0x00, 0x23, 0x88, 0x00, 0x68, 0x00, 0x68, 0x00, 0x58, 0x00, 0x00, 0x43, 0x30, 0x00,
    0x30, 0x00, 0x00, 0x42, 0x00, 0x43, 0x00, 0x43, 0x00, 0x43, 0x00, 0x43, 0x00, 0x64, 0x00, 0x64,
    0x00, 0x64, 0x00, 0x65, 0x00, 0x64, 0x00, 0x64, 0x00, 0x64, 0x00, 0x64, 0x00, 0x44, 0x00, 0x44,
    0x00, 0x64, 0x00, 0x64, 0x00, 0x64, 0x00, 0x01, 0x00, 0x01, 0x00, 0x01, 0x00, 0x01, 0x00, 0x01,
    0x00, 0x02, 0x00, 0x22, 0x00, 0xC6, 0x00, 0xA6, 0x01, 0x08, 0x01, 0x8B, 0x01, 0x6B, 0x01, 0x29,
    0x01, 0x29, 0x01, 0x6B, 0x01, 0xAC, 0x01, 0x8C, 0x01, 0x6A, 0x01, 0x6B, 0x01, 0x4A, 0x01, 0x29,
    0x01, 0x29, 0x00, 0xE8, 0x00, 0xE8, 0x00, 0xA6, 0x01, 0x4A, 0x01, 0x29, 0x01, 0x49, 0x01, 0x29,
    0x01, 0x29, 0x00, 0xA6, 0x00, 0xA6, 0x01, 0x29, 0x01, 0x29, 0x01, 0x4A, 0x01, 0x6A, 0x01, 0x6A,
    0x00, 0xC7, 0x00, 0xC7, 0x01, 0x29, 0x01, 0x29, 0x01, 0x4A, 0x01, 0x29, 0x01, 0x29, 0x00, 0xE7,
    0x00, 0xE7, 0x00, 0x63, 0x00, 0x22, 0x00, 0x22, 0x00, 0x01, 0x00, 0x01, 0x00, 0x01, 0x00, 0x01,
    0x00, 0x01, 0x00, 0x01, 0x70, 0x00, 0x58, 0x00, 0x00, 0x43, 0x00, 0x23, 0x00, 0x43, 0x00, 0x43,
    0x00, 0x23, 0x00, 0x43, 0x00, 0x43, 0x00, 0x23, 0x00, 0x42, 0x00, 0x43, 0x70, 0x00, 0x78, 0x00,
    0x88, 0x00, 0x68, 0x00, 0x70, 0x00, 0x40, 0x00, 0x40, 0x00, 0x38, 0x01, 0x40, 0x00, 0x40, 0x00,
    0x38, 0x00, 0x38, 0x00, 0x40, 0x00, 0x28, 0x01, 0x28, 0x01, 0x00, 0x43, 0x00, 0x43, 0x00, 0x43,
    0x00, 0x23, 0x00, 0x43, 0x00, 0x22, 0x00, 0x22, 0x48, 0x00, 0x98, 0x00, 0x78, 0x00, 0x80, 0x00,
    0x80, 0x00, 0xF2, 0x00, 0xF2, 0x00, 0xEA, 0x20, 0xA8, 0x00, 0xA8, 0x00, 0x80, 0x00, 0x00, 0x22,
    0x00, 0x02, 0x30, 0x00, 0x30, 0x01, 0x30, 0x00, 0x00, 0x43, 0x00, 0x23, 0x00, 0x43, 0x00, 0x23,
    0x00, 0x23, 0x00, 0x22, 0x00, 0x22, 0x68, 0x00, 0x68, 0x00, 0x58, 0x00, 0x50, 0x00, 0x48, 0x00,
    0x00, 0x23, 0x00, 0x43, 0x00, 0x43, 0x00, 0x43, 0x00, 0x43, 0x00, 0x64, 0x00, 0x64, 0x00, 0x85,
    0x00, 0x43, 0x00, 0x44, 0x00, 0x64, 0x00, 0x64, 0x00, 0x64, 0x00, 0x01, 0x00, 0x01, 0x00, 0x01,
    0x00, 0x01, 0x00, 0x01, 0x00, 0x01, 0x00, 0x22, 0x00, 0x85, 0x00, 0xA6, 0x00, 0xE7, 0x01, 0x4A,
    0x01, 0x29, 0x01, 0x29, 0x01, 0x29, 0x01, 0xAC, 0x02, 0xB1, 0x02, 0x50, 0x01, 0xCD, 0x01, 0xCD,
    0x01, 0x8B, 0x02, 0x70, 0x02, 0x4F, 0x02, 0x91, 0x02, 0x91, 0x01, 0x4A, 0x01, 0x29, 0x01, 0x29,
    0x01, 0x29, 0x01, 0x49, 0x02, 0x0E, 0x02, 0x0E, 0x02, 0x0E, 0x01, 0x08, 0x01, 0x08, 0x00, 0xC6,
    0x01, 0x6A, 0x01, 0x4A, 0x00, 0xA6, 0x00, 0xA6, 0x00, 0xC7, 0x01, 0x4A, 0x01, 0x49, 0x00, 0xA6,
    0x00, 0xC7, 0x01, 0x29, 0x00, 0xA6, 0x00, 0xC6, 0x01, 0x6B, 0x01, 0x4A, 0x01, 0x4A, 0x01, 0x49,
    0x01, 0x08, 0x01, 0x09, 0x00, 0xE7, 0x00, 0x44, 0x00, 0x64, 0x00, 0x23, 0x00, 0x23, 0x00, 0x43,
    0x00, 0x23, 0x70, 0x00, 0x50, 0x00, 0x00, 0x43, 0x00, 0x43, 0x00, 0x43, 0x00, 0x43, 0x00, 0x43,
    0x00, 0x43, 0x00, 0x23, 0x00, 0x23, 0x00, 0x43, 0x00, 0x22, 0x70, 0x00, 0x70, 0x00, 0x88, 0x00,
    0x68, 0x00, 0x78, 0x00, 0x40, 0x00, 0x40, 0x00, 0x38, 0x00, 0x48, 0x00, 0x40, 0x00, 0x30, 0x00,
    0x38, 0x00, 0x40, 0x00, 0x28, 0x01, 0x28, 0x01, 0x00, 0x43, 0x00, 0x22, 0x00, 0x43, 0x00, 0x43,
    0x00, 0x43, 0x00, 0x22, 0x00, 0x22, 0x48, 0x00, 0x90, 0x00, 0x70, 0x00, 0x78, 0x00, 0x70, 0x00,
    0xF2, 0x20, 0xF2, 0x20, 0xF2, 0x40, 0xA8, 0x00, 0xA8, 0x00, 0x80, 0x00, 0x00, 0x02, 0x00, 0x22,
    0x30, 0x00, 0x30, 0x00, 0x30, 0x00, 0x00, 0x22, 0x00, 0x22, 0x00, 0x43, 0x00, 0x23, 0x00, 0x23,
    0x00, 0x22, 0x00, 0x22, 0x68, 0x00, 0x68, 0x00, 0x50, 0x00, 0x48, 0x00, 0x48, 0x00, 0x00, 0x43,
    0x00, 0x23, 0x00, 0x43, 0x00, 0x23, 0x00, 0x43, 0x00, 0x64, 0x00, 0x64, 0x00, 0x85, 0x00, 0x43,
    0x00, 0x43, 0x00, 0x64, 0x00, 0x64, 0x00, 0x64, 0x00, 0x00, 0x00, 0x01, 0x00, 0x01, 0x00, 0x01,
    0x00, 0x01, 0x00, 0x22, 0x00, 0x43, 0x00, 0xA5, 0x00, 0xA6, 0x01, 0x08, 0x01, 0x4A, 0x01, 0x29,
    0x01, 0x29, 0x01, 0x29, 0x01, 0xCD, 0x02, 0x91, 0x02, 0x50, 0x01, 0xCD, 0x01, 0xAD, 0x01, 0x8B,
    0x02, 0x70, 0x02, 0x50, 0x02, 0x70, 0x02, 0x70, 0x01, 0x4A, 0x01, 0x29, 0x01, 0x49, 0x01, 0x29,
    0x01, 0x2A, 0x02, 0x0E, 0x02, 0x0E, 0x02, 0x0E, 0x01, 0x08, 0x00, 0xE8, 0x00, 0xC7, 0x01, 0x6A,
    0x01, 0x4A, 0x00, 0xC6, 0x00, 0xA6, 0x00, 0xC7, 0x01, 0x49, 0x01, 0x4A, 0x00, 0xA6, 0x00, 0xC7,
    0x01, 0x29, 0x00, 0xC6, 0x00, 0xA6, 0x01, 0x6B, 0x01, 0x4A, 0x01, 0x4A, 0x01, 0x49, 0x01, 0x09,
    0x01, 0x08, 0x01, 0x08, 0x00, 0x64, 0x00, 0x65, 0x00, 0x43, 0x00, 0x23, 0x00, 0x43, 0x00, 0x43,
    0x00, 0x43, 0x00, 0x23, 0x00, 0x43, 0x00, 0x43, 0x00, 0x23, 0x00, 0x43, 0x00, 0x43, 0x28, 0x01,
    0x30, 0x01, 0x00, 0x23, 0x00, 0x23, 0x00, 0x43, 0x00, 0x43, 0x00, 0x43, 0x30, 0x01, 0x78, 0x00,
    0x60, 0x00, 0x88, 0x00, 0x90, 0x00, 0x90, 0x00, 0x40, 0x00, 0x48, 0x00, 0x40, 0x00, 0x40, 0x00,
    0x30, 0x01, 0x30, 0x01, 0x30, 0x01, 0x30, 0x01, 0x30, 0x01, 0x28, 0x01, 0x20, 0x01, 0x20, 0x01,
    0x30, 0x01, 0x30, 0x01, 0x30, 0x00, 0x98, 0x00, 0x70, 0x00, 0x70, 0x00, 0x70, 0x00, 0x98, 0x00,
    0xFA, 0xA0, 0xF2, 0x20, 0xE9, 0xC0, 0xE9, 0xC0, 0x90, 0x00, 0x80, 0x00, 0x80, 0x00, 0x38, 0x00,
    0x38, 0x00, 0x38, 0x00, 0x40, 0x00, 0x48, 0x00, 0x00, 0x22, 0x00, 0x43, 0x00, 0x43, 0x00, 0x43,
    0x00, 0x22, 0x00, 0x43, 0x00, 0x43, 0x90, 0x00, 0xD8, 0x80, 0xD8, 0xA0, 0x38, 0x00, 0x30, 0x01,
    0x00, 0x23, 0x00, 0x44, 0x00, 0x64, 0x00, 0x64, 0x00, 0x64, 0x00, 0x23, 0x00, 0x44, 0x00, 0x43,
    0x00, 0x84, 0x00, 0x64, 0x00, 0x02, 0x00, 0x43, 0x00, 0x43, 0x00, 0xA6, 0x00, 0xA6, 0x01, 0x8B,
    0x01, 0xAC, 0x01, 0xAC, 0x01, 0xEE, 0x01, 0xEE, 0x02, 0x4F, 0x02, 0x70, 0x02, 0x70, 0x02, 0x91,
    0x02, 0x91, 0x02, 0xB2, 0x03, 0x55, 0x03, 0x34, 0x01, 0xED, 0x01, 0xAC, 0x02, 0x50, 0x02, 0x50,
    0x02, 0x70, 0x03, 0x14, 0x03, 0x34, 0x03, 0x13, 0x03, 0x13, 0x02, 0xF3, 0x02, 0xF3, 0x02, 0xD2,
    0x02, 0x4F, 0x01, 0x09, 0x01, 0x6B, 0x01, 0x6A, 0x01, 0x4A, 0x01, 0x4A, 0x01, 0x4A, 0x01, 0x6B,
    0x01, 0x6B, 0x01, 0x6A, 0x01, 0x2A, 0x01, 0x08, 0x01, 0x09, 0x00, 0xC6, 0x00, 0xC7, 0x00, 0xA6,
    0x00, 0xA6, 0x00, 0xC7, 0x00, 0xE7, 0x00, 0xE7, 0x01, 0x4A, 0x01, 0x4A, 0x01, 0x49, 0x01, 0x4A,
    0x01, 0x4A, 0x01, 0x6B, 0x01, 0x6B, 0x00, 0xC7, 0x00, 0x85, 0x00, 0x85, 0x00, 0x64, 0x00, 0x43,
    0x00, 0x23, 0x00, 0x23, 0x00, 0x43, 0x00, 0x23, 0x00, 0x43, 0x00, 0x43, 0x30, 0x01, 0x28, 0x01,
    0x00, 0x43, 0x00, 0x23, 0x00, 0x43, 0x00, 0x43, 0x00, 0x43, 0x30, 0x01, 0x78, 0x00, 0x60, 0x00,
    0x88, 0x00, 0x88, 0x00, 0x90, 0x00, 0x40, 0x00, 0x48, 0x00, 0x48, 0x00, 0x40, 0x00, 0x30, 0x00,
    0x30, 0x01, 0x30, 0x01, 0x30, 0x01, 0x30, 0x01, 0x28, 0x01, 0x28, 0x01, 0x28, 0x01, 0x30, 0x01,
    0x30, 0x01, 0x30, 0x01, 0x90, 0x00, 0x70, 0x00, 0x70, 0x00, 0x70, 0x00, 0x90, 0x00, 0xFB, 0x20,
    0xEA, 0x60, 0xE9, 0xC0, 0xE9, 0xC0, 0x88, 0x00, 0x88, 0x00, 0x88, 0x00, 0x38, 0x00, 0x38, 0x00,
    0x40, 0x00, 0x40, 0x00, 0x40, 0x00, 0x00, 0x22, 0x00, 0x22, 0x00, 0x43, 0x00, 0x43, 0x00, 0x43,
    0x00, 0x43, 0x00, 0x43, 0x98, 0x00, 0xE0, 0xE0, 0xD8, 0xA0, 0x38, 0x00, 0x30, 0x01, 0x00, 0x23,
    0x00, 0x43, 0x00, 0x44, 0x00, 0x44, 0x00, 0x64, 0x00, 0x43, 0x00, 0x43, 0x00, 0x63, 0x00, 0x64,
    0x00, 0x64, 0x00, 0x22, 0x00, 0x44, 0x00, 0x43, 0x00, 0xC6, 0x00, 0xC6, 0x01, 0x6A, 0x01, 0x8B,
    0x01, 0x8B, 0x01, 0xCD, 0x01, 0xED, 0x02, 0x4F, 0x02, 0x50, 0x02, 0x50, 0x02, 0xB1, 0x02, 0x91,
    0x02, 0xB1, 0x03, 0x54, 0x03, 0x34, 0x01, 0xCD, 0x01, 0xAC, 0x02, 0x4F, 0x02, 0x70, 0x02, 0x50,
    0x03, 0x13, 0x03, 0x34, 0x03, 0x13, 0x03, 0x13, 0x02, 0xF3, 0x02, 0xF3, 0x02, 0xD2, 0x02, 0x50,
    0x01, 0x29, 0x01, 0x8B, 0x01, 0x4A, 0x01, 0x4A, 0x01, 0x6A, 0x01, 0x6B, 0x01, 0x8B, 0x01, 0x8B,
    0x01, 0x6B, 0x01, 0x4A, 0x01, 0x08, 0x01, 0x08, 0x00, 0xA6, 0x00, 0xC7, 0x00, 0xA6, 0x00, 0xA6,
    0x00, 0xC6, 0x00, 0xC7, 0x00, 0xC6, 0x01, 0x4A, 0x01, 0x4A, 0x01, 0x29, 0x01, 0x29, 0x01, 0x2A,
    0x01, 0x6A, 0x01, 0x8B, 0x00, 0xC6, 0x00, 0xA5, 0x00, 0x85, 0x00, 0x64, 0x00, 0x43, 0x00, 0x43,
    0x00, 0x43, 0x00, 0x64, 0x00, 0x43, 0x00, 0x43, 0x00, 0x43, 0x00, 0x43, 0x00, 0x23, 0x00, 0x23,
    0x00, 0x22, 0x00, 0x43, 0x00, 0x23, 0x00, 0x43, 0x00, 0x23, 0x88, 0x00, 0x60, 0x00, 0x78, 0x00,
    0x78, 0x00, 0x90, 0x00, 0x90, 0x00, 0x88, 0x00, 0x90, 0x00, 0x90, 0x00, 0x38, 0x00, 0x38, 0x01,
    0x30, 0x01, 0x30, 0x01, 0x38, 0x01, 0x60, 0x00, 0x18, 0x01, 0x28, 0x01, 0x30, 0x01, 0x30, 0x01,
    0x28, 0x01, 0x80, 0x00, 0x60, 0x00, 0x70, 0x00, 0x70, 0x00, 0x80, 0x00, 0xFB, 0x40, 0xF2, 0x60,
    0xE9, 0xC0, 0xE9, 0xC0, 0xA0, 0x00, 0x90, 0x00, 0x90, 0x00, 0x40, 0x00, 0x38, 0x00, 0x00, 0x43,
    0x50, 0x00, 0x40, 0x00, 0x38, 0x00, 0x30, 0x00, 0x00, 0x23, 0x00, 0x23, 0x00, 0x23, 0x00, 0x43,
    0x00, 0x43, 0x70, 0x00, 0xE8, 0xE0, 0xD8, 0xE0, 0x38, 0x00, 0x30, 0x01, 0x00, 0x23, 0x00, 0x43,
    0x00, 0x43, 0x00, 0x64, 0x00, 0x64, 0x00, 0x43, 0x00, 0x64, 0x00, 0x64, 0x00, 0x02, 0x00, 0x02,
    0x00, 0x64, 0x00, 0x00, 0x00, 0x01, 0x00, 0x01, 0x00, 0x01, 0x00, 0x01, 0x00, 0x01, 0x00, 0x01,
    0x00, 0x01, 0x00, 0x01, 0x00, 0x01, 0x00, 0x01, 0x00, 0x01, 0x00, 0x01, 0x00, 0x01, 0x00, 0x01,
    0x01, 0x8C, 0x01, 0x49, 0x01, 0x29, 0x01, 0x2A, 0x03, 0x95, 0x03, 0x95, 0x03, 0x95, 0x03, 0x95,
    0x03, 0xB6, 0x03, 0x95, 0x03, 0xB6, 0x03, 0xB6, 0x03, 0x96, 0x03, 0x75, 0x02, 0x70, 0x02, 0x70,
    0x02, 0xB1, 0x02, 0xB1, 0x02, 0x91, 0x01, 0x8B, 0x01, 0xAC, 0x01, 0xAC, 0x01, 0x8C, 0x01, 0x6B,
    0x02, 0x70, 0x00, 0xC7, 0x00, 0xE8, 0x01, 0xCD, 0x01, 0xCD, 0x01, 0x29, 0x01, 0x29, 0x01, 0x29,
    0x00, 0xA6, 0x00, 0xA6, 0x00, 0xA6, 0x00, 0xA6, 0x00, 0xA6, 0x00, 0x85, 0x00, 0x85, 0x00, 0xE7,
    0x00, 0xE7, 0x00, 0xE7, 0x00, 0xC6, 0x00, 0xC6, 0x01, 0x08, 0x00, 0x43, 0x00, 0x43, 0x00, 0x43,
    0x00, 0x63, 0x00, 0x43, 0x00, 0x23, 0x00, 0x23, 0x00, 0x43, 0x00, 0x23, 0x00, 0x43, 0x00, 0x23,
    0x00, 0x23, 0x00, 0x23, 0x00, 0x43, 0x00, 0x23, 0x88, 0x00, 0x60, 0x00, 0x78, 0x00, 0x78, 0x00,
    0x88, 0x00, 0x90, 0x00, 0x90, 0x00, 0x90, 0x00, 0x98, 0x00, 0x38, 0x00, 0x38, 0x00, 0x38, 0x01,
    0x30, 0x00, 0x30, 0x01, 0x60, 0x00, 0x18, 0x01, 0x28, 0x01, 0x30, 0x01, 0x38, 0x01, 0x30, 0x01,
    0x78, 0x00, 0x60, 0x00, 0x68, 0x00, 0x68, 0x00, 0x80, 0x00, 0xFB, 0x40, 0xEA, 0x40, 0xE9, 0xE0,
    0xE9, 0xC0, 0x90, 0x00, 0x90, 0x00, 0x90, 0x00, 0x40, 0x00, 0x48, 0x00, 0x00, 0x43, 0x58, 0x00,
    0x40, 0x00, 0x30, 0x01, 0x30, 0x01, 0x00, 0x22, 0x00, 0x43, 0x00, 0x43, 0x00, 0x43, 0x00, 0x43,
    0x68, 0x00, 0xE0, 0xC0, 0xD8, 0x80, 0x30, 0x00, 0x30, 0x01, 0x00, 0x43, 0x00, 0x43, 0x00, 0x43,
    0x00, 0x64, 0x00, 0x64, 0x00, 0x23, 0x00, 0x64, 0x00, 0x64, 0x00, 0x22, 0x00, 0x01, 0x00, 0x43,
    0x00, 0x00, 0x00, 0x01, 0x00, 0x01, 0x00, 0x01, 0x00, 0x01, 0x00, 0x01, 0x00, 0x01, 0x00, 0x01,
    0x00, 0x01, 0x00, 0x01, 0x00, 0x01, 0x00, 0x01, 0x00, 0x01, 0x00, 0x01, 0x00, 0x01, 0x01, 0xAC,
    0x01, 0x29, 0x01, 0x29, 0x01, 0x09, 0x03, 0x75, 0x03, 0x74, 0x03, 0x74, 0x03, 0x74, 0x03, 0x75,
    0x03, 0x75, 0x03, 0xB6, 0x03, 0xB6, 0x03, 0xB6, 0x03, 0xB6, 0x02, 0x70, 0x02, 0x90, 0x02, 0x91,
    0x02, 0x91, 0x02, 0x92, 0x01, 0xAC, 0x01, 0xAC, 0x01, 0xAC, 0x01, 0x8C, 0x01, 0x8B, 0x02, 0x71,
    0x00, 0xE7, 0x01, 0x08, 0x01, 0xCD, 0x01, 0xCD, 0x01, 0x49, 0x01, 0x29, 0x01, 0x49, 0x00, 0xA6,
    0x00, 0xC6, 0x00, 0xA6, 0x00, 0xA5, 0x00, 0xA6, 0x00, 0xA6, 0x00, 0xA5, 0x00, 0xC7, 0x00, 0xE7,
    0x00, 0xE7, 0x00, 0xC6, 0x00, 0xC6, 0x00, 0xE8, 0x00, 0x64, 0x00, 0x84, 0x00, 0x43, 0x00, 0x43,
    0x00, 0x43, 0x00, 0x43, 0x00, 0x43, 0x00, 0x23, 0x00, 0x43, 0x00, 0x43, 0x00, 0x43, 0x00, 0x43,
    0x00, 0x43, 0x00, 0x43, 0x00, 0x43, 0x00, 0x43, 0x00, 0x43, 0x48, 0x00, 0x48, 0x00, 0x48, 0x00,
    0xA0, 0x00, 0x90, 0x00, 0x78, 0x00, 0x70, 0x00, 0x80, 0x00, 0x88, 0x00, 0x88, 0x00, 0x20, 0x01,
    0x20, 0x01, 0x20, 0x01, 0x78, 0x00, 0x60, 0x00, 0x38, 0x00, 0x40, 0x00, 0x88, 0x00, 0x90, 0x00,
    0x90, 0x00, 0x80, 0x00, 0x80, 0x00, 0x88, 0x00, 0xB0, 0x00, 0xA0, 0x00, 0xE9, 0x80, 0xE9, 0x60,
    0xE9, 0xA0, 0xA8, 0x00, 0xB8, 0x00, 0x40, 0x00, 0x40, 0x00, 0x00, 0x43, 0x00, 0x43, 0x00, 0x23,
    0x78, 0x00, 0x70, 0x00, 0x00, 0x43, 0x00, 0x43, 0x00, 0x43, 0x00, 0x43, 0x00, 0x43, 0x00, 0x22,
    0x30, 0x01, 0x28, 0x01, 0x28, 0x01, 0x28, 0x01, 0x00, 0x23, 0x00, 0x43, 0x00, 0x44, 0x00, 0x64,
    0x00, 0x64, 0x00, 0x43, 0x00, 0x85, 0x00, 0x84, 0x00, 0x22, 0x00, 0x22, 0x00, 0x01, 0x00, 0x01,
    0x00, 0x01, 0x00, 0x01, 0x00, 0x01, 0x00, 0x01, 0x00, 0x01, 0x00, 0x01, 0x00, 0x01, 0x00, 0x01,
    0x00, 0x01, 0x00, 0x01, 0x00, 0x01, 0x00, 0x01, 0x00, 0x01, 0x00, 0x01, 0x00, 0x01, 0x00, 0x01,
    0x00, 0x01, 0x00, 0x01, 0x00, 0x01, 0x00, 0x01, 0x00, 0x01, 0x00, 0x01, 0x00, 0x01, 0x00, 0x01,
    0x01, 0x8B, 0x01, 0x4A, 0x03, 0x75, 0x03, 0x75, 0x03, 0x75, 0x03, 0x75, 0x03, 0x75, 0x03, 0x55,
    0x03, 0x74, 0x03, 0x75, 0x03, 0x75, 0x03, 0x74, 0x03, 0x55, 0x03, 0x54, 0x03, 0x75, 0x03, 0x54,
    0x03, 0x54, 0x03, 0x34, 0x03, 0x33, 0x02, 0xF2, 0x02, 0x2E, 0x02, 0x0E, 0x02, 0x0E, 0x01, 0xEE,
    0x01, 0xED, 0x01, 0xCD, 0x01, 0x6A, 0x01, 0x4A, 0x01, 0x29, 0x00, 0x65, 0x00, 0x85, 0x00, 0x85,
    0x00, 0x85, 0x00, 0x85, 0x00, 0xA6, 0x00, 0x85, 0x00, 0x85, 0x00, 0x43, 0x00, 0x23, 0x00, 0x23,
    0x00, 0x43, 0x00, 0x23, 0x00, 0x43, 0x00, 0x23, 0x00, 0x43, 0x00, 0x43, 0x00, 0x43, 0x00, 0x64,
    0x00, 0x44, 0x00, 0x43, 0x00, 0x42, 0x00, 0x23, 0x58, 0x00, 0x58, 0x00, 0x48, 0x00, 0xA0, 0x00,
    0x90, 0x00, 0x78, 0x00, 0x70, 0x00, 0x80, 0x00, 0x88, 0x00, 0x80, 0x00, 0x00, 0x01, 0x00, 0x01,
    0x00, 0x01, 0x58, 0x00, 0x48, 0x00, 0x38, 0x00, 0x40, 0x00, 0x88, 0x00, 0x80, 0x00, 0x78, 0x00,
    0x88, 0x00, 0x88, 0x00, 0x88, 0x00, 0xB0, 0x00, 0xA0, 0x00, 0xF1, 0xA0, 0xF9, 0x80, 0xF1, 0xC0,
    0xA8, 0x00, 0xB8, 0x00, 0x40, 0x00, 0x40, 0x00, 0x00, 0x43, 0x00, 0x23, 0x00, 0x22, 0x60, 0x00,
    0x60, 0x00, 0x00, 0x23, 0x00, 0x43, 0x00, 0x23, 0x00, 0x43, 0x00, 0x43, 0x00, 0x23, 0x30, 0x00,
    0x20, 0x01, 0x18, 0x02, 0x20, 0x01, 0x00, 0x23, 0x00, 0x43, 0x00, 0x43, 0x00, 0x64, 0x00, 0x43,
    0x00, 0x23, 0x00, 0x64, 0x00, 0x64, 0x00, 0x02, 0x00, 0x01, 0x00, 0x00, 0x00, 0x01, 0x00, 0x01,
    0x00, 0x01, 0x00, 0x01, 0x00, 0x01, 0x00, 0x01, 0x00, 0x01, 0x00, 0x01, 0x00, 0x01, 0x00, 0x01,
    0x00, 0x01, 0x00, 0x01, 0x00, 0x01, 0x00, 0x01, 0x00, 0x01, 0x00, 0x01, 0x00, 0x01, 0x00, 0x01,
    0x00, 0x01, 0x00, 0x01, 0x00, 0x01, 0x00, 0x01, 0x00, 0x00, 0x00, 0x00, 0x00, 0x21, 0x01, 0xEF,
    0x01, 0xAD, 0x04, 0x39, 0x04, 0x39, 0x04, 0x3A, 0x03, 0xF8, 0x03, 0xD8, 0x03, 0xB7, 0x03, 0xD8,
    0x03, 0x75, 0x02, 0x92, 0x02, 0x2F, 0x02, 0xF3, 0x03, 0x34, 0x03, 0xB7, 0x03, 0x76, 0x03, 0x55,
    0x03, 0x75, 0x03, 0x75, 0x02, 0xF3, 0x01, 0xEE, 0x01, 0xAC, 0x01, 0xCD, 0x01, 0x8C, 0x01, 0xAC,
    0x01, 0x8C, 0x01, 0x4A, 0x00, 0xE8, 0x00, 0xC6, 0x00, 0x22, 0x00, 0x23, 0x00, 0x43, 0x00, 0x22,
    0x00, 0x43, 0x00, 0x64, 0x00, 0x43, 0x00, 0x43, 0x00, 0x43, 0x00, 0x43, 0x00, 0x23, 0x00, 0x23,
    0x00, 0x43, 0x00, 0x43, 0x00, 0x43, 0x00, 0x43, 0x00, 0x43, 0x00, 0x23, 0x38, 0x00, 0x38, 0x00,
    0x28, 0x01, 0x00, 0x64, 0x00, 0x23, 0x00, 0x23, 0x00, 0x43, 0x40, 0x00, 0x90, 0x00, 0x80, 0x00,
    0x78, 0x00, 0x70, 0x00, 0x88, 0x00, 0xB8, 0x00, 0xA8, 0x00, 0xB8, 0x00, 0xB8, 0x00, 0xB8, 0x00,
    0x68, 0x00, 0x80, 0x00, 0x38, 0x00, 0x40, 0x00, 0xB0, 0x00, 0xE8, 0x80, 0xD8, 0x60, 0x70, 0x00,
    0x70, 0x00, 0xA0, 0x00, 0xD8, 0x40, 0xC0, 0x00, 0xB0, 0x00, 0xB0, 0x00, 0xE0, 0xE0, 0x98, 0x00,
    0xB0, 0x00, 0x40, 0x00, 0x38, 0x00, 0x00, 0x23, 0x00, 0x43, 0x00, 0x02, 0xA0, 0x00, 0xA8, 0x20,
    0x58, 0x00, 0x00, 0x43, 0x00, 0x43, 0x00, 0x43, 0x00, 0x43, 0x00, 0x43, 0x50, 0x00, 0x48, 0x00,
    0x40, 0x00, 0x40, 0x00, 0x00, 0x23, 0x00, 0x43, 0x00, 0x43, 0x00, 0x64, 0x00, 0x64, 0x00, 0x43,
    0x00, 0x84, 0x00, 0x64, 0x00, 0x43, 0x00, 0x43, 0x00, 0x64, 0x00, 0x00, 0x00, 0x01, 0x00, 0x01,
    0x00, 0x01, 0x00, 0x01, 0x00, 0x01, 0x00, 0x01, 0x00, 0x01, 0x00, 0x01, 0x00, 0x01, 0x00, 0x01,
    0x00, 0x01, 0x00, 0x01, 0x00, 0x01, 0x00, 0x01, 0x00, 0x01, 0x00, 0x01, 0x00, 0x01, 0x00, 0x01,
    0x00, 0x01, 0x00, 0x01, 0x00, 0x01, 0x00, 0x85, 0x00, 0x64, 0x00, 0x01, 0x00, 0x01, 0x00, 0x01,
    0x00, 0x02, 0x00, 0x01, 0x00, 0x01, 0x00, 0x01, 0x00, 0x01, 0x00, 0x43, 0x00, 0x43, 0x00, 0x64,
    0x00, 0x43, 0x00, 0x43, 0x00, 0xE7, 0x01, 0x08, 0x01, 0x8B, 0x03, 0x97, 0x03, 0x34, 0x02, 0x70,
    0x02, 0x91, 0x03, 0x13, 0x03, 0x13, 0x03, 0x13, 0x03, 0x13, 0x03, 0x34, 0x02, 0x4F, 0x02, 0x50,
    0x01, 0xCD, 0x02, 0xF2, 0x02, 0x91, 0x01, 0x8B, 0x01, 0x8C, 0x00, 0xE7, 0x01, 0xAC, 0x01, 0x8B,
    0x01, 0x8B, 0x00, 0x22, 0x00, 0x43, 0x00, 0x43, 0x00, 0x43, 0x00, 0x43, 0x10, 0x22, 0x08, 0x42,
    0x00, 0x43, 0x08, 0x22, 0x00, 0x23, 0x08, 0x23, 0x08, 0x22, 0x38, 0x00, 0x38, 0x00, 0x28, 0x01,
    0x00, 0x43, 0x00, 0x43, 0x00, 0x23, 0x00, 0x43, 0x30, 0x01, 0x80, 0x00, 0x80, 0x00, 0x70, 0x00,
    0x70, 0x00, 0x68, 0x00, 0x98, 0x00, 0x98, 0x00, 0xB8, 0x00, 0xB0, 0x00, 0xB8, 0x00, 0x78, 0x00,
    0x80, 0x00, 0x50, 0x00, 0x50, 0x00, 0xB0, 0x00, 0xD0, 0x40, 0xC0, 0x20, 0x90, 0x00, 0xA0, 0x00,
    0x90, 0x00, 0xE0, 0x20, 0xC0, 0x20, 0xA8, 0x00, 0xA8, 0x00, 0xE0, 0xE0, 0xA0, 0x00, 0xA8, 0x00,
    0x48, 0x00, 0x40, 0x00, 0x00, 0x23, 0x00, 0x22, 0x08, 0x02, 0x88, 0x40, 0x88, 0x00, 0x50, 0x00,
    0x00, 0x24, 0x00, 0x43, 0x00, 0x23, 0x00, 0x23, 0x00, 0x23, 0x50, 0x00, 0x48, 0x00, 0x40, 0x00,
    0x40, 0x00, 0x08, 0x02, 0x00, 0x43, 0x00, 0x43, 0x00, 0x43, 0x00, 0x64, 0x00, 0x64, 0x00, 0x64,
    0x00, 0x64, 0x00, 0x43, 0x00, 0x44, 0x00, 0x43, 0x00, 0x00, 0x00, 0x01, 0x00, 0x01, 0x00, 0x01,
    0x00, 0x02, 0x00, 0x01, 0x00, 0x01, 0x00, 0x01, 0x00, 0x01, 0x00, 0x01, 0x00, 0x01, 0x00, 0x01,
    0x00, 0x01, 0x00, 0x01, 0x00, 0x01, 0x00, 0x01, 0x00, 0x01, 0x00, 0x01, 0x00, 0x01, 0x00, 0x01,
    0x00, 0x01, 0x00, 0x01, 0x00, 0x84, 0x00, 0x85, 0x00, 0x01, 0x00, 0x01, 0x00, 0x00, 0x00, 0x22,
    0x00, 0x01, 0x00, 0x01, 0x00, 0x43, 0x00, 0x43, 0x00, 0x43, 0x00, 0x43, 0x00, 0x64, 0x00, 0x43,
    0x00, 0x43, 0x00, 0xE7, 0x01, 0x08, 0x01, 0x4A, 0x02, 0xD3, 0x02, 0xD2, 0x02, 0x2F, 0x02, 0x2F,
    0x02, 0x2F, 0x02, 0x2F, 0x01, 0x28, 0x01, 0x6A, 0x01, 0x4A, 0x01, 0x29, 0x01, 0x28, 0x01, 0x49,
    0x02, 0x91, 0x02, 0x0E, 0x00, 0xE8, 0x00, 0xC7, 0x00, 0x85, 0x00, 0x43, 0x00, 0x22, 0x00, 0x01,
    0x00, 0x64, 0x00, 0x64, 0x00, 0x43, 0x00, 0x43, 0x00, 0x43, 0x60, 0x00, 0x58, 0x00, 0x38, 0x01,
    0x40, 0x00, 0x28, 0x01, 0x20, 0x01, 0x28, 0x01, 0x30, 0x01, 0x30, 0x01, 0x30, 0x01, 0x00, 0x64,
    0x00, 0x43, 0x00, 0x23, 0x00, 0x23, 0x00, 0x22, 0x58, 0x00, 0x48, 0x00, 0x50, 0x00, 0x50, 0x00,
    0x50, 0x00, 0x50, 0x00, 0x50, 0x00, 0xB0, 0x00, 0xB0, 0x00, 0xA8, 0x00, 0xA0, 0x00, 0xA0, 0x00,
    0xA0, 0x00, 0xA0, 0x00, 0xA8, 0x00, 0xB0, 0x00, 0xA8, 0x00, 0xC0, 0x00, 0xB8, 0x00, 0x40, 0x00,
    0xD8, 0x20, 0xC0, 0x00, 0xA0, 0x00, 0xA8, 0x00, 0xD8, 0x80, 0xE1, 0x00, 0xE0, 0xE0, 0x48, 0x00,
    0x48, 0x00, 0x40, 0x00, 0x18, 0x01, 0x28, 0x01, 0x28, 0x01, 0x28, 0x01, 0x28, 0x01, 0x00, 0x43,
    0x00, 0x43, 0x00, 0x23, 0x00, 0x43, 0x00, 0x23, 0x50, 0x00, 0x48, 0x00, 0x48, 0x00, 0x40, 0x00,
    0x58, 0x00, 0x00, 0x44, 0x00, 0x43, 0x00, 0x43, 0x00, 0x64, 0x00, 0x64, 0x00, 0x23, 0x00, 0x43,
    0x00, 0x64, 0x00, 0x43, 0x00, 0x23, 0x00, 0x22, 0x00, 0x22, 0x00, 0x22, 0x00, 0x23, 0x00, 0x23,
    0x00, 0x01, 0x00, 0x01, 0x00, 0x01, 0x00, 0x01, 0x00, 0x01, 0x00, 0x01, 0x00, 0x01, 0x00, 0x01,
    0x00, 0x01, 0x00, 0x01, 0x00, 0x01, 0x00, 0x01, 0x00, 0x01, 0x00, 0x01, 0x00, 0x01, 0x00, 0x85,
    0x00, 0x64, 0x00, 0xA5, 0x00, 0x85, 0x00, 0x64, 0x00, 0x64, 0x00, 0x85, 0x00, 0x64, 0x00, 0x64,
    0x00, 0x01, 0x00, 0xE8, 0x00, 0xC7, 0x00, 0x64, 0x00, 0x64, 0x00, 0xE7, 0x00, 0x23, 0x00, 0x43,
    0x00, 0x23, 0x00, 0x23, 0x00, 0x01, 0x00, 0x01, 0x00, 0x02, 0x00, 0x01, 0x00, 0x01, 0x00, 0x01,
    0x00, 0x01, 0x00, 0x01, 0x00, 0x01, 0x00, 0x01, 0x00, 0x01, 0x00, 0x01, 0x00, 0x01, 0x00, 0x01,
    0x00, 0x01, 0x00, 0x01, 0x00, 0x01, 0x00, 0x01, 0x00, 0x01, 0x00, 0x01, 0x00, 0x01, 0x28, 0x01,
    0x30, 0x00, 0x30, 0x00, 0x28, 0x00, 0x90, 0x00, 0xA0, 0x00, 0xA0, 0x00, 0x88, 0x00, 0x88, 0x00,
    0x78, 0x00, 0x38, 0x00, 0x50, 0x00, 0x40, 0x00, 0x38, 0x00, 0x38, 0x00, 0x38, 0x00, 0x40, 0x00,
    0x98, 0x00, 0x90, 0x00, 0x98, 0x00, 0x58, 0x00, 0x50, 0x00, 0x50, 0x00, 0x58, 0x00, 0x58, 0x00,
    0x58, 0x00, 0x70, 0x00, 0x48, 0x00, 0x48, 0x00, 0xA8, 0x00, 0xA8, 0x00, 0xA8, 0x00, 0xE8, 0x60,
    0xF0, 0x60, 0xE8, 0x40, 0xD8, 0x20, 0xE0, 0x20, 0x88, 0x00, 0x88, 0x00, 0x60, 0x00, 0xC0, 0x00,
    0x90, 0x00, 0xD8, 0x40, 0xE0, 0x20, 0xA8, 0x00, 0xE0, 0x80, 0xD0, 0x40, 0x58, 0x00, 0x60, 0x00,
    0x50, 0x00, 0x20, 0x01, 0x28, 0x01, 0x28, 0x01, 0x28, 0x01, 0x30, 0x00, 0x00, 0x63, 0x00, 0x43,
    0x00, 0x43, 0x00, 0x43, 0x00, 0x43, 0x00, 0x23, 0x00, 0x44, 0x00, 0x03, 0x00, 0x03, 0x58, 0x00,
    0x00, 0x43, 0x00, 0x43, 0x00, 0x23, 0x00, 0x43, 0x00, 0x22, 0x40, 0x00, 0x30, 0x00, 0x00, 0x43,
    0x00, 0x43, 0x00, 0x43, 0x00, 0x43, 0x00, 0x23, 0x00, 0x43, 0x00, 0x44, 0x00, 0x43, 0x00, 0x23,
    0x00, 0x43, 0x00, 0x44, 0x00, 0x44, 0x00, 0x01, 0x00, 0x01, 0x00, 0x01, 0x00, 0x01, 0x00, 0x01,
    0x00, 0x01, 0x00, 0x01, 0x00, 0x01, 0x00, 0x01, 0x00, 0x01, 0x00, 0x01, 0x00, 0x01, 0x00, 0x01,
    0x00, 0x64, 0x00, 0x43, 0x00, 0x64, 0x01, 0x49, 0x01, 0x08, 0x00, 0x22, 0x00, 0x01, 0x01, 0x4A,
    0x01, 0x29, 0x01, 0x09, 0x01, 0x6B, 0x01, 0x6B, 0x00, 0x43, 0x00, 0x43, 0x00, 0x43, 0x00, 0x43,
    0x00, 0x43, 0x00, 0x01, 0x00, 0x01, 0x00, 0x01, 0x00, 0x01, 0x00, 0x01, 0x00, 0x01, 0x00, 0x01,
    0x00, 0x01, 0x00, 0x01, 0x00, 0x01, 0x00, 0x01, 0x00, 0x01, 0x00, 0x01, 0x00, 0x01, 0x00, 0x01,
    0x00, 0x01, 0x00, 0x01, 0x00, 0x01, 0x00, 0x01, 0x00, 0x01, 0x00, 0x01, 0x30, 0x00, 0x30, 0x01,
    0x38, 0x00, 0x38, 0x00, 0x70, 0x00, 0x90, 0x00, 0x88, 0x00, 0x78, 0x00, 0x78, 0x00, 0x80, 0x00,
    0x40, 0x00, 0x50, 0x00, 0x40, 0x00, 0x40, 0x00, 0x40, 0x00, 0x38, 0x00, 0x38, 0x00, 0x70, 0x00,
    0x70, 0x00, 0x78, 0x00, 0x48, 0x00, 0x50, 0x00, 0x50, 0x00, 0x50, 0x00, 0x58, 0x00, 0x58, 0x00,
    0x60, 0x00, 0x60, 0x00, 0x60, 0x00, 0xA8, 0x00, 0xA0, 0x00, 0xA8, 0x00, 0xD8, 0x40, 0xD8, 0x60,
    0xD0, 0x20, 0xC8, 0x00, 0xD0, 0x20, 0xA0, 0x00, 0x98, 0x00, 0x58, 0x00, 0xA8, 0x00, 0x80, 0x00,
    0xD0, 0x20, 0xC8, 0x20, 0xB0, 0x00, 0xE8, 0x80, 0xD8, 0x40, 0x58, 0x00, 0x58, 0x00, 0x50, 0x00,
    0x18, 0x01, 0x28, 0x01, 0x28, 0x01, 0x28, 0x01, 0x30, 0x00, 0x00, 0x43, 0x00, 0x43, 0x00, 0x43,
    0x00, 0x43, 0x00, 0x43, 0x00, 0x43, 0x00, 0x23, 0x18, 0x02, 0x10, 0x02, 0x60, 0x00, 0x00, 0x24,
    0x00, 0x43, 0x00, 0x43, 0x00, 0x43, 0x00, 0x43, 0x40, 0x00, 0x30, 0x00, 0x00, 0x23, 0x00, 0x43,
    0x00, 0x43, 0x00, 0x43, 0x00, 0x23, 0x00, 0x43, 0x00, 0x43, 0x00, 0x43, 0x00, 0x22, 0x00, 0x23,
    0x00, 0x43, 0x00, 0x23, 0x00, 0x01, 0x00, 0x01, 0x00, 0x01, 0x00, 0x01, 0x00, 0x01, 0x00, 0x01,
    0x00, 0x01, 0x00, 0x01, 0x00, 0x01, 0x00, 0x01, 0x00, 0x01, 0x00, 0x01, 0x00, 0x01, 0x00, 0x64,
    0x00, 0x44, 0x00, 0x85, 0x01, 0x8B, 0x01, 0x4A, 0x00, 0x02, 0x00, 0x01, 0x01, 0x6A, 0x01, 0x29,
    0x01, 0x29, 0x01, 0x4A, 0x01, 0x4A, 0x00, 0x64, 0x00, 0x43, 0x00, 0x44, 0x00, 0x43, 0x00, 0x64,
    0x00, 0x01, 0x00, 0x01, 0x00, 0x01, 0x00, 0x01, 0x00, 0x21, 0x00, 0x01, 0x00, 0x01, 0x00, 0x01,
    0x00, 0x01, 0x00, 0x01, 0x00, 0x01, 0x00, 0x01, 0x00, 0x01, 0x00, 0x01, 0x00, 0x01, 0x00, 0x01,
    0x00, 0x01, 0x00, 0x01, 0x00, 0x01, 0x00, 0x01, 0x00, 0x01, 0xE8, 0x00, 0xB8, 0x00, 0xB8, 0x00,
    0xC0, 0x00, 0xB8, 0x00, 0x48, 0x00, 0x60, 0x00, 0x60, 0x00, 0x60, 0x00, 0xA8, 0x00, 0xB0, 0x00,
    0xB8, 0x00, 0xA8, 0x00, 0xA8, 0x00, 0xA0, 0x00, 0xA0, 0x00, 0x98, 0x00, 0x98, 0x00, 0x98, 0x00,
    0x58, 0x00, 0xD8, 0x20, 0xB8, 0x00, 0xA0, 0x00, 0xA0, 0x00, 0xA0, 0x00, 0x68, 0x00, 0x78, 0x00,
    0x60, 0x00, 0x60, 0x00, 0x58, 0x00, 0xE0, 0x00, 0xB0, 0x00, 0xD0, 0x40, 0xD8, 0x40, 0x88, 0x00,
    0xF0, 0x40, 0xC8, 0x20, 0xD8, 0x40, 0xD8, 0x60, 0x48, 0x00, 0x08, 0x02, 0x18, 0x01, 0xA0, 0x00,
    0xA0, 0x00, 0xA0, 0x00, 0xE8, 0xA0, 0xD8, 0x60, 0xD8, 0x80, 0xE0, 0xC0, 0xB0, 0x00, 0x08, 0x21,
    0x30, 0x01, 0x30, 0x00, 0x30, 0x00, 0x30, 0x00, 0x00, 0x43, 0x00, 0x43, 0x30, 0x01, 0x30, 0x01,
    0x00, 0x43, 0x00, 0x43, 0x00, 0x43, 0x40, 0x00, 0x38, 0x00, 0x60, 0x00, 0x00, 0x43, 0x00, 0x43,
    0x00, 0x64, 0x00, 0x43, 0x00, 0x23, 0x58, 0x00, 0x40, 0x00, 0x40, 0x00, 0x38, 0x00, 0x00, 0x43,
    0x00, 0x43, 0x00, 0x43, 0x00, 0x43, 0x00, 0x43, 0x00, 0x43, 0x00, 0x44, 0x00, 0x43, 0x00, 0x43,
    0x00, 0x43, 0x00, 0x44, 0x00, 0x22, 0x00, 0x22, 0x00, 0x01, 0x00, 0x01, 0x00, 0x01, 0x00, 0x01,
    0x00, 0x01, 0x00, 0x01, 0x00, 0x01, 0x00, 0x01, 0x00, 0x01, 0x00, 0x01, 0x00, 0x01, 0x00, 0x01,
    0x00, 0x85, 0x01, 0xAC, 0x01, 0x6A, 0x00, 0x01, 0x00, 0x01, 0x01, 0xCD, 0x01, 0x8C, 0x01, 0x6A,
    0x00, 0x43, 0x00, 0x44, 0x04, 0xBA, 0x05, 0x5C, 0x05, 0x1B, 0x00, 0x63, 0x00, 0x43, 0x00, 0x01,
    0x00, 0x02, 0x00, 0x22, 0x00, 0x23, 0x00, 0x43, 0x00, 0x01, 0x00, 0x01, 0x00, 0x01, 0x00, 0x01,
    0x00, 0x01, 0x00, 0x01, 0x00, 0x01, 0x00, 0x01, 0x00, 0x01, 0x00, 0x01, 0x00, 0x01, 0x00, 0x01,
    0x00, 0x01, 0x00, 0x01, 0x00, 0x01, 0x00, 0x00, 0xE0, 0x20, 0xB8, 0x00, 0xB8, 0x00, 0xB8, 0x00,
    0xB8, 0x00, 0x58, 0x00, 0x60, 0x00, 0x68, 0x00, 0x60, 0x00, 0xA8, 0x00, 0xB8, 0x00, 0xB0, 0x00,
    0xA8, 0x00, 0xB0, 0x00, 0xA0, 0x00, 0xA0, 0x00, 0x98, 0x00, 0x98, 0x00, 0x98, 0x00, 0x50, 0x00,
    0xE0, 0x40, 0xB8, 0x20, 0xA0, 0x00, 0xA0, 0x00, 0xA0, 0x00, 0x78, 0x00, 0x78, 0x00, 0x60, 0x00,
    0x60, 0x00, 0x58, 0x00, 0xD0, 0x00, 0xB0, 0x00, 0xD0, 0x40, 0xD0, 0x40, 0x88, 0x00, 0xF0, 0x40,
    0xD0, 0x20, 0xE0, 0x80, 0xD8, 0x80, 0x48, 0x00, 0x18, 0x02, 0x18, 0x01, 0xA0, 0x00, 0xA0, 0x00,
    0xA0, 0x00, 0xE8, 0xC0, 0xE0, 0x80, 0xE0, 0xC0, 0xE0, 0xA0, 0xB8, 0x00, 0x10, 0x00, 0x30, 0x00,
    0x30, 0x00, 0x30, 0x00, 0x30, 0x00, 0x00, 0x43, 0x00, 0x23, 0x30, 0x01, 0x30, 0x01, 0x00, 0x43,
    0x00, 0x43, 0x00, 0x43, 0x48, 0x00, 0x38, 0x00, 0x68, 0x00, 0x00, 0x44, 0x00, 0x43, 0x00, 0x64,
    0x00, 0x63, 0x00, 0x43, 0x58, 0x00, 0x40, 0x00, 0x38, 0x00, 0x38, 0x00, 0x00, 0x43, 0x00, 0x43,
    0x00, 0x43, 0x00, 0x43, 0x00, 0x43, 0x00, 0x43, 0x00, 0x43, 0x00, 0x44, 0x00, 0x23, 0x00, 0x43,
    0x00, 0x44, 0x00, 0x02, 0x00, 0x02, 0x00, 0x01, 0x00, 0x01, 0x00, 0x01, 0x00, 0x01, 0x00, 0x01,
    0x00, 0x01, 0x00, 0x01, 0x00, 0x01, 0x00, 0x01, 0x00, 0x01, 0x00, 0x01, 0x00, 0x01, 0x00, 0x65,
    0x01, 0xAC, 0x01, 0x6A, 0x00, 0x01, 0x00, 0x01, 0x01, 0xCD, 0x01, 0xCD, 0x01, 0xAB, 0x00, 0x43,
    0x00, 0x43, 0x04, 0xDB, 0x04, 0xFB, 0x04, 0xFC, 0x00, 0x84, 0x00, 0x43, 0x00, 0x01, 0x00, 0x02,
    0x00, 0x22, 0x00, 0x43, 0x00, 0x43, 0x00, 0x01, 0x00, 0x01, 0x00, 0x01, 0x00, 0x01, 0x00, 0x01,
    0x00, 0x01, 0x00, 0x01, 0x00, 0x01, 0x00, 0x01, 0x00, 0x01, 0x00, 0x01, 0x00, 0x01, 0x00, 0x01,
    0x00, 0x01, 0x00, 0x01, 0x00, 0x01, 0xD8, 0x40, 0xD0, 0x60, 0xB8, 0x00, 0xB8, 0x00, 0x78, 0x00,
    0xB8, 0x00, 0xA8, 0x00, 0xB8, 0x00, 0xB8, 0x00, 0xC0, 0x00, 0xC8, 0x00, 0xC8, 0x00, 0x70, 0x00,
    0x68, 0x00, 0x58, 0x00, 0x50, 0x00, 0x58, 0x00, 0x58, 0x00, 0x58, 0x00, 0xC0, 0x20, 0xE8, 0xC0,
    0xE0, 0xA0, 0xD8, 0x60, 0xD8, 0x60, 0xB0, 0x00, 0xB0, 0x00, 0xB0, 0x00, 0xC8, 0x00, 0xC0, 0x20,
    0x30, 0x00, 0x30, 0x00, 0x30, 0x00, 0x30, 0x01, 0x30, 0x00, 0x30, 0x00, 0xF8, 0x20, 0xD0, 0x20,
    0xD8, 0x60, 0xD8, 0x60, 0xA0, 0x00, 0xA0, 0x00, 0x98, 0x00, 0x48, 0x00, 0x48, 0x00, 0xA8, 0x00,
    0xA0, 0x00, 0x98, 0x00, 0xE0, 0xA0, 0xE0, 0xA0, 0xD8, 0x60, 0x60, 0x00, 0x88, 0x00, 0x58, 0x00,
    0x58, 0x00, 0x38, 0x00, 0x00, 0x43, 0x00, 0x43, 0x00, 0x23, 0x00, 0x43, 0x00, 0x43, 0x00, 0x63,
    0x00, 0x43, 0x48, 0x00, 0x40, 0x00, 0x68, 0x00, 0x00, 0x44, 0x00, 0x43, 0x00, 0x43, 0x00, 0x43,
    0x00, 0x23, 0x28, 0x01, 0x28, 0x01, 0x38, 0x00, 0x38, 0x00, 0x00, 0x23, 0x00, 0x23, 0x00, 0x43,
    0x00, 0x43, 0x00, 0x43, 0x00, 0x84, 0x00, 0x22, 0x00, 0x23, 0x00, 0xA5, 0x00, 0xA5, 0x00, 0x23,
    0x00, 0x23, 0x00, 0x22, 0x00, 0x22, 0x00, 0x02, 0x00, 0x22, 0x00, 0x00, 0x00, 0x01, 0x00, 0x01,
    0x00, 0x01, 0x00, 0x01, 0x00, 0x01, 0x00, 0x01, 0x0C, 0xB7, 0x14, 0xB7, 0x00, 0x01, 0x01, 0xCD,
    0x01, 0x6A, 0x00, 0x84, 0x00, 0x64, 0x00, 0x22, 0x00, 0x22, 0x00, 0x22, 0x04, 0x57, 0x04, 0xDA,
    0x05, 0x1B, 0x02, 0x0D, 0x02, 0x2D, 0x00, 0x63, 0x00, 0x64, 0x00, 0x64, 0x00, 0x64, 0x00, 0x64,
    0x00, 0x43, 0x00, 0x43, 0x00, 0x01, 0x00, 0x01, 0x00, 0x01, 0x00, 0x65, 0x00, 0x44, 0x00, 0x64,
    0x00, 0x44, 0x00, 0x23, 0x00, 0x01, 0x00, 0x01, 0x00, 0x01, 0x00, 0x01, 0x00, 0x01, 0x00, 0x01,
    0x00, 0x01, 0x00, 0x01, 0xD0, 0x20, 0xC8, 0x20, 0xB8, 0x00, 0xB8, 0x00, 0x78, 0x00, 0xB8, 0x00,
    0xA0, 0x00, 0xB8, 0x00, 0xC0, 0x00, 0xC0, 0x00, 0xC0, 0x20, 0xB8, 0x00, 0x68, 0x00, 0x68, 0x00,
    0x60, 0x00, 0x58, 0x00, 0x58, 0x00, 0x58, 0x00, 0x58, 0x00, 0xC0, 0x00, 0xE0, 0xA0, 0xD8, 0x80,
    0xD8, 0x60, 0xD8, 0x40, 0xB0, 0x00, 0xB0, 0x00, 0xB0, 0x00, 0xC0, 0x00, 0xC0, 0x00, 0x40, 0x00,
    0x18, 0x01, 0x20, 0x01, 0x18, 0x01, 0x18, 0x01, 0x20, 0x01, 0xF8, 0x60, 0xD0, 0x20, 0xD8, 0x60,
    0xD8, 0x60, 0xA0, 0x00, 0xA8, 0x00, 0xA8, 0x00, 0x48, 0x00, 0x48, 0x00, 0x98, 0x00, 0xA0, 0x00,
    0x98, 0x00, 0xD8, 0x80, 0xE0, 0x60, 0xD8, 0x80, 0x58, 0x00, 0x80, 0x00, 0x58, 0x00, 0x50, 0x00,
    0x40, 0x00, 0x00, 0x43, 0x00, 0x23, 0x00, 0x23, 0x00, 0x43, 0x00, 0x23, 0x00, 0x64, 0x00, 0x43,
    0x48, 0x00, 0x40, 0x00, 0x68, 0x00, 0x00, 0x23, 0x00, 0x43, 0x00, 0x23, 0x00, 0x43, 0x00, 0x22,
    0x30, 0x00, 0x30, 0x01, 0x38, 0x00, 0x38, 0x00, 0x00, 0x43, 0x00, 0x23, 0x00, 0x43, 0x00, 0x23,
    0x00, 0x43, 0x00, 0x85, 0x00, 0x22, 0x00, 0x23, 0x00, 0x85, 0x00, 0x85, 0x00, 0x43, 0x00, 0x22,
    0x00, 0x22, 0x00, 0x02, 0x00, 0x02, 0x00, 0x22, 0x00, 0x01, 0x00, 0x01, 0x00, 0x01, 0x00, 0x01,
    0x00, 0x01, 0x00, 0x01, 0x00, 0x01, 0x24, 0xB7, 0x2C, 0x76, 0x00, 0x01, 0x01, 0xAC, 0x01, 0x6A,
    0x00, 0x65, 0x00, 0x65, 0x00, 0x22, 0x00, 0x43, 0x00, 0x23, 0x04, 0x17, 0x04, 0xB9, 0x04, 0xFB,
    0x01, 0x08, 0x01, 0x8B, 0x00, 0x65, 0x00, 0x64, 0x00, 0x64, 0x00, 0x64, 0x00, 0x64, 0x00, 0x23,
    0x00, 0x23, 0x00, 0x01, 0x00, 0x01, 0x00, 0x01, 0x00, 0x44, 0x00, 0x43, 0x00, 0x64, 0x00, 0x43,
    0x00, 0x23, 0x00, 0x01, 0x00, 0x01, 0x00, 0x01, 0x00, 0x01, 0x00, 0x01, 0x00, 0x01, 0x00, 0x01,
    0x00, 0x01, 0x50, 0x00, 0x60, 0x00, 0x60, 0x00, 0x60, 0x00, 0x58, 0x00, 0x58, 0x00, 0x58, 0x00,
    0x50, 0x00, 0x50, 0x00, 0x00, 0x43, 0x00, 0x23, 0x00, 0x23, 0x00, 0x23, 0x00, 0x43, 0x00, 0x23,
    0x00, 0x43, 0x00, 0x22, 0x40, 0x00, 0x40, 0x00, 0x38, 0x00, 0x40, 0x00, 0x48, 0x00, 0x98, 0x00,
    0x98, 0x00, 0xD8, 0xC0, 0xE8, 0xE0, 0xE8, 0xE0, 0xD0, 0x20, 0xC8, 0x20, 0xD0, 0x40, 0x88, 0x00,
    0x98, 0x00, 0x20, 0x01, 0x20, 0x01, 0x18, 0x01, 0x28, 0x01, 0x28, 0x00, 0x58, 0x00, 0x58, 0x00,
    0xE1, 0x80, 0x58, 0x00, 0x78, 0x00, 0x98, 0x00, 0xA0, 0x00, 0x30, 0x00, 0x30, 0x00, 0x30, 0x00,
    0x20, 0x01, 0x28, 0x00, 0xE1, 0x00, 0xE9, 0x40, 0xE9, 0x40, 0x60, 0x00, 0x58, 0x00, 0x48, 0x00,
    0x40, 0x00, 0x40, 0x00, 0x00, 0x43, 0x00, 0x43, 0x00, 0x43, 0x00, 0x64, 0x00, 0x64, 0x40, 0x00,
    0x38, 0x00, 0x00, 0x23, 0x00, 0x43, 0x00, 0x43, 0x00, 0x44, 0x00, 0x43, 0x00, 0x23, 0x00, 0x43,
    0x00, 0x23, 0x88, 0x00, 0x90, 0x00, 0x00, 0x43, 0x00, 0x64, 0x00, 0x64, 0x00, 0x85, 0x00, 0x64,
    0x00, 0x64, 0x00, 0x43, 0x00, 0x43, 0x00, 0x44, 0x00, 0x44, 0x00, 0x64, 0x00, 0x64, 0x00, 0x64,
    0x00, 0x23, 0x00, 0x23, 0x00, 0x22, 0x00, 0x23, 0x00, 0x22, 0x00, 0x01, 0x00, 0x01, 0x00, 0x01,
    0x00, 0x01, 0x00, 0x01, 0x00, 0x22, 0x00, 0x01, 0x00, 0x64, 0x65, 0xFB, 0x5D, 0x99, 0x01, 0x28,
    0x01, 0x08, 0x00, 0x01, 0x00, 0x43, 0x00, 0x43, 0x00, 0xA5, 0x00, 0xA6, 0x01, 0x09, 0x01, 0x29,
    0x01, 0x49, 0x01, 0x6A, 0x01, 0x6A, 0x02, 0x2F, 0x00, 0xC7, 0x01, 0x28, 0x00, 0x43, 0x00, 0x64,
    0x00, 0x23, 0x00, 0x01, 0x00, 0x01, 0x00, 0x01, 0x00, 0x01, 0x00, 0x64, 0x00, 0x64, 0x00, 0x85,
    0x00, 0x84, 0x00, 0x65, 0x00, 0x01, 0x00, 0x01, 0x00, 0x01, 0x00, 0x01, 0x00, 0x01, 0x00, 0x01,
    0x50, 0x00, 0x60, 0x00, 0x58, 0x00, 0x58, 0x00, 0x60, 0x00, 0x60, 0x00, 0x58, 0x00, 0x58, 0x00,
    0x58, 0x00, 0x00, 0x23, 0x00, 0x43, 0x00, 0x43, 0x00, 0x43, 0x00, 0x63, 0x00, 0x43, 0x00, 0x42,
    0x00, 0x43, 0x38, 0x00, 0x38, 0x00, 0x38, 0x00, 0x38, 0x00, 0x38, 0x00, 0x98, 0x00, 0x98, 0x00,
    0xD8, 0xA0, 0xE0, 0xE0, 0xE0, 0xE0, 0xD0, 0x40, 0xD0, 0x40, 0xE0, 0x60, 0x80, 0x00, 0x98, 0x00,
    0x28, 0x01, 0x28, 0x00, 0x20, 0x01, 0x30, 0x01, 0x28, 0x01, 0x58, 0x00, 0x58, 0x00, 0xE1, 0x80,
    0x50, 0x00, 0x80, 0x00, 0x98, 0x00, 0x98, 0x00, 0x30, 0x00, 0x30, 0x00, 0x38, 0x00, 0x18, 0x01,
    0x18, 0x01, 0xE8, 0xE0, 0xE9, 0x00, 0xE9, 0x60, 0x68, 0x00, 0x58, 0x00, 0x50, 0x00, 0x38, 0x00,
    0x40, 0x00, 0x00, 0x22, 0x00, 0x43, 0x00, 0x43, 0x00, 0x43, 0x00, 0x44, 0x38, 0x00, 0x40, 0x00,
    0x00, 0x43, 0x00, 0x23, 0x00, 0x43, 0x00, 0x64, 0x00, 0x64, 0x00, 0x43, 0x00, 0x43, 0x00, 0x23,
    0x98, 0x00, 0x90, 0x00, 0x00, 0x43, 0x00, 0x44, 0x00, 0x43, 0x00, 0x64, 0x00, 0x84, 0x00, 0x64,
    0x00, 0x64, 0x00, 0x44, 0x00, 0x64, 0x00, 0x64, 0x00, 0x64, 0x00, 0x64, 0x00, 0x64, 0x00, 0x22,
    0x00, 0x23, 0x00, 0x22, 0x00, 0x22, 0x00, 0x22, 0x00, 0x01, 0x00, 0x01, 0x00, 0x01, 0x00, 0x01,
    0x00, 0x01, 0x00, 0x01, 0x00, 0x01, 0x00, 0x43, 0x5D, 0xDA, 0x4C, 0xB6, 0x01, 0x48, 0x01, 0x28,
    0x00, 0x01, 0x00, 0x43, 0x00, 0x43, 0x00, 0x64, 0x00, 0x85, 0x00, 0xE8, 0x01, 0x29, 0x01, 0x4A,
    0x01, 0x6A, 0x01, 0x4A, 0x02, 0x2F, 0x00, 0xE7, 0x01, 0x29, 0x00, 0x64, 0x00, 0x64, 0x00, 0x23,
    0x00, 0x22, 0x00, 0x01, 0x00, 0x01, 0x00, 0x01, 0x00, 0x64, 0x00, 0x64, 0x00, 0x64, 0x00, 0x64,
    0x00, 0x64, 0x00, 0x01, 0x00, 0x01, 0x00, 0x01, 0x00, 0x01, 0x00, 0x01, 0x00, 0x01, 0x58, 0x00,
    0x58, 0x00, 0x58, 0x00, 0x58, 0x00, 0x00, 0x43, 0x00, 0x23, 0x00, 0x43, 0x00, 0x43, 0x00, 0x43,
    0x00, 0x43, 0x00, 0x43, 0x00, 0x43, 0x00, 0x43, 0x00, 0x43, 0x20, 0x01, 0x28, 0x01, 0x28, 0x01,
    0x28, 0x01, 0x28, 0x01, 0x28, 0x01, 0x30, 0x01, 0x30, 0x01, 0x28, 0x01, 0x28, 0x01, 0x20, 0x01,
    0xE0, 0x00, 0xC0, 0x00, 0xD8, 0xA0, 0xD8, 0x80, 0xD0, 0x20, 0x80, 0x00, 0x98, 0x00, 0xA8, 0x00,
    0xA0, 0x00, 0x38, 0x00, 0x40, 0x00, 0x40, 0x00, 0x48, 0x00, 0x50, 0x00, 0x90, 0x00, 0xFA, 0x00,
    0xE9, 0x60, 0xE9, 0x40, 0xE9, 0x60, 0x48, 0x00, 0x30, 0x00, 0x38, 0x00, 0x28, 0x00, 0x28, 0x00,
    0x60, 0x00, 0xF9, 0xA0, 0xE1, 0x00, 0xE1, 0x20, 0xE9, 0x00, 0x38, 0x00, 0x38, 0x00, 0x38, 0x00,
    0x40, 0x00, 0x40, 0x00, 0x00, 0x23, 0x00, 0x43, 0x00, 0x43, 0x00, 0x43, 0x00, 0x43, 0x00, 0x43,
    0x00, 0x63, 0x00, 0x43, 0x00, 0x43, 0x00, 0x43, 0x00, 0x64, 0x00, 0x23, 0x00, 0x43, 0x00, 0x43,
    0x00, 0x43, 0x00, 0x43, 0x00, 0x85, 0x00, 0x84, 0x00, 0x43, 0x00, 0x43, 0x00, 0x64, 0x00, 0x43,
    0x00, 0x43, 0x00, 0x85, 0x00, 0x85, 0x00, 0x64, 0x00, 0x64, 0x00, 0x64, 0x00, 0x23, 0x00, 0x23,
    0x00, 0x43, 0x00, 0x22, 0x00, 0x22, 0x00, 0x01, 0x00, 0x01, 0x00, 0x01, 0x00, 0x01, 0x00, 0x01,
    0x00, 0x01, 0x00, 0x01, 0x31, 0x67, 0x75, 0xFA, 0x5C, 0xF6, 0x01, 0x49, 0x01, 0x69, 0x00, 0x44,
    0x00, 0x43, 0x00, 0x43, 0x00, 0xC6, 0x00, 0xC7, 0x02, 0x50, 0x02, 0x91, 0x02, 0x91, 0x02, 0x70,
    0x02, 0x50, 0x01, 0xEE, 0x00, 0x64, 0x00, 0xA6, 0x00, 0x01, 0x00, 0x01, 0x00, 0x01, 0x00, 0x64,
    0x00, 0x64, 0x00, 0x00, 0x00, 0x01, 0x00, 0x01, 0x00, 0x21, 0x00, 0x44, 0x00, 0x85, 0x00, 0x65,
    0x00, 0x64, 0x00, 0x65, 0x00, 0x01, 0x00, 0x01, 0x00, 0x01, 0x00, 0x01, 0x58, 0x00, 0x58, 0x00,
    0x58, 0x00, 0x50, 0x00, 0x00, 0x43, 0x00, 0x43, 0x00, 0x43, 0x00, 0x43, 0x00, 0x43, 0x00, 0x43,
    0x00, 0x43, 0x00, 0x43, 0x00, 0x23, 0x00, 0x43, 0x20, 0x01, 0x28, 0x01, 0x28, 0x01, 0x28, 0x01,
    0x28, 0x01, 0x28, 0x01, 0x30, 0x01, 0x30, 0x01, 0x28, 0x01, 0x28, 0x01, 0x28, 0x01, 0xE8, 0x20,
    0xB8, 0x00, 0xD8, 0x80, 0xD8, 0x80, 0xD0, 0x20, 0x78, 0x00, 0x90, 0x00, 0xA8, 0x00, 0xA0, 0x00,
    0x38, 0x00, 0x40, 0x00, 0x40, 0x00, 0x48, 0x00, 0x48, 0x00, 0x90, 0x00, 0xF9, 0xE0, 0xE9, 0x40,
    0xE9, 0x20, 0xE9, 0x40, 0x48, 0x00, 0x30, 0x00, 0x38, 0x00, 0x28, 0x00, 0x28, 0x00, 0x60, 0x00,
    0xF9, 0x40, 0xE1, 0x00, 0xE1, 0x20, 0xE9, 0x20, 0x38, 0x00, 0x40, 0x00, 0x40, 0x00, 0x48, 0x00,
    0x48, 0x00, 0x00, 0x23, 0x00, 0x43, 0x00, 0x43, 0x00, 0x43, 0x00, 0x43, 0x00, 0x23, 0x00, 0x43,
    0x00, 0x43, 0x00, 0x43, 0x00, 0x43, 0x00, 0x44, 0x00, 0x22, 0x00, 0x43, 0x00, 0x43, 0x00, 0x43,
    0x00, 0x43, 0x00, 0x85, 0x00, 0x84, 0x00, 0x43, 0x00, 0x43, 0x00, 0x64, 0x00, 0x43, 0x00, 0x43,
    0x00, 0xA5, 0x00, 0x85, 0x00, 0x64, 0x00, 0x64, 0x00, 0x64, 0x00, 0x43, 0x00, 0x23, 0x00, 0x23,
    0x00, 0x02, 0x00, 0x22, 0x00, 0x01, 0x00, 0x01, 0x00, 0x01, 0x00, 0x01, 0x00, 0x01, 0x00, 0x01,
    0x00, 0x01, 0x29, 0x67, 0x75, 0xDA, 0x5C, 0xD6, 0x01, 0x48, 0x01, 0x49, 0x00, 0x44, 0x00, 0x43,
    0x00, 0x43, 0x00, 0xA6, 0x00, 0xC7, 0x02, 0x70, 0x02, 0x91, 0x02, 0x90, 0x02, 0x70, 0x02, 0x50,
    0x01, 0xEE, 0x00, 0x43, 0x00, 0xA5, 0x00, 0x01, 0x00, 0x01, 0x00, 0x01, 0x00, 0x64, 0x00, 0x84,
    0x00, 0x00, 0x00, 0x01, 0x00, 0x01, 0x00, 0x21, 0x00, 0x43, 0x00, 0x85, 0x00, 0x85, 0x00, 0x64,
    0x00, 0x65, 0x00, 0x01, 0x00, 0x01, 0x00, 0x01, 0x00, 0x01, 0x00, 0x02, 0x00, 0x02, 0x00, 0x42,
    0x00, 0x22, 0x00, 0x23, 0x00, 0x23, 0x00, 0x43, 0x00, 0x43, 0x00, 0x43, 0x00, 0x23, 0x38, 0x01,
    0x28, 0x01, 0x28, 0x01, 0x28, 0x01, 0x28, 0x01, 0x70, 0x00, 0x68, 0x00, 0x70, 0x00, 0x70, 0x00,
    0x30, 0x01, 0x30, 0x01, 0x30, 0x01, 0x30, 0x01, 0x28, 0x01, 0x28, 0x01, 0x20, 0x01, 0x18, 0x01,
    0x68, 0x00, 0x68, 0x00, 0xE0, 0xA0, 0xE0, 0xC0, 0xE0, 0xA0, 0xE0, 0xA0, 0xE0, 0x80, 0x88, 0x00,
    0x78, 0x00, 0x78, 0x00, 0x78, 0x00, 0x70, 0x00, 0x68, 0x00, 0xA8, 0x00, 0x90, 0x00, 0xE0, 0xE0,
    0xE0, 0xE0, 0x58, 0x00, 0x30, 0x00, 0x38, 0x00, 0x38, 0x00, 0x38, 0x00, 0x48, 0x00, 0xE0, 0x20,
    0xC0, 0x20, 0xE0, 0xA0, 0xD8, 0x80, 0x78, 0x00, 0x38, 0x00, 0x40, 0x00, 0x68, 0x00, 0x68, 0x00,
    0x20, 0x01, 0x00, 0x44, 0x00, 0x43, 0x00, 0x43, 0x00, 0x43, 0x00, 0x23, 0x00, 0x64, 0x00, 0x43,
    0x00, 0x43, 0x00, 0x43, 0x00, 0x64, 0x00, 0x22, 0x00, 0x43, 0x00, 0x23, 0x00, 0x23, 0x00, 0x64,
    0x00, 0x64, 0x00, 0x64, 0x00, 0x64, 0x00, 0x64, 0x00, 0x64, 0x00, 0x44, 0x00, 0x43, 0x00, 0x43,
    0x00, 0x43, 0x00, 0x65, 0x00, 0x64, 0x00, 0x43, 0x00, 0x44, 0x00, 0x44, 0x00, 0x23, 0x00, 0x22,
    0x00, 0x22, 0x00, 0x02, 0x00, 0x22, 0x00, 0x01, 0x00, 0x01, 0x00, 0x01, 0x00, 0x01, 0x00, 0x01,
    0xF2, 0x80, 0x01, 0xAD, 0x1A, 0x2C, 0x01, 0x07, 0x01, 0x07, 0x00, 0x64, 0x00, 0x63, 0x00, 0x44,
    0x01, 0x08, 0x01, 0x08, 0x02, 0x70, 0x01, 0xAC, 0x01, 0xED, 0x01, 0x6B, 0x01, 0x8B, 0x00, 0x85,
    0x00, 0x64, 0x00, 0x84, 0x00, 0x00, 0x00, 0x01, 0x00, 0x01, 0x00, 0x85, 0x00, 0x85, 0x00, 0x22,
    0x00, 0x22, 0x00, 0x43, 0x00, 0x22, 0x00, 0x01, 0x00, 0x01, 0x00, 0x01, 0x00, 0x64, 0x00, 0x64,
    0x00, 0x44, 0x00, 0x00, 0x00, 0x01, 0x00, 0x01, 0x00, 0x23, 0x00, 0x22, 0x00, 0x22, 0x00, 0x23,
    0x00, 0x23, 0x00, 0x22, 0x00, 0x43, 0x00, 0x23, 0x00, 0x23, 0x00, 0x22, 0x38, 0x01, 0x28, 0x01,
    0x30, 0x00, 0x30, 0x00, 0x28, 0x01, 0x70, 0x00, 0x68, 0x00, 0x60, 0x00, 0x60, 0x00, 0x30, 0x01,
    0x30, 0x01, 0x30, 0x01, 0x30, 0x01, 0x30, 0x01, 0x28, 0x01, 0x20, 0x01, 0x20, 0x01, 0x60, 0x00,
    0x60, 0x00, 0xD8, 0xA0, 0xD8, 0xA0, 0xD8, 0xA0, 0xD8, 0xC0, 0xD8, 0xC0, 0x88, 0x00, 0x78, 0x00,
    0x78, 0x00, 0x78, 0x00, 0x78, 0x00, 0x68, 0x00, 0xA8, 0x00, 0x88, 0x00, 0xE0, 0xC0, 0xE0, 0xE0,
    0x58, 0x00, 0x30, 0x00, 0x38, 0x00, 0x38, 0x00, 0x38, 0x00, 0x48, 0x00, 0xE0, 0x40, 0xC8, 0x40,
    0xD8, 0x80, 0xD8, 0xA0, 0x78, 0x00, 0x38, 0x00, 0x48, 0x00, 0x70, 0x00, 0x60, 0x00, 0x28, 0x01,
    0x00, 0x23, 0x00, 0x43, 0x00, 0x43, 0x00, 0x43, 0x00, 0x43, 0x00, 0x43, 0x00, 0x23, 0x00, 0x43,
    0x00, 0x43, 0x00, 0x64, 0x00, 0x43, 0x00, 0x43, 0x00, 0x43, 0x00, 0x43, 0x00, 0x64, 0x00, 0x64,
    0x00, 0x64, 0x00, 0x64, 0x00, 0x64, 0x00, 0x43, 0x00, 0x43, 0x00, 0x63, 0x00, 0x23, 0x00, 0x43,
    0x00, 0x64, 0x00, 0x64, 0x00, 0x64, 0x00, 0x44, 0x00, 0x44, 0x00, 0x43, 0x00, 0x22, 0x00, 0x22,
    0x00, 0x02, 0x00, 0x02, 0x00, 0x01, 0x00, 0x01, 0x00, 0x01, 0x00, 0x01, 0x00, 0x01, 0xF2, 0x80,
    0x01, 0x6D, 0x1A, 0x0B, 0x01, 0x07, 0x01, 0x08, 0x00, 0x44, 0x00, 0x44, 0x00, 0x44, 0x01, 0x08,
    0x01, 0x08, 0x02, 0x70, 0x01, 0xEE, 0x01, 0xEE, 0x01, 0xAB, 0x01, 0x8B, 0x00, 0x64, 0x00, 0x85,
    0x00, 0x65, 0x00, 0x01, 0x00, 0x01, 0x00, 0x01, 0x00, 0x65, 0x00, 0x85, 0x00, 0x43, 0x00, 0x23,
    0x00, 0x43, 0x00, 0x22, 0x00, 0x01, 0x00, 0x01, 0x00, 0x01, 0x00, 0x44, 0x00, 0x44, 0x00, 0x64,
    0x00, 0x00, 0x00, 0x01, 0x00, 0x01, 0x00, 0x23, 0x00, 0x22, 0x00, 0x23, 0x00, 0x43, 0x00, 0x23,
    0x00, 0x22, 0x00, 0x43, 0x00, 0x23, 0x00, 0x22, 0x28, 0x01, 0x38, 0x00, 0x38, 0x00, 0x68, 0x00,
    0x68, 0x00, 0x50, 0x00, 0x00, 0x02, 0x20, 0x01, 0x20, 0x01, 0x20, 0x01, 0x20, 0x01, 0x30, 0x01,
    0x30, 0x01, 0x30, 0x01, 0x30, 0x01, 0x58, 0x00, 0x58, 0x00, 0x58, 0x00, 0x60, 0x00, 0x50, 0x00,
    0xD0, 0x20, 0xF1, 0x60, 0xE0, 0xE0, 0xE9, 0x20, 0xE9, 0x20, 0xE0, 0xE0, 0x88, 0x00, 0x98, 0x00,
    0x78, 0x00, 0x70, 0x00, 0x68, 0x00, 0x58, 0x00, 0x58, 0x00, 0xD8, 0xE0, 0xD9, 0x00, 0xE0, 0xE0,
    0x20, 0x00, 0x40, 0x00, 0x40, 0x00, 0x40, 0x00, 0x48, 0x00, 0x38, 0x00, 0x40, 0x00, 0xB8, 0x40,
    0xC8, 0x40, 0xC0, 0x00, 0x20, 0x00, 0x40, 0x00, 0x40, 0x00, 0x38, 0x00, 0x70, 0x00, 0x00, 0x03,
    0x00, 0x22, 0x00, 0x43, 0x00, 0x43, 0x00, 0x63, 0x00, 0x43, 0x00, 0x43, 0x00, 0x63, 0x00, 0x63,
    0x00, 0x43, 0x00, 0x64, 0x00, 0x84, 0x00, 0x84, 0x00, 0x64, 0x00, 0x43, 0x00, 0x63, 0x00, 0x44,
    0x38, 0x00, 0x40, 0x00, 0x00, 0x43, 0x00, 0x43, 0x00, 0x63, 0x00, 0x43, 0x00, 0x43, 0x00, 0x64,
    0x00, 0x64, 0x00, 0x43, 0x00, 0x43, 0x00, 0x23, 0x00, 0x23, 0x00, 0x43, 0x00, 0x23, 0x00, 0x23,
    0x00, 0x22, 0x00, 0x01, 0x00, 0x01, 0x00, 0x01, 0x00, 0x01, 0x00, 0x01, 0xF2, 0x60, 0x01, 0xCE,
    0x12, 0x2C, 0x01, 0x28, 0x01, 0x28, 0x01, 0x29, 0x00, 0x01, 0x00, 0x43, 0x00, 0x23, 0x00, 0x23,
    0x00, 0xC7, 0x01, 0x8C, 0x01, 0x6B, 0x01, 0x8B, 0x01, 0x6B, 0x00, 0x84, 0x00, 0x64, 0x00, 0x64,
    0x00, 0x00, 0x00, 0x01, 0x00, 0x84, 0x00, 0x84, 0x00, 0x64, 0x00, 0xE7, 0x00, 0xC7, 0x00, 0x43,
    0x00, 0x23, 0x00, 0x01, 0x00, 0x01, 0x00, 0x01, 0x00, 0x01, 0x00, 0x01, 0x00, 0x01, 0x00, 0x01,
    0x00, 0x01, 0x00, 0x85, 0x00, 0x23, 0x00, 0x22, 0x00, 0x23, 0x00, 0x43, 0x00, 0x22, 0x00, 0x22,
    0x00, 0x22, 0x00, 0x22, 0x00, 0x22, 0x30, 0x01, 0x40, 0x00, 0x38, 0x00, 0x60, 0x00, 0x60, 0x00,
    0x58, 0x00, 0x00, 0x01, 0x10, 0x01, 0x10, 0x01, 0x18, 0x02, 0x18, 0x02, 0x30, 0x01, 0x28, 0x00,
    0x28, 0x00, 0x28, 0x00, 0x58, 0x00, 0x58, 0x00, 0x58, 0x00, 0x60, 0x00, 0x50, 0x00, 0xE0, 0x40,
    0xF9, 0x80, 0xF1, 0x20, 0xE9, 0x20, 0xE9, 0x20, 0xD8, 0x80, 0x90, 0x00, 0x90, 0x00, 0x70, 0x00,
    0x70, 0x00, 0x70, 0x00, 0x58, 0x00, 0x60, 0x00, 0xE0, 0xA0, 0xD0, 0xA0, 0xD8, 0xC0, 0x28, 0x00,
    0x38, 0x00, 0x40, 0x00, 0x40, 0x00, 0x38, 0x00, 0x30, 0x00, 0x40, 0x00, 0xC0, 0x40, 0xB8, 0x00,
    0xC0, 0x20, 0x20, 0x00, 0x28, 0x00, 0x38, 0x00, 0x40, 0x00, 0x68, 0x00, 0x00, 0x01, 0x00, 0x22,
    0x00, 0x43, 0x00, 0x43, 0x00, 0x64, 0x00, 0x43, 0x00, 0x22, 0x00, 0x42, 0x00, 0x23, 0x00, 0x44,
    0x00, 0x64, 0x00, 0x64, 0x00, 0x84, 0x00, 0x64, 0x00, 0x63, 0x00, 0x44, 0x00, 0x43, 0x40, 0x00,
    0x40, 0x00, 0x00, 0x43, 0x00, 0x43, 0x00, 0x43, 0x00, 0x43, 0x00, 0x43, 0x00, 0x64, 0x00, 0x44,
    0x00, 0x43, 0x00, 0x23, 0x00, 0x43, 0x00, 0x23, 0x00, 0x23, 0x00, 0x23, 0x00, 0x22, 0x00, 0x23,
    0x00, 0x01, 0x00, 0x01, 0x00, 0x01, 0x00, 0x01, 0x00, 0x01, 0xF2, 0x40, 0x01, 0x8E, 0x12, 0x2C,
    0x01, 0x48, 0x01, 0x08, 0x01, 0x4A, 0x00, 0x00, 0x00, 0x43, 0x00, 0x23, 0x00, 0x43, 0x00, 0xC7,
    0x01, 0x8C, 0x01, 0x6A, 0x01, 0x6B, 0x01, 0x8B, 0x00, 0x64, 0x00, 0x44, 0x00, 0x64, 0x00, 0x00,
    0x00, 0x01, 0x00, 0x85, 0x00, 0x85, 0x00, 0x64, 0x00, 0xE7, 0x00, 0xE7, 0x00, 0x43, 0x00, 0x23,
    0x00, 0x01, 0x00, 0x01, 0x00, 0x01, 0x00, 0x01, 0x00, 0x01, 0x00, 0x01, 0x00, 0x22, 0x00, 0x01,
    0x00, 0x85, 0x00, 0x23, 0x00, 0x23, 0x00, 0x23, 0x00, 0x43, 0x00, 0x23, 0x00, 0x22, 0x00, 0x22,
    0x10, 0x01, 0x18, 0x01, 0x30, 0x00, 0x48, 0x00, 0x48, 0x00, 0x58, 0x00, 0x60, 0x00, 0x00, 0x22,
    0x00, 0x42, 0x00, 0x23, 0x00, 0x43, 0x00, 0x43, 0x28, 0x01, 0x60, 0x00, 0x60, 0x00, 0x68, 0x00,
    0x70, 0x00, 0x50, 0x00, 0x50, 0x00, 0x58, 0x00, 0x60, 0x00, 0x60, 0x00, 0x98, 0x00, 0xC8, 0x20,
    0xB8, 0x20, 0xE9, 0x60, 0xE9, 0x60, 0xE9, 0x80, 0xE9, 0x40, 0xE9, 0x60, 0x80, 0x00, 0x80, 0x00,
    0x58, 0x00, 0x60, 0x00, 0x58, 0x00, 0xA0, 0x00, 0xA0, 0x00, 0xE1, 0x00, 0xE9, 0x20, 0xE1, 0x00,
    0x38, 0x00, 0x40, 0x00, 0x78, 0x00, 0x28, 0x00, 0x40, 0x00, 0x40, 0x00, 0x40, 0x00, 0xC0, 0x20,
    0xB0, 0x00, 0xB0, 0x00, 0x28, 0x01, 0x28, 0x01, 0x30, 0x00, 0x40, 0x00, 0x40, 0x00, 0x00, 0x43,
    0x00, 0x43, 0x00, 0x43, 0x00, 0x23, 0x00, 0x22, 0x48, 0x00, 0x58, 0x00, 0x00, 0x43, 0x00, 0x85,
    0x00, 0x64, 0x00, 0x64, 0x00, 0x64, 0x00, 0x43, 0x00, 0x43, 0x00, 0x43, 0x48, 0x00, 0x40, 0x00,
    0x00, 0x43, 0x00, 0x43, 0x00, 0x44, 0x00, 0x85, 0x00, 0x85, 0x00, 0x43, 0x00, 0x23, 0x00, 0x22,
    0x00, 0x22, 0x00, 0x22, 0x00, 0x43, 0x00, 0x44, 0x00, 0x43, 0x00, 0x01, 0x00, 0x01, 0x00, 0x01,
    0x00, 0x01, 0x00, 0x01, 0x00, 0x01, 0x00, 0x01, 0xEA, 0x40, 0x01, 0xAD, 0x1A, 0x2C, 0x01, 0x28,
    0x01, 0x07, 0x00, 0x01, 0x00, 0x01, 0x00, 0x01, 0x00, 0x23, 0x00, 0x23, 0x00, 0xA5, 0x00, 0xA6,
    0x00, 0xA6, 0x01, 0x29, 0x01, 0x29, 0x00, 0xE7, 0x00, 0x85, 0x00, 0xA5, 0x00, 0x01, 0x00, 0x01,
    0x00, 0x64, 0x00, 0x44, 0x00, 0x64, 0x01, 0x08, 0x00, 0xE7, 0x00, 0xC7, 0x00, 0xC7, 0x00, 0x44,
    0x00, 0x00, 0x00, 0x01, 0x00, 0x01, 0x00, 0x01, 0x00, 0x01, 0x00, 0x64, 0x00, 0x64, 0x00, 0xE7,
    0x00, 0x22, 0x00, 0x23, 0x00, 0x22, 0x00, 0x22, 0x00, 0x22, 0x18, 0x02, 0x08, 0x01, 0x10, 0x02,
    0x18, 0x21, 0x30, 0x01, 0x48, 0x00, 0x40, 0x00, 0x58, 0x00, 0x60, 0x00, 0x00, 0x43, 0x00, 0x23,
    0x00, 0x43, 0x00, 0x23, 0x00, 0x43, 0x30, 0x01, 0x58, 0x00, 0x58, 0x00, 0x60, 0x00, 0x68, 0x00,
    0x70, 0x00, 0x70, 0x00, 0x58, 0x00, 0x50, 0x00, 0x50, 0x00, 0x80, 0x00, 0xD0, 0x00, 0xB8, 0x00,
    0xE9, 0x80, 0xF1, 0xA0, 0xE9, 0x80, 0xE9, 0x40, 0xE9, 0x60, 0x88, 0x00, 0x88, 0x00, 0x50, 0x00,
    0x50, 0x00, 0x58, 0x00, 0x90, 0x00, 0x90, 0x00, 0xE0, 0xC0, 0xE9, 0x00, 0xD9, 0x00, 0x38, 0x00,
    0x38, 0x00, 0x68, 0x00, 0x30, 0x00, 0x38, 0x00, 0x38, 0x00, 0x40, 0x00, 0xB0, 0x20, 0xB8, 0x00,
    0xA8, 0x00, 0x28, 0x00, 0x20, 0x01, 0x30, 0x00, 0x38, 0x00, 0x38, 0x00, 0x00, 0x22, 0x00, 0x43,
    0x00, 0x43, 0x00, 0x22, 0x00, 0x22, 0x10, 0x02, 0x08, 0x02, 0x00, 0x43, 0x00, 0x85, 0x00, 0x84,
    0x00, 0x43, 0x00, 0x64, 0x00, 0x43, 0x00, 0x43, 0x00, 0x44, 0x50, 0x00, 0x48, 0x00, 0x00, 0x43,
    0x00, 0x44, 0x00, 0x43, 0x00, 0x44, 0x00, 0x64, 0x00, 0x43, 0x00, 0x43, 0x00, 0x23, 0x00, 0x22,
    0x00, 0x22, 0x00, 0x44, 0x00, 0x43, 0x00, 0x43, 0x00, 0x01, 0x00, 0x01, 0x00, 0x01, 0x00, 0x01,
    0x00, 0x01, 0x00, 0x21, 0x00, 0x01, 0xD9, 0x60, 0x09, 0x29, 0x19, 0xCA, 0x00, 0xA5, 0x00, 0xA6,
    0x00, 0x01, 0x00, 0x43, 0x00, 0x01, 0x00, 0x22, 0x00, 0x43, 0x00, 0xA6, 0x00, 0x64, 0x00, 0x85,
    0x00, 0xC6, 0x00, 0xC6, 0x00, 0xC7, 0x00, 0xA6, 0x00, 0xA5, 0x00, 0x01, 0x00, 0x01, 0x00, 0x63,
    0x00, 0x43, 0x00, 0x44, 0x00, 0xC8, 0x00, 0xC7, 0x00, 0xC7, 0x00, 0xC7, 0x00, 0x64, 0x00, 0x00,
    0x00, 0x01, 0x00, 0x01, 0x00, 0x01, 0x00, 0x01, 0x00, 0xA5, 0x00, 0xC6, 0x00, 0xE7, 0x00, 0x23,
    0x00, 0x22, 0x00, 0x22, 0x00, 0x22, 0x00, 0x22, 0x68, 0x00, 0x60, 0x00, 0xB0, 0x00, 0xA8, 0x00,
    0x28, 0x01, 0x18, 0x01, 0x20, 0x02, 0x00, 0x22, 0x00, 0x22, 0x00, 0x43, 0x00, 0x23, 0x00, 0x43,
    0x00, 0x43, 0x00, 0x43, 0x28, 0x01, 0x48, 0x00, 0x48, 0x00, 0xA0, 0x00, 0xA0, 0x00, 0xB0, 0x00,
    0xA8, 0x00, 0xA8, 0x00, 0xB0, 0x00, 0xB0, 0x00, 0x68, 0x00, 0xD0, 0x00, 0xB0, 0x00, 0xB8, 0x00,
    0xB8, 0x00, 0xE0, 0xE0, 0xE1, 0x00, 0xE1, 0x20, 0x90, 0x00, 0x90, 0x00, 0x98, 0x00, 0x58, 0x00,
    0x68, 0x00, 0x88, 0x00, 0x80, 0x00, 0xC0, 0x20, 0xF2, 0x20, 0xE9, 0xC0, 0x38, 0x00, 0x38, 0x00,
    0x38, 0x00, 0x38, 0x00, 0x38, 0x00, 0x38, 0x00, 0x40, 0x00, 0x40, 0x00, 0xB8, 0x00, 0x98, 0x00,
    0x20, 0x01, 0x18, 0x01, 0x68, 0x00, 0x58, 0x00, 0x58, 0x00, 0x00, 0x22, 0x00, 0x22, 0x00, 0x22,
    0x00, 0x43, 0x00, 0x43, 0x00, 0x22, 0x00, 0x22, 0x00, 0x22, 0x00, 0x64, 0x00, 0x64, 0x00, 0x43,
    0x00, 0x64, 0x00, 0x85, 0x00, 0x43, 0x00, 0x43, 0x48, 0x00, 0x48, 0x00, 0x00, 0x43, 0x00, 0x64,
    0x00, 0x64, 0x00, 0x43, 0x00, 0x43, 0x00, 0x43, 0x00, 0x85, 0x00, 0x84, 0x00, 0x23, 0x00, 0x23,
    0x00, 0x43, 0x00, 0x00, 0x00, 0x01, 0x00, 0x01, 0x00, 0x01, 0x00, 0x01, 0x00, 0x01, 0x00, 0x01,
    0x00, 0x01, 0x00, 0x01, 0xC8, 0x60, 0x01, 0x4A, 0x09, 0x48, 0x00, 0x22, 0x00, 0x01, 0x00, 0x01,
    0x02, 0x0F, 0x01, 0xAC, 0x01, 0xAC, 0x01, 0xAC, 0x01, 0x08, 0x00, 0x23, 0x00, 0x64, 0x00, 0x43,
    0x00, 0x43, 0x00, 0xC6, 0x01, 0x08, 0x01, 0x08, 0x00, 0x01, 0x00, 0x01, 0x00, 0x64, 0x00, 0x44,
    0x00, 0x43, 0x00, 0x23, 0x00, 0x43, 0x00, 0xC6, 0x00, 0xA6, 0x00, 0x64, 0x00, 0x00, 0x00, 0x01,
    0x00, 0x01, 0x00, 0x01, 0x00, 0x43, 0x01, 0x6B, 0x01, 0x6A, 0x01, 0x29, 0x00, 0x43, 0x00, 0x43,
    0x10, 0x01, 0x10, 0x01, 0xA0, 0x00, 0xA8, 0x00, 0xA8, 0x00, 0x08, 0x21, 0x10, 0x01, 0x28, 0x01,
    0x28, 0x01, 0x28, 0x01, 0x00, 0x23, 0x00, 0x43, 0x00, 0x43, 0x00, 0x22, 0x00, 0x42, 0xB0, 0x00,
    0xB8, 0x00, 0x98, 0x00, 0x08, 0x01, 0x20, 0x01, 0x28, 0x01, 0x28, 0x01, 0x40, 0x00, 0x88, 0x00,
    0x78, 0x00, 0xC0, 0x00, 0xC0, 0x00, 0xD0, 0x40, 0x88, 0x00, 0x98, 0x00, 0xD8, 0x80, 0xD8, 0x80,
    0xA8, 0x00, 0xB8, 0x00, 0xB0, 0x00, 0xF2, 0x40, 0xFA, 0x60, 0xA8, 0x00, 0x98, 0x00, 0xA0, 0x00,
    0xB0, 0x00, 0xA8, 0x00, 0xE9, 0x80, 0xE1, 0xA0, 0xE1, 0xC0, 0x90, 0x00, 0x78, 0x00, 0x30, 0x00,
    0x50, 0x00, 0x48, 0x00, 0x70, 0x00, 0x70, 0x00, 0x38, 0x00, 0x20, 0x00, 0x20, 0x00, 0x20, 0x01,
    0x20, 0x01, 0x70, 0x00, 0x70, 0x00, 0x70, 0x00, 0x40, 0x00, 0x40, 0x00, 0x00, 0x22, 0x00, 0x22,
    0x00, 0x23, 0x00, 0x23, 0x00, 0x22, 0x78, 0x00, 0x00, 0x23, 0x00, 0x23, 0x00, 0x43, 0x00, 0x43,
    0x00, 0x43, 0x00, 0x64, 0x00, 0x84, 0x00, 0x84, 0x00, 0x64, 0x00, 0x43, 0x00, 0x64, 0x00, 0x64,
    0x00, 0x43, 0x00, 0x43, 0x00, 0x43, 0x00, 0x43, 0x00, 0x43, 0x00, 0x43, 0x00, 0x23, 0x00, 0x23,
    0x00, 0x00, 0x00, 0x01, 0x00, 0x01, 0x00, 0x01, 0x00, 0x01, 0x00, 0x01, 0x00, 0x01, 0x00, 0x64,
    0x00, 0x64, 0x00, 0xC6, 0x00, 0x85, 0x00, 0x43, 0x00, 0x01, 0x00, 0x01, 0x02, 0x0E, 0x01, 0xAC,
    0x01, 0xCC, 0x01, 0xCD, 0x01, 0xCD, 0x01, 0x49, 0x00, 0xC6, 0x01, 0x08, 0x00, 0x22, 0x00, 0x01,
    0x00, 0x22, 0x01, 0x29, 0x00, 0xE8, 0x01, 0x29, 0x00, 0xE8, 0x00, 0x64, 0x01, 0x4A, 0x01, 0x4A,
    0x00, 0x01, 0x00, 0x43, 0x00, 0x43, 0x00, 0x43, 0x00, 0x43, 0x00, 0x00, 0x00, 0x01, 0x00, 0xC6,
    0x00, 0xE7, 0x01, 0x6A, 0x01, 0x29, 0x01, 0x29, 0x00, 0x01, 0x00, 0x43, 0x00, 0x43, 0x10, 0x02,
    0x10, 0x01, 0x90, 0x00, 0xB0, 0x00, 0xB0, 0x00, 0x20, 0x01, 0x20, 0x01, 0x28, 0x01, 0x30, 0x01,
    0x28, 0x01, 0x00, 0x22, 0x00, 0x22, 0x00, 0x22, 0x00, 0x22, 0x00, 0x22, 0x98, 0x00, 0x98, 0x00,
    0x88, 0x00, 0x08, 0x01, 0x30, 0x01, 0x30, 0x01, 0x30, 0x00, 0x48, 0x00, 0x90, 0x00, 0x88, 0x00,
    0xC8, 0x00, 0xC0, 0x20, 0xC8, 0x40, 0x90, 0x00, 0x98, 0x00, 0xD8, 0xA0, 0xD0, 0xA0, 0xA8, 0x00,
    0xB8, 0x20, 0xB8, 0x00, 0xEA, 0x60, 0xF2, 0x80, 0xA8, 0x00, 0x90, 0x00, 0xA0, 0x00, 0xA8, 0x00,
    0xA8, 0x00, 0xE9, 0xC0, 0xF2, 0x40, 0xF2, 0x60, 0x90, 0x00, 0x88, 0x00, 0x30, 0x00, 0x50, 0x00,
    0x40, 0x00, 0x70, 0x00, 0x70, 0x00, 0x40, 0x00, 0x38, 0x00, 0x30, 0x00, 0x20, 0x01, 0x20, 0x01,
    0x68, 0x00, 0x68, 0x00, 0x68, 0x00, 0x40, 0x00, 0x38, 0x00, 0x00, 0x22, 0x00, 0x22, 0x00, 0x23,
    0x00, 0x23, 0x00, 0x22, 0x68, 0x00, 0x00, 0x23, 0x00, 0x23, 0x00, 0x43, 0x00, 0x43, 0x00, 0x43,
    0x00, 0x85, 0x00, 0x84, 0x00, 0x44, 0x00, 0x44, 0x00, 0x44, 0x00, 0x43, 0x00, 0x64, 0x00, 0x43,
    0x00, 0x43, 0x00, 0x43, 0x00, 0x43, 0x00, 0x43, 0x00, 0x44, 0x00, 0x43, 0x00, 0x43, 0x00, 0x00,
    0x00, 0x01, 0x00, 0x01, 0x00, 0x01, 0x00, 0x01, 0x00, 0x01, 0x00, 0x01, 0x00, 0x64, 0x00, 0x64,
    0x00, 0xC6, 0x00, 0xA4, 0x00, 0x64, 0x00, 0x01, 0x00, 0x01, 0x02, 0x2D, 0x01, 0xED, 0x01, 0xCD,
    0x01, 0xED, 0x01, 0xED, 0x01, 0x29, 0x00, 0xC6, 0x01, 0x07, 0x00, 0x22, 0x00, 0x02, 0x00, 0x22,
    0x01, 0x09, 0x01, 0x08, 0x00, 0xE7, 0x00, 0xC7, 0x00, 0x64, 0x01, 0x08, 0x01, 0x29, 0x00, 0x01,
    0x00, 0x43, 0x00, 0x43, 0x00, 0x43, 0x00, 0x43, 0x00, 0x00, 0x00, 0x01, 0x00, 0xC6, 0x00, 0xC6,
    0x01, 0x4A, 0x01, 0x29, 0x01, 0x29, 0x00, 0x02, 0x00, 0x43, 0x00, 0x22, 0xB0, 0x00, 0xA0, 0x00,
    0x98, 0x00, 0x30, 0x00, 0x30, 0x00, 0x38, 0x00, 0x38, 0x00, 0x38, 0x00, 0x48, 0x00, 0x38, 0x00,
    0x40, 0x00, 0x38, 0x00, 0x30, 0x00, 0xB8, 0x00, 0xA8, 0x00, 0x98, 0x00, 0xA0, 0x00, 0x10, 0x01,
    0xA8, 0x00, 0x88, 0x00, 0xB0, 0x00, 0xB0, 0x00, 0xD8, 0x00, 0xF8, 0xC0, 0xF1, 0x20, 0xE9, 0x60,
    0xE9, 0x80, 0xF1, 0xE0, 0xFB, 0x60, 0xFB, 0xA0, 0xD0, 0x60, 0xD0, 0x60, 0xC0, 0x00, 0xF1, 0x40,
    0xE9, 0x60, 0xA0, 0x00, 0xA0, 0x00, 0xF1, 0xC0, 0xA8, 0x00, 0xB8, 0x00, 0xD8, 0x20, 0xD8, 0x20,
    0xA8, 0x00, 0xFA, 0x20, 0xE1, 0xA0, 0xFA, 0x20, 0xF1, 0xC0, 0xD8, 0x40, 0x20, 0x00, 0x40, 0x00,
    0x50, 0x00, 0x58, 0x00, 0x38, 0x00, 0x28, 0x01, 0x28, 0x00, 0x10, 0x01, 0x10, 0x01, 0x00, 0x22,
    0xE8, 0x40, 0xC8, 0x60, 0x48, 0x00, 0x48, 0x00, 0x60, 0x00, 0x00, 0x43, 0x00, 0x43, 0x00, 0x22,
    0x00, 0x22, 0x98, 0x00, 0x00, 0x43, 0x00, 0x23, 0x00, 0x43, 0x00, 0x43, 0x00, 0x43, 0x00, 0x64,
    0x00, 0x64, 0x00, 0x64, 0x00, 0x64, 0x00, 0x85, 0x00, 0x43, 0x00, 0x44, 0x00, 0x43, 0x00, 0x43,
    0x00, 0x43, 0x00, 0x43, 0x00, 0x43, 0x00, 0x43, 0x00, 0x44, 0x00, 0x01, 0x00, 0x01, 0x00, 0x01,
    0x00, 0x01, 0x00, 0x01, 0x00, 0x01, 0x00, 0x01, 0x00, 0x01, 0x00, 0x85, 0x00, 0xA5, 0x28, 0x84,
    0xF8, 0xE0, 0xF1, 0x20, 0xF1, 0x40, 0xE9, 0x20, 0x10, 0x00, 0x48, 0x20, 0x38, 0x00, 0x01, 0xED,
    0x02, 0x0D, 0x02, 0x2F, 0x00, 0xE7, 0x01, 0x08, 0x00, 0x85, 0x00, 0x85, 0x00, 0x23, 0x00, 0x02,
    0x00, 0x01, 0x01, 0x29, 0x01, 0x08, 0x01, 0x29, 0x01, 0x49, 0x01, 0x6A, 0x01, 0x29, 0x01, 0x29,
    0x00, 0x64, 0x00, 0x84, 0x00, 0x01, 0x00, 0x01, 0x00, 0x01, 0x01, 0x29, 0x01, 0x4A, 0x01, 0x6A,
    0x00, 0x01, 0x00, 0x22, 0x00, 0x01, 0x00, 0x43, 0x00, 0x43, 0x80, 0x00, 0x80, 0x00, 0x90, 0x00,
    0x38, 0x00, 0x40, 0x00, 0x38, 0x00, 0x30, 0x00, 0x38, 0x00, 0x40, 0x00, 0x40, 0x00, 0x30, 0x01,
    0x30, 0x01, 0x28, 0x01, 0xB0, 0x00, 0x98, 0x00, 0x98, 0x00, 0x98, 0x00, 0x28, 0x01, 0x88, 0x00,
    0x68, 0x00, 0x88, 0x00, 0x90, 0x00, 0xB8, 0x00, 0xF1, 0x00, 0xE0, 0xE0, 0xE0, 0xE0, 0xE0, 0xE0,
    0xE9, 0x80, 0xF2, 0xE0, 0xF2, 0xA0, 0xD0, 0x80, 0xD0, 0x60, 0xC8, 0x20, 0xE9, 0x60, 0xE1, 0x00,
    0xA8, 0x00, 0xA0, 0x00, 0xE1, 0x20, 0xB0, 0x00, 0xB8, 0x20, 0xB8, 0x00, 0xB8, 0x00, 0xB8, 0x20,
    0xF2, 0x40, 0xE9, 0xE0, 0xE9, 0x80, 0xE1, 0x40, 0xB8, 0x40, 0x18, 0x00, 0x40, 0x00, 0x50, 0x00,
    0x50, 0x00, 0x30, 0x00, 0x28, 0x01, 0x28, 0x01, 0x18, 0x02, 0x10, 0x01, 0x00, 0x22, 0xD8, 0x40,
    0xB8, 0x20, 0x48, 0x00, 0x40, 0x00, 0x40, 0x00, 0x00, 0x43, 0x00, 0x22, 0x00, 0x42, 0x00, 0x02,
    0x90, 0x00, 0x00, 0x43, 0x00, 0x43, 0x00, 0x43, 0x00, 0x43, 0x00, 0x43, 0x00, 0x64, 0x00, 0x64,
    0x00, 0x64, 0x00, 0x64, 0x00, 0x85, 0x00, 0x43, 0x00, 0x43, 0x00, 0x43, 0x00, 0x43, 0x00, 0x43,
    0x00, 0x43, 0x00, 0x43, 0x00, 0x43, 0x00, 0x43, 0x00, 0x01, 0x00, 0x01, 0x00, 0x01, 0x00, 0x01,
    0x00, 0x01, 0x00, 0x01, 0x00, 0x01, 0x00, 0x01, 0x00, 0x84, 0x00, 0x85, 0x28, 0x84, 0xF0, 0xC0,
    0xC8, 0xA0, 0xD0, 0xA0, 0xC8, 0xA0, 0x00, 0x22, 0xF0, 0x80, 0xC8, 0x80, 0x01, 0xCD, 0x02, 0x0D,
    0x01, 0xED, 0x00, 0xA6, 0x00, 0xE7, 0x00, 0x85, 0x00, 0x84, 0x00, 0x23, 0x00, 0x22, 0x00, 0x22,
    0x01, 0x29, 0x01, 0x08, 0x01, 0x08, 0x01, 0x29, 0x01, 0x6A, 0x01, 0x08, 0x00, 0xE8, 0x00, 0x64,
    0x00, 0x85, 0x00, 0x01, 0x00, 0x01, 0x00, 0x01, 0x01, 0x29, 0x01, 0x29, 0x01, 0x6A, 0x00, 0x42,
    0x00, 0x43, 0x00, 0x01, 0x98, 0x00, 0x78, 0x00, 0x38, 0x00, 0x38, 0x00, 0x50, 0x00, 0x38, 0x00,
    0x38, 0x00, 0x68, 0x00, 0x70, 0x00, 0x38, 0x00, 0x30, 0x00, 0x30, 0x00, 0x78, 0x00, 0x80, 0x00,
    0x90, 0x00, 0xA8, 0x00, 0xA8, 0x00, 0xA0, 0x00, 0xA0, 0x00, 0xB8, 0x00, 0xB8, 0x20, 0xB0, 0x00,
    0xB0, 0x00, 0xB0, 0x00, 0xEA, 0x00, 0xF2, 0x60, 0xF2, 0x40, 0xF2, 0xC0, 0xF2, 0xC0, 0xF3, 0x00,
    0xF3, 0x20, 0xF3, 0x00, 0xF2, 0xC0, 0xF2, 0xC0, 0xF3, 0x40, 0x98, 0x00, 0xA8, 0x00, 0x98, 0x00,
    0x98, 0x00, 0x90, 0x00, 0xF1, 0x40, 0xD8, 0xE0, 0xB8, 0x00, 0xB8, 0x00, 0xC0, 0x20, 0xB0, 0x20,
    0xB0, 0x00, 0xE9, 0x80, 0xE1, 0x60, 0xB0, 0x00, 0x10, 0x00, 0x30, 0x00, 0x38, 0x00, 0x38, 0x00,
    0x70, 0x00, 0x28, 0x00, 0x30, 0x00, 0x18, 0x02, 0x00, 0x02, 0x00, 0x43, 0xE8, 0x60, 0xB8, 0x20,
    0x60, 0x00, 0x60, 0x00, 0x58, 0x00, 0x30, 0x00, 0x30, 0x01, 0x00, 0x42, 0x00, 0x23, 0xA8, 0x00,
    0x00, 0x22, 0x00, 0x43, 0x00, 0x64, 0x00, 0x43, 0x00, 0x43, 0x00, 0x43, 0x00, 0x43, 0x00, 0x43,
    0x00, 0x23, 0x00, 0x43, 0x00, 0x64, 0x00, 0x64, 0x00, 0x64, 0x00, 0x44, 0x00, 0x43, 0x00, 0x43,
    0x00, 0x43, 0x00, 0x01, 0x00, 0x01, 0x00, 0x01, 0x00, 0x01, 0x00, 0x01, 0x00, 0x43, 0x00, 0x43,
    0x00, 0x01, 0x00, 0x01, 0x00, 0x01, 0x28, 0x43, 0x48, 0x42, 0xD0, 0xC0, 0xB0, 0x80, 0xC0, 0xA0,
    0x08, 0x23, 0x00, 0x63, 0x00, 0x22, 0x00, 0xA4, 0x00, 0x64, 0x00, 0x01, 0x00, 0x22, 0x01, 0xCD,
    0x01, 0xAC, 0x01, 0xAC, 0x01, 0x29, 0x01, 0x08, 0x00, 0x64, 0x00, 0x01, 0x00, 0x01, 0x00, 0x01,
    0x00, 0x01, 0x00, 0xA6, 0x00, 0xC7, 0x00, 0xE8, 0x00, 0xC6, 0x00, 0xC7, 0x00, 0x64, 0x00, 0x64,
    0x00, 0x01, 0x01, 0x4A, 0x00, 0xE7, 0x00, 0xA6, 0x00, 0xA6, 0x00, 0x84, 0x00, 0x01, 0x00, 0x01,
    0x00, 0x01, 0x90, 0x00, 0x70, 0x00, 0x40, 0x00, 0x38, 0x00, 0x48, 0x00, 0x30, 0x01, 0x30, 0x00,
    0x70, 0x00, 0x68, 0x00, 0x38, 0x00, 0x30, 0x00, 0x30, 0x00, 0x78, 0x00, 0x80, 0x00, 0xA0, 0x00,
    0xB0, 0x00, 0xA8, 0x00, 0xA0, 0x00, 0xA8, 0x00, 0xC0, 0x00, 0xC0, 0x20, 0xC0, 0x00, 0xC0, 0x20,
    0xB8, 0x20, 0xF2, 0x60, 0xF2, 0x80, 0xF2, 0x80, 0xF2, 0xE0, 0xF2, 0xE0, 0xF2, 0xE0, 0xF3, 0x00,
    0xFB, 0x00, 0xF2, 0xE0, 0xF2, 0xE0, 0xF2, 0xE0, 0x88, 0x00, 0xA8, 0x00, 0x90, 0x00, 0x90, 0x00,
    0x90, 0x00, 0xF1, 0x20, 0xD8, 0xE0, 0xB0, 0x00, 0xB0, 0x00, 0xC0, 0x20, 0xB8, 0x20, 0xB8, 0x00,
    0xE9, 0x80, 0xE1, 0x60, 0xB0, 0x00, 0x10, 0x00, 0x30, 0x00, 0x38, 0x00, 0x30, 0x00, 0x78, 0x00,
    0x28, 0x00, 0x30, 0x00, 0x18, 0x02, 0x00, 0x22, 0x00, 0x43, 0xE0, 0x20, 0xB8, 0x40, 0x60, 0x00,
    0x58, 0x00, 0x50, 0x00, 0x28, 0x01, 0x30, 0x01, 0x00, 0x22, 0x00, 0x22, 0xB8, 0x00, 0x00, 0x23,
    0x00, 0x43, 0x00, 0x63, 0x00, 0x64, 0x00, 0x64, 0x00, 0x43, 0x00, 0x43, 0x00, 0x23, 0x00, 0x43,
    0x00, 0x43, 0x00, 0x64, 0x00, 0x64, 0x00, 0x64, 0x00, 0x64, 0x00, 0x43, 0x00, 0x43, 0x00, 0x43,
    0x00, 0x01, 0x00, 0x01, 0x00, 0x01, 0x00, 0x01, 0x00, 0x01, 0x00, 0x43, 0x00, 0x43, 0x00, 0x01,
    0x00, 0x01, 0x00, 0x01, 0x38, 0x23, 0x58, 0x42, 0xD8, 0xC0, 0xB0, 0x80, 0xC0, 0xA0, 0x00, 0x63,
    0x00, 0x43, 0x00, 0x22, 0x00, 0x63, 0x00, 0x43, 0x00, 0x22, 0x00, 0x22, 0x01, 0xAC, 0x01, 0xAC,
    0x01, 0xAC, 0x01, 0x29, 0x01, 0x28, 0x00, 0x85, 0x00, 0x00, 0x00, 0x01, 0x00, 0x01, 0x00, 0x01,
    0x00, 0xA6, 0x00, 0xE7, 0x00, 0xE8, 0x00, 0xC6, 0x00, 0xC6, 0x00, 0x64, 0x00, 0x44, 0x00, 0x01,
    0x01, 0x4A, 0x00, 0xE8, 0x00, 0xC6, 0x00, 0xA6, 0x00, 0x85, 0x00, 0x00, 0x00, 0x01, 0x00, 0x01,
    0xB0, 0x00, 0x90, 0x00, 0x28, 0x01, 0x28, 0x01, 0x20, 0x01, 0x28, 0x01, 0x28, 0x01, 0x30, 0x00,
    0x30, 0x01, 0x40, 0x00, 0x98, 0x00, 0x90, 0x00, 0xC8, 0x20, 0xC8, 0x40, 0xB0, 0x00, 0xC8, 0x20,
    0xC0, 0x20, 0xB8, 0x00, 0xB0, 0x00, 0xB8, 0x00, 0xFA, 0x60, 0xF2, 0x60, 0xF2, 0x40, 0xF2, 0x20,
    0xF3, 0x00, 0xFB, 0x00, 0xFB, 0x20, 0xF3, 0x00, 0xF2, 0xC0, 0xC8, 0x20, 0xB8, 0x00, 0xB8, 0x00,
    0xC0, 0x20, 0xC0, 0x20, 0xE9, 0xC0, 0xE1, 0x60, 0xE9, 0x60, 0x80, 0x00, 0x80, 0x00, 0x90, 0x00,
    0xFA, 0x40, 0xE9, 0xE0, 0xE1, 0x40, 0xE1, 0x40, 0xB8, 0x00, 0xB0, 0x00, 0xB8, 0x00, 0xE9, 0xA0,
    0xE1, 0xA0, 0xEA, 0x60, 0x40, 0x00, 0x70, 0x00, 0x58, 0x00, 0x50, 0x00, 0x48, 0x00, 0x50, 0x00,
    0x50, 0x00, 0x10, 0x01, 0x08, 0x02, 0x00, 0x43, 0x10, 0x02, 0x08, 0x02, 0x98, 0x00, 0x90, 0x00,
    0x50, 0x00, 0x18, 0x01, 0x20, 0x01, 0x00, 0x22, 0x00, 0x23, 0xA0, 0x00, 0xA0, 0x00, 0xA0, 0x00,
    0x00, 0x22, 0x00, 0x43, 0x00, 0x64, 0x00, 0x43, 0x00, 0x43, 0x00, 0x85, 0x00, 0x85, 0x00, 0x64,
    0x00, 0x44, 0x00, 0x64, 0x00, 0x44, 0x00, 0x44, 0x00, 0x63, 0x00, 0x43, 0x00, 0x43, 0x00, 0x01,
    0x00, 0x01, 0x00, 0x01, 0x00, 0xA6, 0x00, 0x85, 0x00, 0x64, 0x00, 0x65, 0x00, 0x01, 0x00, 0x01,
    0x00, 0x01, 0xB8, 0x40, 0xB8, 0x00, 0xC0, 0x20, 0x00, 0x45, 0x00, 0x84, 0x00, 0xC6, 0x00, 0xC6,
    0x01, 0x07, 0x00, 0xC6, 0x00, 0xC6, 0x00, 0x43, 0x00, 0x43, 0x00, 0x22, 0x01, 0xAC, 0x01, 0x6A,
    0x01, 0xCD, 0x01, 0xED, 0x01, 0x29, 0x00, 0x00, 0x00, 0x23, 0x00, 0x43, 0x00, 0x43, 0x00, 0x64,
    0x00, 0x85, 0x00, 0x85, 0x01, 0x6B, 0x01, 0x29, 0x00, 0x64, 0x00, 0x64, 0x00, 0x01, 0x01, 0xAC,
    0x01, 0x29, 0x00, 0xA6, 0x00, 0xA6, 0x00, 0x43, 0x00, 0x01, 0x00, 0x01, 0x01, 0x49, 0xA8, 0x00,
    0x90, 0x00, 0x20, 0x01, 0x20, 0x01, 0x20, 0x01, 0x28, 0x01, 0x28, 0x01, 0x30, 0x00, 0x28, 0x00,
    0x40, 0x00, 0x90, 0x00, 0x88, 0x00, 0xC0, 0x20, 0xC8, 0x20, 0xB0, 0x00, 0xC0, 0x20, 0xC0, 0x20,
    0xB0, 0x00, 0xA8, 0x00, 0xB8, 0x20, 0xFA, 0xA0, 0xF2, 0x40, 0xEA, 0x00, 0xEA, 0x20, 0xFB, 0x20,
    0xFB, 0x20, 0xFB, 0x20, 0xF2, 0xE0, 0xF2, 0xA0, 0xC8, 0x20, 0xB8, 0x00, 0xB8, 0x00, 0xC0, 0x20,
    0xC0, 0x20, 0xE9, 0xC0, 0xE9, 0x60, 0xE1, 0x80, 0x80, 0x00, 0x80, 0x00, 0x90, 0x00, 0xFA, 0x20,
    0xE9, 0xC0, 0xE1, 0x20, 0xE1, 0x20, 0xB8, 0x00, 0xB0, 0x00, 0xB8, 0x00, 0xE1, 0x80, 0xE9, 0xA0,
    0xEA, 0x60, 0x50, 0x00, 0x70, 0x00, 0x50, 0x00, 0x50, 0x00, 0x50, 0x00, 0x58, 0x00, 0x50, 0x00,
    0x10, 0x01, 0x08, 0x01, 0x00, 0x23, 0x18, 0x02, 0x10, 0x22, 0x98, 0x00, 0x98, 0x00, 0x50, 0x00,
    0x18, 0x01, 0x20, 0x01, 0x00, 0x22, 0x00, 0x22, 0x98, 0x00, 0xA0, 0x00, 0xA0, 0x00, 0x00, 0x23,
    0x00, 0x43, 0x00, 0x63, 0x00, 0x43, 0x00, 0x43, 0x00, 0x85, 0x00, 0x85, 0x00, 0x64, 0x00, 0x64,
    0x00, 0x64, 0x00, 0x63, 0x00, 0x43, 0x00, 0x43, 0x00, 0x43, 0x00, 0x43, 0x00, 0x01, 0x00, 0x01,
    0x00, 0x01, 0x00, 0x85, 0x00, 0x85, 0x00, 0x64, 0x00, 0x64, 0x00, 0x01, 0x00, 0x01, 0x00, 0x01,
    0xB0, 0x20, 0xB8, 0x20, 0xC0, 0x20, 0x00, 0x65, 0x00, 0x84, 0x00, 0xC6, 0x00, 0xC6, 0x01, 0x07,
    0x00, 0xC6, 0x00, 0xC6, 0x00, 0x43, 0x00, 0x43, 0x00, 0x22, 0x01, 0xAC, 0x01, 0x6A, 0x01, 0xAC,
    0x01, 0xCC, 0x01, 0x4A, 0x00, 0x01, 0x00, 0x23, 0x00, 0x43, 0x00, 0x43, 0x00, 0x64, 0x00, 0x85,
    0x00, 0x85, 0x01, 0x4A, 0x01, 0x29, 0x00, 0x44, 0x00, 0x44, 0x00, 0x01, 0x01, 0xAC, 0x01, 0x29,
    0x00, 0xA6, 0x00, 0xC6, 0x00, 0x43, 0x00, 0x01, 0x00, 0x01, 0x01, 0x49, 0x78, 0x00, 0x78, 0x00,
    0x00, 0x22, 0x00, 0x42, 0x28, 0x01, 0x38, 0x00, 0x38, 0x00, 0x48, 0x00, 0x48, 0x00, 0x90, 0x00,
    0xC8, 0x40, 0xD0, 0xA0, 0xC8, 0x20, 0xC8, 0x40, 0xB0, 0x00, 0xC0, 0x20, 0xB0, 0x20, 0xF2, 0x80,
    0xF2, 0x80, 0xFB, 0xA0, 0xFB, 0xC0, 0xFB, 0xC0, 0xFB, 0xC0, 0xFB, 0xA0, 0xC0, 0x40, 0xB0, 0x00,
    0xB8, 0x00, 0xB8, 0x20, 0xB8, 0x00, 0xC8, 0x20, 0xD8, 0xA0, 0xD8, 0xA0, 0xD8, 0xA0, 0xD0, 0x60,
    0xB0, 0x00, 0x78, 0x00, 0x88, 0x00, 0x80, 0x00, 0x88, 0x00, 0x88, 0x00, 0x90, 0x00, 0x90, 0x00,
    0x80, 0x00, 0x78, 0x00, 0xD9, 0x00, 0x88, 0x00, 0x98, 0x00, 0xC0, 0x40, 0xC0, 0x20, 0xF2, 0xA0,
    0xC0, 0x00, 0xD0, 0x80, 0x68, 0x00, 0x58, 0x00, 0x50, 0x00, 0x18, 0x01, 0x28, 0x01, 0x20, 0x01,
    0x20, 0x01, 0x00, 0x22, 0x00, 0x23, 0x00, 0x23, 0x68, 0x00, 0x58, 0x00, 0xA0, 0x00, 0x08, 0x01,
    0x28, 0x01, 0x30, 0x01, 0x30, 0x01, 0x90, 0x00, 0x88, 0x00, 0x90, 0x00, 0x58, 0x00, 0x50, 0x00,
    0x00, 0x43, 0x00, 0x43, 0x00, 0x43, 0x00, 0x85, 0x00, 0x65, 0x00, 0x44, 0x00, 0x44, 0x00, 0x64,
    0x00, 0x43, 0x00, 0x44, 0x00, 0x43, 0x00, 0x43, 0x00, 0x43, 0x00, 0x01, 0x00, 0x01, 0x30, 0x01,
    0x00, 0x44, 0x00, 0x85, 0x00, 0x84, 0x00, 0x84, 0x00, 0x01, 0x90, 0x00, 0x70, 0x00, 0xB8, 0x40,
    0xB8, 0x20, 0xC0, 0x20, 0x00, 0x85, 0x00, 0x85, 0x00, 0xC5, 0x00, 0x85, 0xC9, 0x00, 0x01, 0x8C,
    0x01, 0x6A, 0x01, 0x29, 0x01, 0x28, 0x00, 0x64, 0x01, 0x29, 0x01, 0x29, 0x01, 0x4A, 0x01, 0x49,
    0x01, 0x6A, 0x01, 0x4A, 0x01, 0x29, 0x00, 0x02, 0x00, 0x23, 0x00, 0x01, 0x00, 0x43, 0x00, 0x64,
    0x01, 0x29, 0x01, 0x08, 0x00, 0x22, 0x00, 0x21, 0x01, 0x6B, 0x01, 0x29, 0x01, 0x4A, 0x00, 0xC7,
    0x00, 0xE8, 0x00, 0x01, 0x01, 0x29, 0x01, 0x6B, 0x01, 0x4A, 0x78, 0x00, 0x78, 0x00, 0x00, 0x22,
    0x00, 0x22, 0x20, 0x01, 0x38, 0x00, 0x38, 0x00, 0x48, 0x00, 0x48, 0x00, 0x88, 0x00, 0xD8, 0x40,
    0xD0, 0x60, 0xC0, 0x20, 0xC0, 0x20, 0xA8, 0x00, 0xB0, 0x00, 0xB0, 0x20, 0xF2, 0xA0, 0xF2, 0x80,
    0xF3, 0x60, 0xFB, 0xE0, 0xFC, 0x00, 0xFB, 0x80, 0xFB, 0x80, 0xC8, 0x20, 0xB0, 0x00, 0xB0, 0x00,
    0xB8, 0x00, 0xB8, 0x00, 0xC0, 0x00, 0xE8, 0xC0, 0xD8, 0xC0, 0xE0, 0xA0, 0xD8, 0xC0, 0xB0, 0x00,
    0x68, 0x00, 0x80, 0x00, 0x88, 0x00, 0x88, 0x00, 0x88, 0x00, 0x90, 0x00, 0x90, 0x00, 0x78, 0x00,
    0x78, 0x00, 0xD8, 0xE0, 0x90, 0x00, 0xA0, 0x00, 0xC0, 0x40, 0xC0, 0x40, 0xF2, 0xA0, 0xC0, 0x00,
    0xD0, 0xA0, 0x68, 0x00, 0x60, 0x00, 0x50, 0x00, 0x18, 0x00, 0x28, 0x01, 0x20, 0x01, 0x18, 0x01,
    0x00, 0x22, 0x00, 0x43, 0x00, 0x23, 0x68, 0x00, 0x58, 0x00, 0xA0, 0x00, 0x10, 0x01, 0x28, 0x01,
    0x30, 0x01, 0x30, 0x01, 0x98, 0x00, 0x90, 0x00, 0x90, 0x00, 0x50, 0x00, 0x50, 0x00, 0x00, 0x23,
    0x00, 0x43, 0x00, 0x43, 0x00, 0x85, 0x00, 0x64, 0x00, 0x64, 0x00, 0x44, 0x00, 0x64, 0x00, 0x43,
    0x00, 0x43, 0x00, 0x43, 0x00, 0x43, 0x00, 0x43, 0x00, 0x01, 0x00, 0x01, 0x38, 0x00, 0x00, 0x44,
    0x00, 0xA5, 0x00, 0x84, 0x00, 0x84, 0x00, 0x01, 0xA8, 0x00, 0x80, 0x00, 0xB8, 0x00, 0xB8, 0x20,
    0xB8, 0x20, 0x00, 0x85, 0x00, 0x84, 0x00, 0xC5, 0x00, 0xA5, 0xD1, 0x20, 0x01, 0x6C, 0x01, 0x69,
    0x01, 0x49, 0x01, 0x29, 0x00, 0x64, 0x01, 0x29, 0x01, 0x28, 0x01, 0x4A, 0x01, 0x29, 0x01, 0x6A,
    0x01, 0x4A, 0x01, 0x49, 0x00, 0x22, 0x00, 0x23, 0x00, 0x01, 0x00, 0x43, 0x00, 0x64, 0x01, 0x29,
    0x00, 0xE7, 0x00, 0x01, 0x00, 0x22, 0x01, 0x8B, 0x01, 0x4A, 0x01, 0x29, 0x00, 0xC7, 0x00, 0xE8,
    0x00, 0x01, 0x01, 0x6A, 0x01, 0x8B, 0x01, 0x4A, 0x78, 0x00, 0x78, 0x00, 0x00, 0x22, 0x00, 0x02,
    0x20, 0x01, 0x30, 0x01, 0x38, 0x00, 0xA8, 0x00, 0xB0, 0x20, 0xD0, 0x60, 0xB8, 0x00, 0xC0, 0x00,
    0xB8, 0x00, 0xB8, 0x00, 0xB0, 0x00, 0xFB, 0xE0, 0xF2, 0x80, 0xE9, 0xA0, 0xE9, 0xA0, 0xFB, 0xE0,
    0xC0, 0x00, 0xD8, 0xA0, 0xC8, 0x20, 0xC0, 0x20, 0xC8, 0x40, 0xC0, 0x20, 0xB8, 0x00, 0x78, 0x00,
    0x78, 0x00, 0x70, 0x00, 0x70, 0x00, 0x70, 0x00, 0x80, 0x00, 0x80, 0x00, 0x70, 0x00, 0xB0, 0x00,
    0xA0, 0x00, 0xA8, 0x00, 0xA8, 0x00, 0x80, 0x00, 0x88, 0x00, 0x90, 0x00, 0x78, 0x00, 0x78, 0x00,
    0x90, 0x00, 0xA0, 0x00, 0x90, 0x00, 0xD0, 0xA0, 0xD0, 0xA0, 0xF2, 0x80, 0xB8, 0x00, 0xD0, 0x80,
    0xB0, 0x00, 0xA0, 0x00, 0x50, 0x00, 0xB8, 0x00, 0x98, 0x00, 0x30, 0x00, 0x20, 0x01, 0x00, 0x23,
    0x00, 0x43, 0x00, 0x23, 0x50, 0x00, 0x40, 0x00, 0xB8, 0x00, 0x60, 0x00, 0x70, 0x00, 0x30, 0x00,
    0x30, 0x00, 0x90, 0x00, 0x88, 0x00, 0x88, 0x00, 0x58, 0x00, 0x58, 0x00, 0x00, 0x23, 0x00, 0x85,
    0x00, 0x84, 0x00, 0x84, 0x00, 0x64, 0x00, 0x44, 0x00, 0x64, 0x00, 0x44, 0x00, 0x43, 0x00, 0x43,
    0x00, 0x64, 0x00, 0x43, 0x00, 0x43, 0x00, 0x01, 0x00, 0x01, 0x50, 0x00, 0x08, 0x03, 0x18, 0x22,
    0x00, 0x84, 0x00, 0x84, 0x00, 0x01, 0xA0, 0x00, 0x80, 0x00, 0xA8, 0x20, 0xA0, 0x20, 0x20, 0xA4,
    0x00, 0x85, 0x00, 0xA5, 0x50, 0xA3, 0x58, 0xC3, 0xD9, 0x40, 0x01, 0xAE, 0x01, 0x8B, 0x01, 0x6A,
    0x01, 0x49, 0x01, 0x08, 0x00, 0x44, 0x00, 0x85, 0x01, 0x4A, 0x01, 0x4A, 0x01, 0x29, 0x01, 0xAC,
    0x01, 0x8C, 0x00, 0xE8, 0x01, 0x08, 0x00, 0x01, 0x00, 0x42, 0x00, 0x44, 0x00, 0x01, 0x00, 0x01,
    0x00, 0x64, 0x00, 0x64, 0x00, 0xE7, 0x00, 0x64, 0x00, 0x64, 0x00, 0x44, 0x00, 0x43, 0x00, 0x43,
    0x01, 0xCD, 0x01, 0xAC, 0x01, 0xAC, 0x80, 0x00, 0x78, 0x00, 0x00, 0x22, 0x00, 0x22, 0x28, 0x01,
    0x28, 0x00, 0x48, 0x00, 0xB0, 0x20, 0xA8, 0x00, 0xD0, 0x60, 0xC0, 0x00, 0xC8, 0x20, 0xB8, 0x00,
    0xB0, 0x00, 0xB8, 0x20, 0xFB, 0xA0, 0xF2, 0x60, 0xF1, 0xC0, 0xF1, 0xC0, 0xFB, 0xA0, 0xD0, 0x00,
    0xD0, 0x60, 0xC0, 0x40, 0xC8, 0x40, 0xC8, 0x40, 0xC0, 0x20, 0xC0, 0x20, 0x78, 0x00, 0x78, 0x00,
    0x68, 0x00, 0x70, 0x00, 0x70, 0x00, 0x70, 0x00, 0x70, 0x00, 0x70, 0x00, 0xB0, 0x00, 0xA0, 0x00,
    0xA8, 0x00, 0xA0, 0x00, 0x68, 0x00, 0x98, 0x00, 0x88, 0x00, 0x78, 0x00, 0x70, 0x00, 0x88, 0x00,
    0x98, 0x00, 0x98, 0x00, 0xD0, 0x80, 0xD0, 0x80, 0xF2, 0x80, 0xB8, 0x00, 0xD0, 0xA0, 0xA8, 0x00,
    0xA8, 0x00, 0x50, 0x00, 0xB8, 0x00, 0x98, 0x00, 0x28, 0x00, 0x28, 0x00, 0x00, 0x43, 0x00, 0x43,
    0x00, 0x43, 0x58, 0x00, 0x40, 0x00, 0xB8, 0x20, 0x50, 0x00, 0x78, 0x00, 0x30, 0x00, 0x38, 0x00,
    0x90, 0x00, 0x88, 0x00, 0x90, 0x00, 0x58, 0x00, 0x50, 0x00, 0x00, 0x43, 0x00, 0x85, 0x00, 0x84,
    0x00, 0x64, 0x00, 0x84, 0x00, 0x43, 0x00, 0x64, 0x00, 0x64, 0x00, 0x43, 0x00, 0x43, 0x00, 0x64,
    0x00, 0x43, 0x00, 0x43, 0x00, 0x01, 0x00, 0x01, 0x48, 0x00, 0x20, 0x01, 0x20, 0x02, 0x00, 0x84,
    0x00, 0x84, 0x00, 0x01, 0xA8, 0x00, 0x78, 0x20, 0xA8, 0x00, 0xA0, 0x20, 0x18, 0xA5, 0x00, 0x84,
    0x00, 0xA5, 0x58, 0xA3, 0x58, 0x83, 0xE1, 0x60, 0x01, 0x8D, 0x01, 0x6A, 0x01, 0x49, 0x01, 0x49,
    0x01, 0x08, 0x00, 0x43, 0x00, 0x85, 0x01, 0x4A, 0x01, 0x4A, 0x01, 0x4A, 0x01, 0xAC, 0x01, 0xAC,
    0x00, 0xE7, 0x00, 0xE8, 0x00, 0x01, 0x00, 0x22, 0x00, 0x64, 0x00, 0x01, 0x00, 0x01, 0x00, 0x44,
    0x00, 0x43, 0x00, 0xE7, 0x00, 0x44, 0x00, 0x64, 0x00, 0x43, 0x00, 0x43, 0x00, 0x43, 0x02, 0x0F,
    0x01, 0xCD, 0x01, 0xAC, 0x00, 0x01, 0x20, 0x01, 0x20, 0x01, 0x20, 0x01, 0x20, 0x01, 0xA8, 0x00,
    0x98, 0x00, 0xC8, 0x80, 0xD8, 0xA0, 0xB0, 0x00, 0xB0, 0x00, 0xB8, 0x00, 0xB8, 0x20, 0xB8, 0x00,
    0xE9, 0xA0, 0xFB, 0x20, 0xF2, 0xC0, 0xFB, 0xC0, 0xFC, 0x00, 0xE1, 0x00, 0xE9, 0x80, 0xE1, 0x60,
    0xD0, 0x80, 0xD0, 0x80, 0xD0, 0x80, 0x70, 0x00, 0x78, 0x00, 0x78, 0x00, 0x70, 0x00, 0x78, 0x00,
    0x78, 0x00, 0x70, 0x00, 0x70, 0x00, 0x70, 0x00, 0x68, 0x00, 0x70, 0x00, 0x70, 0x00, 0x60, 0x00,
    0x68, 0x00, 0x50, 0x00, 0x60, 0x00, 0x58, 0x00, 0xA0, 0x00, 0xA0, 0x00, 0x50, 0x00, 0xC0, 0x00,
    0xA0, 0x00, 0xC0, 0x40, 0xC0, 0x20, 0xE9, 0xA0, 0xA8, 0x00, 0xC0, 0x20, 0xA8, 0x00, 0xA0, 0x00,
    0x58, 0x00, 0x50, 0x00, 0x58, 0x00, 0x58, 0x00, 0x50, 0x00, 0x00, 0x43, 0x00, 0x43, 0x00, 0x43,
    0x30, 0x00, 0x28, 0x00, 0xC0, 0x00, 0x58, 0x00, 0x78, 0x00, 0x98, 0x00, 0x98, 0x00, 0xA0, 0x00,
    0x68, 0x00, 0x78, 0x00, 0x00, 0x02, 0x00, 0x22, 0x00, 0x43, 0x00, 0x84, 0x00, 0x64, 0x00, 0x84,
    0x00, 0x84, 0x00, 0x43, 0x00, 0x85, 0x00, 0x84, 0x00, 0x84, 0x00, 0x85, 0x00, 0x43, 0x00, 0x23,
    0x00, 0x23, 0x00, 0x21, 0x00, 0x01, 0x00, 0x01, 0x40, 0x01, 0x38, 0x01, 0x00, 0x84, 0x00, 0x64,
    0x00, 0x01, 0x00, 0x22, 0x00, 0x02, 0xA0, 0x00, 0xA0, 0x20, 0x00, 0x84, 0x00, 0x84, 0x00, 0xA4,
    0xB8, 0xE1, 0xA8, 0xC0, 0xE1, 0x60, 0x01, 0xAD, 0x01, 0x8B, 0x01, 0xCC, 0x01, 0xCC, 0x01, 0x08,
    0x00, 0xA6, 0x00, 0xC6, 0x00, 0xA5, 0x00, 0x85, 0x01, 0x09, 0x01, 0xED, 0x01, 0xCC, 0x01, 0x49,
    0x01, 0x29, 0x00, 0x01, 0x00, 0x01, 0x00, 0x01, 0x00, 0x01, 0x00, 0x01, 0x00, 0xC7, 0x00, 0xE7,
    0x00, 0xE7, 0x00, 0x01, 0x00, 0x43, 0x00, 0x43, 0x00, 0x01, 0x01, 0xCD, 0x01, 0xED, 0x01, 0xED,
    0x01, 0xCC, 0x08, 0x21, 0x20, 0x02, 0x28, 0x01, 0x28, 0x01, 0x20, 0x01, 0xA8, 0x00, 0x98, 0x00,
    0xC0, 0x40, 0xD0, 0x60, 0xB0, 0x00, 0xB0, 0x00, 0xB8, 0x00, 0xB8, 0x00, 0xB8, 0x00, 0xE9, 0xA0,
    0xFB, 0x00, 0xFA, 0xA0, 0xFB, 0xE0, 0xFC, 0x00, 0xE1, 0x20, 0xE9, 0x40, 0xE1, 0x20, 0xD0, 0x60,
    0xD0, 0x80, 0xD0, 0x80, 0x68, 0x00, 0x78, 0x00, 0x78, 0x00, 0x70, 0x00, 0x78, 0x00, 0x78, 0x00,
    0x70, 0x00, 0x70, 0x00, 0x70, 0x00, 0x60, 0x00, 0x70, 0x00, 0x60, 0x00, 0x68, 0x00, 0x68, 0x00,
    0x48, 0x00, 0x58, 0x00, 0x50, 0x00, 0xA0, 0x00, 0xB0, 0x00, 0x50, 0x00, 0xC8, 0x00, 0xB0, 0x00,
    0xC0, 0x40, 0xC0, 0x40, 0xE9, 0x80, 0x98, 0x00, 0xB8, 0x00, 0xA8, 0x00, 0xA8, 0x00, 0x58, 0x00,
    0x50, 0x00, 0x58, 0x00, 0x50, 0x00, 0x50, 0x00, 0x00, 0x63, 0x00, 0x43, 0x00, 0x43, 0x30, 0x00,
    0x20, 0x00, 0xB8, 0x00, 0x58, 0x00, 0x68, 0x00, 0x98, 0x00, 0x90, 0x00, 0x90, 0x00, 0x70, 0x00,
    0x78, 0x00, 0x00, 0x22, 0x00, 0x42, 0x00, 0x44, 0x00, 0x64, 0x00, 0x84, 0x00, 0x64, 0x00, 0x64,
    0x00, 0x43, 0x00, 0x85, 0x00, 0x85, 0x00, 0x84, 0x00, 0x85, 0x00, 0x43, 0x00, 0x23, 0x00, 0x43,
    0x00, 0x22, 0x00, 0x01, 0x00, 0x01, 0x40, 0x01, 0x28, 0x01, 0x00, 0x63, 0x00, 0x44, 0x00, 0x01,
    0x00, 0x01, 0x00, 0x01, 0xB0, 0x00, 0xB0, 0x00, 0x00, 0x64, 0x00, 0x64, 0x00, 0x65, 0xB0, 0xE0,
    0xA8, 0xC1, 0xF1, 0x40, 0x01, 0xAC, 0x01, 0x8B, 0x01, 0xCC, 0x01, 0xAB, 0x01, 0x08, 0x00, 0xA6,
    0x00, 0xA6, 0x00, 0xA6, 0x00, 0xA5, 0x01, 0x08, 0x01, 0xED, 0x01, 0xCD, 0x01, 0x08, 0x01, 0x29,
    0x00, 0x01, 0x00, 0x01, 0x00, 0x01, 0x00, 0x01, 0x00, 0x01, 0x00, 0xE7, 0x00, 0xE8, 0x01, 0x08,
    0x00, 0x02, 0x00, 0x23, 0x00, 0x22, 0x00, 0x00, 0x01, 0xAC, 0x01, 0xCD, 0x01, 0xED, 0x01, 0xCD,
    0x30, 0x01, 0x30, 0x01, 0x30, 0x01, 0x28, 0x01, 0x38, 0x00, 0xD0, 0x00, 0xC0, 0x20, 0xD0, 0xA0,
    0xD0, 0xA0, 0xA8, 0x00, 0xB8, 0x20, 0xC0, 0x20, 0xF2, 0x80, 0xF2, 0x60, 0xF2, 0xE0, 0xE0, 0xE0,
    0xE9, 0x60, 0xF2, 0x00, 0xF2, 0x40, 0xE9, 0x80, 0xA8, 0x00, 0xB0, 0x00, 0xB0, 0x00, 0xB0, 0x00,
    0xB8, 0x20, 0xB8, 0x20, 0xB8, 0x00, 0xC0, 0x20, 0xC0, 0x20, 0xB0, 0x00, 0xB8, 0x00, 0xB8, 0x00,
    0xD0, 0x80, 0xD0, 0x80, 0xD8, 0xC0, 0xE0, 0xE0, 0xD8, 0xE0, 0x90, 0x00, 0x90, 0x00, 0x50, 0x00,
    0x50, 0x00, 0x50, 0x00, 0x50, 0x00, 0x48, 0x00, 0x40, 0x00, 0x68, 0x00, 0x60, 0x00, 0xB8, 0x00,
    0xB8, 0x00, 0xE9, 0xA0, 0xF2, 0xE0, 0xF2, 0xA0, 0xC0, 0x40, 0xB8, 0x00, 0xA0, 0x00, 0x38, 0x00,
    0x50, 0x00, 0x50, 0x00, 0x50, 0x00, 0x18, 0x02, 0x00, 0x43, 0x00, 0x43, 0x40, 0x00, 0x20, 0x00,
    0xE9, 0xC0, 0x68, 0x00, 0x88, 0x00, 0xA0, 0x00, 0xA0, 0x00, 0xB0, 0x00, 0x38, 0x00, 0x50, 0x00,
    0x00, 0x23, 0x00, 0x43, 0x00, 0x43, 0x00, 0x85, 0x00, 0x85, 0x00, 0x43, 0x00, 0x43, 0x00, 0x43,
    0x00, 0x43, 0x00, 0x43, 0x00, 0x85, 0x00, 0x84, 0x00, 0x43, 0x00, 0x23, 0x00, 0x23, 0x00, 0x43,
    0x00, 0x43, 0x00, 0x22, 0x38, 0x01, 0x20, 0x01, 0x68, 0x00, 0x68, 0x00, 0x00, 0x21, 0x00, 0x01,
    0x00, 0x01, 0x00, 0x64, 0x00, 0x84, 0x00, 0x64, 0xF8, 0xE0, 0xC8, 0xA0, 0xD9, 0x00, 0xD9, 0x00,
    0x01, 0x4A, 0xF9, 0x00, 0xD9, 0x41, 0x11, 0xAC, 0x01, 0xEC, 0x01, 0x29, 0x00, 0xA6, 0x00, 0xC7,
    0x00, 0xA6, 0x00, 0xA6, 0x00, 0xA6, 0x01, 0x6A, 0x01, 0x49, 0x00, 0xC7, 0x00, 0xC7, 0x00, 0x01,
    0x00, 0x01, 0x00, 0x01, 0x00, 0xC7, 0x00, 0xA6, 0x00, 0xC6, 0x00, 0x86, 0x00, 0x01, 0x00, 0x01,
    0x00, 0x01, 0x01, 0x4A, 0x01, 0x4A, 0x01, 0x8B, 0x01, 0x29, 0x01, 0x29, 0x01, 0x08, 0x28, 0x01,
    0x28, 0x01, 0x70, 0x00, 0x60, 0x00, 0xC8, 0x20, 0xB8, 0x00, 0xA8, 0x00, 0xB8, 0x20, 0xA8, 0x00,
    0xB0, 0x00, 0xD8, 0xC0, 0xC8, 0x80, 0xF2, 0x60, 0xF2, 0x40, 0xF1, 0xC0, 0xD8, 0xE0, 0xE0, 0xC0,
    0xFA, 0xA0, 0xFA, 0x80, 0xE1, 0x40, 0xC0, 0x20, 0xC8, 0x40, 0xC8, 0x60, 0xC8, 0x60, 0xD8, 0xA0,
    0xF2, 0x60, 0xEA, 0x20, 0xEA, 0x40, 0xF2, 0x40, 0xE9, 0x80, 0xE9, 0x60, 0xE9, 0x60, 0xE1, 0x20,
    0xE1, 0x00, 0xD0, 0xE0, 0xC8, 0x40, 0xC8, 0x60, 0xD0, 0x40, 0xD0, 0x40, 0xA0, 0x00, 0x40, 0x00,
    0x58, 0x00, 0x50, 0x00, 0x50, 0x00, 0x48, 0x00, 0x60, 0x00, 0x60, 0x00, 0x98, 0x00, 0x98, 0x00,
    0xD8, 0xC0, 0xFA, 0xE0, 0xF2, 0x60, 0xC0, 0x40, 0xB8, 0x00, 0xA0, 0x00, 0x30, 0x00, 0x50, 0x00,
    0x48, 0x00, 0x48, 0x00, 0x98, 0x00, 0x20, 0x01, 0x28, 0x01, 0x78, 0x00, 0x68, 0x00, 0xE9, 0xC0,
    0x70, 0x00, 0x90, 0x00, 0xA8, 0x00, 0xA0, 0x00, 0xB0, 0x00, 0x18, 0x00, 0x30, 0x01, 0x00, 0x42,
    0x00, 0x43, 0x00, 0x43, 0x00, 0x43, 0x00, 0x64, 0x00, 0x64, 0x00, 0x64, 0x00, 0x43, 0x00, 0x43,
    0x00, 0x43, 0x00, 0x64, 0x00, 0x64, 0x00, 0x43, 0x00, 0x43, 0x00, 0x43, 0x00, 0x43, 0x00, 0x43,
    0x00, 0x01, 0x00, 0x01, 0x00, 0x01, 0x50, 0x00, 0x58, 0x00, 0x18, 0x01, 0x00, 0x22, 0x00, 0x02,
    0x00, 0x22, 0x00, 0x02, 0xA8, 0x00, 0xE8, 0xE0, 0xC8, 0xC0, 0xC8, 0xC0, 0xC8, 0xE0, 0x01, 0x49,
    0xF9, 0x40, 0xD1, 0x20, 0x09, 0xCB, 0x01, 0xAC, 0x01, 0x29, 0x00, 0xC6, 0x00, 0xC7, 0x00, 0xA6,
    0x00, 0xA6, 0x00, 0xC6, 0x01, 0x4A, 0x01, 0x29, 0x00, 0xC6, 0x00, 0xC6, 0x00, 0x01, 0x00, 0x01,
    0x00, 0x01, 0x00, 0xA6, 0x00, 0xA6, 0x00, 0x65, 0x00, 0x64, 0x00, 0x43, 0x00, 0xC7, 0x00, 0x85,
    0x01, 0x6A, 0x01, 0x6A, 0x01, 0x4A, 0x01, 0x29, 0x01, 0x08, 0x00, 0x42, 0x28, 0x01, 0x20, 0x01,
    0x68, 0x00, 0x68, 0x00, 0xB8, 0x20, 0xB0, 0x00, 0xA8, 0x00, 0xA0, 0x00, 0xA0, 0x00, 0xA8, 0x00,
    0xFA, 0x80, 0xF2, 0x20, 0xF2, 0x40, 0xF2, 0x60, 0xFC, 0xA0, 0xFC, 0xA0, 0xFC, 0xA0, 0xD0, 0xA0,
    0xD0, 0xA0, 0xC0, 0x40, 0xC8, 0x60, 0xD0, 0x80, 0xC8, 0x60, 0xC8, 0x80, 0xD0, 0xA0, 0xF2, 0xC0,
    0xF2, 0xC0, 0xF2, 0xA0, 0xF2, 0x80, 0xE9, 0x60, 0xE1, 0x20, 0xE1, 0x40, 0xE1, 0x40, 0xE1, 0x40,
    0xF2, 0xC0, 0xB8, 0x00, 0xC8, 0x40, 0xC8, 0x40, 0xC8, 0x40, 0xB0, 0x00, 0x30, 0x00, 0x50, 0x00,
    0x50, 0x00, 0x50, 0x00, 0x50, 0x00, 0x58, 0x00, 0x58, 0x00, 0x88, 0x00, 0x80, 0x00, 0xB8, 0x20,
    0xFB, 0x60, 0xF2, 0x60, 0xC8, 0x60, 0xC8, 0x20, 0xB8, 0x00, 0x28, 0x00, 0x48, 0x00, 0x48, 0x00,
    0x48, 0x00, 0x90, 0x00, 0x28, 0x00, 0x38, 0x00, 0xA0, 0x00, 0x98, 0x00, 0xE1, 0x60, 0x78, 0x00,
    0x90, 0x00, 0xA0, 0x00, 0xA0, 0x00, 0xB0, 0x00, 0x00, 0x01, 0x28, 0x01, 0x00, 0x43, 0x00, 0x43,
    0x00, 0x44, 0x00, 0x43, 0x00, 0x44, 0x00, 0x85, 0x00, 0x85, 0x00, 0x43, 0x00, 0x43, 0x00, 0x43,
    0x00, 0x43, 0x00, 0x43, 0x00, 0x23, 0x00, 0x44, 0x00, 0x43, 0x00, 0x43, 0x00, 0x43, 0x00, 0x02,
    0x00, 0x01, 0x00, 0x01, 0x50, 0x00, 0x58, 0x00, 0x50, 0x00, 0x00, 0x02, 0x00, 0x01, 0x00, 0x21,
    0x00, 0x01, 0x88, 0x20, 0xD9, 0x00, 0xC8, 0xA0, 0xD0, 0xE0, 0xC8, 0xE0, 0x01, 0x29, 0xF9, 0x40,
    0xD1, 0x20, 0x09, 0x8A, 0x01, 0xAB, 0x01, 0x4A, 0x00, 0xC6, 0x00, 0xE7, 0x00, 0xA6, 0x00, 0xA6,
    0x00, 0xA6, 0x01, 0x2A, 0x01, 0x29, 0x00, 0xC6, 0x00, 0xC6, 0x00, 0x01, 0x00, 0x01, 0x00, 0x01,
    0x00, 0xA6, 0x00, 0xA5, 0x00, 0x64, 0x00, 0x64, 0x00, 0x64, 0x01, 0x4A, 0x00, 0xE8, 0x01, 0x6B,
    0x01, 0x4A, 0x01, 0x08, 0x01, 0x08, 0x00, 0xC7, 0x00, 0x01, 0x18, 0x01, 0x20, 0x01, 0x58, 0x00,
    0x58, 0x00, 0xB8, 0x20, 0xA8, 0x00, 0xA8, 0x00, 0xA8, 0x00, 0xA8, 0x00, 0xA0, 0x00, 0xFA, 0x60,
    0xF2, 0x40, 0xEA, 0x00, 0xF1, 0xE0, 0xFC, 0x60, 0xFD, 0x60, 0xFD, 0x80, 0xD0, 0x80, 0xD0, 0xA0,
    0xC0, 0x20, 0xD0, 0x60, 0xD0, 0x80, 0xC0, 0x40, 0xC0, 0x20, 0xD0, 0xA0, 0xFA, 0xE0, 0xF2, 0xC0,
    0xF2, 0xE0, 0xF2, 0xE0, 0xE9, 0x60, 0xE1, 0x20, 0xE1, 0x20, 0xE1, 0x20, 0xE1, 0x40, 0xF2, 0xC0,
    0xB8, 0x00, 0xB8, 0x60, 0xB8, 0x00, 0xB0, 0x00, 0xB0, 0x00, 0x98, 0x20, 0xA0, 0x00, 0x60, 0x00,
    0x50, 0x00, 0x50, 0x00, 0x58, 0x00, 0x50, 0x00, 0x80, 0x00, 0x88, 0x00, 0xB8, 0x20, 0xFB, 0x40,
    0xEA, 0x60, 0xC8, 0x40, 0xC0, 0x20, 0xC0, 0x00, 0x28, 0x00, 0x40, 0x00, 0x48, 0x00, 0x48, 0x00,
    0x70, 0x00, 0x30, 0x00, 0x38, 0x00, 0xA0, 0x00, 0x98, 0x00, 0xE1, 0x40, 0x70, 0x00, 0x80, 0x00,
    0xA8, 0x00, 0xA8, 0x00, 0xA0, 0x00, 0x08, 0x02, 0x28, 0x01, 0x00, 0x23, 0x00, 0x43, 0x00, 0x43,
    0x00, 0x43, 0x00, 0x43, 0x00, 0x85, 0x00, 0x85, 0x00, 0x43, 0x00, 0x44, 0x00, 0x44, 0x00, 0x43,
    0x00, 0x43, 0x00, 0x43, 0x00, 0x44, 0x00, 0x43, 0x00, 0x43, 0x00, 0x43, 0x00, 0x02, 0x00, 0x01,
    0x00, 0x01, 0x60, 0x00, 0x70, 0x00, 0x50, 0x00, 0x00, 0x22, 0x00, 0x01, 0x00, 0x01, 0x00, 0x01,
    0x80, 0x00, 0xE8, 0xE0, 0xC8, 0xC0, 0xE9, 0x20, 0xE9, 0x00, 0x01, 0x09, 0xF9, 0x40, 0xD1, 0x20,
    0x01, 0xCC, 0x01, 0xAC, 0x01, 0x4A, 0x00, 0xA6, 0x00, 0xC7, 0x01, 0x4A, 0x01, 0x8B, 0x00, 0xA6,
    0x01, 0x29, 0x01, 0x29, 0x00, 0xC6, 0x00, 0xC6, 0x00, 0x01, 0x00, 0x22, 0x00, 0x42, 0x00, 0xC7,
    0x00, 0xA5, 0x00, 0x64, 0x00, 0x43, 0x00, 0x43, 0x01, 0x29, 0x01, 0x08, 0x01, 0x6A, 0x01, 0x8B,
    0x00, 0x00, 0x00, 0x00, 0x00, 0x00, 0x00, 0x01, 0x60, 0x00, 0x58, 0x00, 0xC0, 0x20, 0xC0, 0x40,
    0xC0, 0x20, 0xA0, 0x00, 0xA0, 0x00, 0xB0, 0x00, 0xB0, 0x00, 0xD8, 0xA0, 0xF2, 0xE0, 0xFA, 0xC0,
    0xFB, 0x40, 0xFB, 0x60, 0xFC, 0x20, 0xC8, 0x00, 0xD0, 0x60, 0xD0, 0x60, 0xD0, 0x80, 0xD0, 0x80,
    0xD0, 0x80, 0xD0, 0xA0, 0xF2, 0x20, 0xEA, 0x20, 0xE9, 0x40, 0xE9, 0xA0, 0xE9, 0xA0, 0xE1, 0x20,
    0xE1, 0x40, 0xE1, 0x40, 0xE1, 0x60, 0xE1, 0x60, 0xE9, 0x60, 0xE1, 0x60, 0xF2, 0xE0, 0xFB, 0xA0,
    0xFB, 0x60, 0xFB, 0x40, 0xFB, 0x60, 0xD0, 0xA0, 0xB0, 0x00, 0xB8, 0x00, 0xC0, 0x20, 0xC0, 0x20,
    0x70, 0x00, 0x60, 0x00, 0x68, 0x00, 0x68, 0x00, 0x68, 0x00, 0xB0, 0x00, 0xFA, 0x60, 0xEA, 0x00,
    0xD0, 0x60, 0xC8, 0x60, 0xB8, 0x00, 0x58, 0x00, 0x70, 0x00, 0x68, 0x00, 0x68, 0x00, 0x68, 0x00,
    0x40, 0x00, 0x40, 0x00, 0xA8, 0x00, 0xA0, 0x00, 0xD9, 0x00, 0xD8, 0xE0, 0xD8, 0xE0, 0xA0, 0x00,
    0x98, 0x00, 0x90, 0x00, 0x00, 0x02, 0x00, 0x22, 0x00, 0x23, 0x00, 0x22, 0x00, 0x43, 0x00, 0x63,
    0x00, 0x43, 0x00, 0x64, 0x00, 0x84, 0x00, 0x44, 0x00, 0x44, 0x00, 0x64, 0x00, 0x43, 0x00, 0x43,
    0x00, 0x23, 0x00, 0x23, 0x00, 0x23, 0x00, 0x01, 0x00, 0x01, 0x00, 0x01, 0x00, 0x01, 0x00, 0x01,
    0x00, 0x01, 0x00, 0x01, 0x50, 0x00, 0x00, 0x01, 0x00, 0x01, 0x00, 0x01, 0x00, 0x01, 0x80, 0x20,
    0xF1, 0x20, 0xD9, 0x20, 0x58, 0xA4, 0x50, 0xE4, 0xD1, 0x21, 0xD1, 0x21, 0xC9, 0x41, 0x09, 0xAB,
    0x01, 0xAB, 0x01, 0x49, 0x00, 0xA5, 0x00, 0xC6, 0x01, 0x4A, 0x01, 0x4A, 0x00, 0xC6, 0x01, 0x08,
    0x00, 0xE7, 0x00, 0xC6, 0x00, 0xA6, 0x00, 0x01, 0x00, 0x64, 0x00, 0x85, 0x00, 0x84, 0x00, 0x64,
    0x00, 0x64, 0x00, 0x64, 0x01, 0x29, 0x01, 0x6A, 0x01, 0x6A, 0x01, 0x8B, 0x01, 0x6B, 0x00, 0x01,
    0x00, 0x01, 0x00, 0x01, 0x00, 0x01, 0xD0, 0x00, 0xC8, 0x20, 0xA8, 0x00, 0xA8, 0x00, 0xA0, 0x00,
    0x98, 0x00, 0x98, 0x00, 0xA0, 0x00, 0xA0, 0x00, 0xD0, 0x60, 0xFB, 0x80, 0xFB, 0x80, 0xFB, 0x20,
    0xFB, 0x00, 0xF2, 0x20, 0xC0, 0x00, 0xD0, 0x80, 0xD8, 0xA0, 0xD0, 0xA0, 0xD8, 0xE0, 0xFB, 0x00,
    0xFA, 0xA0, 0xD8, 0xA0, 0xD8, 0xA0, 0xE1, 0x20, 0xE1, 0x40, 0xE0, 0xE0, 0xE1, 0x00, 0xE1, 0x20,
    0xFB, 0xC0, 0xFC, 0x20, 0xFC, 0x40, 0xE9, 0xA0, 0xE9, 0xA0, 0xE9, 0x60, 0xE1, 0x40, 0xE1, 0x00,
    0xE0, 0xA0, 0xE0, 0xA0, 0xF2, 0x60, 0xF3, 0x40, 0xFB, 0x20, 0xC0, 0x40, 0xC0, 0x40, 0xA0, 0x00,
    0xC8, 0x00, 0xB8, 0x00, 0x70, 0x00, 0x70, 0x00, 0x90, 0x00, 0xD0, 0x40, 0xC0, 0x00, 0xE1, 0x00,
    0xE9, 0x80, 0xB8, 0x00, 0x60, 0x00, 0x78, 0x00, 0x68, 0x00, 0x68, 0x00, 0x98, 0x00, 0x30, 0x00,
    0x40, 0x00, 0xE1, 0x00, 0xE1, 0x40, 0xD9, 0x00, 0xB8, 0x20, 0xC8, 0x40, 0x68, 0x00, 0x68, 0x00,
    0x10, 0x01, 0x00, 0x23, 0x00, 0x23, 0x00, 0x43, 0x00, 0x23, 0x00, 0x64, 0x68, 0x00, 0x50, 0x00,
    0x00, 0x63, 0x00, 0x23, 0x00, 0x84, 0x00, 0x43, 0x00, 0x43, 0x00, 0x64, 0x00, 0x64, 0x00, 0x43,
    0x00, 0x43, 0x00, 0x63, 0x00, 0x01, 0x00, 0x01, 0x00, 0x01, 0x00, 0x01, 0x00, 0x01, 0x00, 0x01,
    0x00, 0x01, 0x00, 0x43, 0x00, 0x85, 0x00, 0x84, 0x00, 0x01, 0x00, 0x01, 0xA8, 0x40, 0x10, 0xE6,
    0x18, 0xC5, 0x08, 0xE7, 0x01, 0x07, 0xC1, 0x01, 0x09, 0xED, 0x29, 0xAA, 0x19, 0xAB, 0x09, 0xCB,
    0x01, 0x08, 0x00, 0xC7, 0x00, 0xC7, 0x01, 0x6A, 0x01, 0x4A, 0x00, 0xC6, 0x00, 0xA6, 0x00, 0xC6,
    0x00, 0x00, 0x00, 0x01, 0x00, 0x01, 0x00, 0x64, 0x00, 0x84, 0x01, 0x4A, 0x01, 0x29, 0x01, 0x08,
    0x01, 0x08, 0x01, 0x08, 0x00, 0x00, 0x00, 0x00, 0x00, 0x00, 0x00, 0x00, 0x00, 0x01, 0x00, 0x43,
    0x00, 0x23, 0x01, 0x8B, 0xD0, 0x00, 0xB0, 0x00, 0xB0, 0x00, 0xB0, 0x00, 0xA8, 0x00, 0xA0, 0x00,
    0x98, 0x00, 0xA0, 0x00, 0xA0, 0x00, 0xD0, 0x80, 0xF3, 0x60, 0xFB, 0x60, 0xFB, 0x40, 0xFB, 0x40,
    0xF2, 0xA0, 0xC8, 0x00, 0xD0, 0x80, 0xD0, 0xA0, 0xD8, 0xA0, 0xD8, 0xE0, 0xF2, 0x80, 0xF2, 0x20,
    0xD8, 0xE0, 0xE1, 0x00, 0xE1, 0x00, 0xE1, 0x40, 0xE1, 0x20, 0xE9, 0x40, 0xE9, 0x20, 0xFB, 0x60,
    0xFB, 0xC0, 0xFB, 0xE0, 0xE9, 0x80, 0xE1, 0x60, 0xE9, 0xA0, 0xE9, 0x80, 0xE9, 0x80, 0xE1, 0x20,
    0xE1, 0x40, 0xEA, 0x40, 0xF2, 0x80, 0xF2, 0xC0, 0xC8, 0x40, 0xC0, 0x40, 0x98, 0x00, 0xC0, 0x00,
    0xC0, 0x20, 0x78, 0x00, 0x70, 0x00, 0x90, 0x00, 0xD8, 0x80, 0xC0, 0x40, 0xE1, 0x40, 0xE1, 0x40,
    0xB8, 0x00, 0x58, 0x00, 0x80, 0x00, 0x68, 0x00, 0x68, 0x00, 0xA0, 0x00, 0x28, 0x00, 0x40, 0x00,
    0xD8, 0xE0, 0xD8, 0xC0, 0xE1, 0x00, 0xC0, 0x40, 0xC8, 0x60, 0x78, 0x00, 0x78, 0x00, 0x28, 0x01,
    0x00, 0x22, 0x00, 0x43, 0x00, 0x43, 0x00, 0x23, 0x00, 0x64, 0x68, 0x00, 0x48, 0x00, 0x00, 0x23,
    0x00, 0x43, 0x00, 0x64, 0x00, 0x43, 0x00, 0x43, 0x00, 0x64, 0x00, 0x64, 0x00, 0x43, 0x00, 0x43,
    0x00, 0x43, 0x00, 0x01, 0x00, 0x01, 0x00, 0x01, 0x00, 0x01, 0x00, 0x01, 0x00, 0x01, 0x00, 0x01,
    0x00, 0x43, 0x00, 0x64, 0x00, 0x64, 0x00, 0x01, 0x00, 0x01, 0x98, 0x20, 0x30, 0xA5, 0x38, 0xC5,
    0x01, 0x06, 0x00, 0xE7, 0xC1, 0x21, 0x11, 0xAC, 0x49, 0x89, 0x09, 0xCC, 0x09, 0xCC, 0x01, 0x28,
    0x00, 0xE7, 0x00, 0xC7, 0x01, 0x6A, 0x01, 0x6A, 0x00, 0xA6, 0x00, 0xC6, 0x00, 0xC7, 0x00, 0x00,
    0x00, 0x01, 0x00, 0x01, 0x00, 0x44, 0x00, 0x64, 0x01, 0x29, 0x01, 0x08, 0x00, 0xE8, 0x01, 0x08,
    0x01, 0x08, 0x00, 0x00, 0x00, 0x01, 0x00, 0x01, 0x00, 0x01, 0x00, 0x01, 0x00, 0x23, 0x00, 0x22,
    0x01, 0x6A, 0xF8, 0xA0, 0xD0, 0xA0, 0xB0, 0x00, 0xB8, 0x00, 0x70, 0x00, 0xD0, 0x20, 0xC0, 0x00,
    0xD0, 0x80, 0xD0, 0xA0, 0xE1, 0x60, 0xE9, 0x60, 0xE1, 0x80, 0xFB, 0xC0, 0xFB, 0xA0, 0xFB, 0x20,
    0xC8, 0x00, 0xD8, 0xA0, 0xD8, 0xA0, 0xD8, 0xA0, 0xEA, 0x20, 0xD8, 0xA0, 0xE1, 0x40, 0xE0, 0xE0,
    0xE1, 0x00, 0xF2, 0xC0, 0xF3, 0x20, 0xFA, 0xE0, 0xFC, 0xC0, 0xFC, 0xA0, 0xFB, 0x80, 0xFB, 0x40,
    0xFB, 0x60, 0xE9, 0xA0, 0xE9, 0x80, 0xFB, 0x80, 0xE0, 0x60, 0xE1, 0x40, 0xE1, 0x20, 0xE1, 0x20,
    0xE1, 0x00, 0xFC, 0x00, 0xF3, 0x40, 0xFB, 0x80, 0xFB, 0x40, 0xC0, 0x20, 0xB0, 0x20, 0xB8, 0x20,
    0xA8, 0x00, 0xA8, 0x00, 0x78, 0x00, 0xB8, 0x00, 0xA8, 0x00, 0xD8, 0xC0, 0xD8, 0xA0, 0xB8, 0x20,
    0x90, 0x00, 0xA0, 0x00, 0xA8, 0x00, 0xA8, 0x00, 0x78, 0x00, 0x88, 0x00, 0x80, 0x00, 0xD9, 0x20,
    0xD8, 0xE0, 0xD8, 0xE0, 0x70, 0x00, 0x98, 0x00, 0x50, 0x00, 0x48, 0x00, 0x00, 0x22, 0x00, 0x43,
    0x00, 0x43, 0x00, 0x43, 0x00, 0x43, 0x00, 0x63, 0x48, 0x00, 0x48, 0x00, 0x00, 0x43, 0x00, 0x23,
    0x00, 0x64, 0x00, 0x64, 0x00, 0x64, 0x00, 0x43, 0x00, 0x43, 0x00, 0x43, 0x00, 0x00, 0x00, 0x01,
    0x00, 0x43, 0x00, 0x43, 0x00, 0x64, 0x00, 0x00, 0x00, 0x02, 0x00, 0x01, 0x00, 0x01, 0x00, 0x01,
    0x00, 0x64, 0x00, 0x43, 0x00, 0x01, 0x00, 0x01, 0x00, 0xC5, 0x78, 0xA2, 0x68, 0xA3, 0x00, 0xE7,
    0x00, 0xE7, 0xB9, 0x22, 0x01, 0xCD, 0x21, 0xCB, 0x01, 0x6A, 0x01, 0x6A, 0x00, 0xC7, 0x00, 0xE7,
    0x00, 0xE7, 0x01, 0x6A, 0x01, 0x8B, 0x01, 0x4A, 0x00, 0x22, 0x00, 0x64, 0x00, 0x01, 0x00, 0x01,
    0x00, 0x01, 0x00, 0xA7, 0x00, 0xE7, 0x00, 0xE7, 0x00, 0xE7, 0x00, 0x85, 0x00, 0x85, 0x00, 0x43,
    0x00, 0x00, 0x00, 0x01, 0x00, 0x01, 0x00, 0x21, 0x01, 0x28, 0x02, 0x2F, 0x02, 0x0E, 0x02, 0x4F,
    0xF8, 0x80, 0xD8, 0xA0, 0xB8, 0x00, 0xB8, 0x00, 0x70, 0x00, 0xC8, 0x20, 0xC0, 0x20, 0xD0, 0x80,
    0xD8, 0xA0, 0xE9, 0x60, 0xE9, 0x80, 0xE9, 0x80, 0xFB, 0xA0, 0xFB, 0xA0, 0xFB, 0x20, 0xC8, 0x00,
    0xD8, 0xA0, 0xD8, 0xA0, 0xD8, 0x80, 0xF2, 0x40, 0xD8, 0xA0, 0xE1, 0x20, 0xE0, 0xE0, 0xE1, 0x00,
    0xF2, 0xC0, 0xF3, 0x20, 0xFA, 0xE0, 0xFC, 0x60, 0xFC, 0x60, 0xFB, 0xA0, 0xFB, 0x20, 0xFB, 0x40,
    0xE9, 0x80, 0xE9, 0x80, 0xFB, 0x80, 0xE0, 0x60, 0xE1, 0x40, 0xE1, 0x20, 0xE1, 0x20, 0xE1, 0x00,
    0xFC, 0x20, 0xF3, 0x40, 0xFB, 0xA0, 0xFB, 0x80, 0xC0, 0x20, 0xB0, 0x00, 0xB8, 0x00, 0xB0, 0x00,
    0xB0, 0x00, 0x78, 0x00, 0xC0, 0x00, 0xA8, 0x00, 0xD0, 0xA0, 0xD8, 0xC0, 0xC0, 0x20, 0x90, 0x00,
    0xA0, 0x00, 0xA8, 0x00, 0xA8, 0x00, 0x78, 0x00, 0x80, 0x00, 0x80, 0x00, 0xD9, 0x00, 0xD8, 0xE0,
    0xD8, 0xE0, 0x70, 0x00, 0x90, 0x00, 0x50, 0x00, 0x48, 0x00, 0x00, 0x22, 0x00, 0x43, 0x00, 0x43,
    0x00, 0x43, 0x00, 0x43, 0x00, 0x43, 0x48, 0x00, 0x40, 0x00, 0x00, 0x43, 0x00, 0x43, 0x00, 0x64,
    0x00, 0x44, 0x00, 0x44, 0x00, 0x43, 0x00, 0x63, 0x00, 0x43, 0x00, 0x00, 0x00, 0x01, 0x00, 0x23,
    0x00, 0x43, 0x00, 0x64, 0x00, 0x00, 0x00, 0x01, 0x00, 0x01, 0x00, 0x01, 0x00, 0x01, 0x00, 0x64,
    0x00, 0x43, 0x00, 0x01, 0x00, 0x01, 0x00, 0xA5, 0x80, 0xA2, 0x68, 0xA3, 0x01, 0x06, 0x00, 0xE7,
    0xB9, 0x22, 0x01, 0xAD, 0x19, 0xCB, 0x01, 0x6A, 0x01, 0x6A, 0x00, 0xE7, 0x00, 0xE7, 0x00, 0xE7,
    0x01, 0x6B, 0x01, 0x8B, 0x01, 0x4A, 0x00, 0x22, 0x00, 0x64, 0x00, 0x00, 0x00, 0x01, 0x00, 0x01,
    0x00, 0xA6, 0x00, 0xE7, 0x00, 0xE7, 0x00, 0xE7, 0x00, 0x85, 0x00, 0x65, 0x00, 0x22, 0x00, 0x00,
    0x00, 0x01, 0x00, 0x01, 0x00, 0x21, 0x01, 0x29, 0x02, 0x2F, 0x02, 0x0E, 0x02, 0x4F, 0xD8, 0x20,
    0xC8, 0x40, 0x70, 0x00, 0x70, 0x00, 0x90, 0x00, 0xD0, 0x40, 0xC8, 0x40, 0xEA, 0x40, 0xF2, 0x40,
    0xF2, 0x20, 0xFB, 0xC0, 0xFB, 0xE0, 0xD0, 0x40, 0xC8, 0x40, 0xC8, 0x40, 0xD8, 0x80, 0xD0, 0x60,
    0xE9, 0xC0, 0xF2, 0x00, 0xD8, 0xC0, 0xFA, 0xA0, 0xF2, 0x20, 0xFA, 0xC0, 0xF2, 0xA0, 0xFC, 0x40,
    0xFC, 0x80, 0xFC, 0x60, 0xFB, 0x60, 0xFB, 0x40, 0xFB, 0x20, 0xFC, 0xA0, 0xFC, 0x40, 0xFC, 0x80,
    0xFC, 0x40, 0xFB, 0x40, 0xFB, 0x80, 0xF3, 0x80, 0xE1, 0x40, 0xE1, 0x40, 0xD8, 0xC0, 0xE1, 0x20,
    0xE1, 0x00, 0xE1, 0x40, 0xE9, 0x40, 0xF2, 0xC0, 0xA8, 0x00, 0xB8, 0x00, 0xB0, 0x00, 0xB0, 0x00,
    0xA8, 0x00, 0xB8, 0x00, 0xB0, 0x00, 0xD0, 0xC0, 0xD8, 0xE0, 0xA8, 0x00, 0xB0, 0x00, 0xA8, 0x00,
    0xB8, 0x00, 0xB0, 0x00, 0x60, 0x00, 0xD8, 0x60, 0xC8, 0x60, 0xD8, 0xE0, 0xD8, 0xE0, 0xA0, 0x00,
    0x08, 0x00, 0x30, 0x00, 0x20, 0x01, 0x18, 0x01, 0x00, 0x02, 0x00, 0x22, 0x00, 0x22, 0x50, 0x00,
    0x50, 0x00, 0x40, 0x00, 0x00, 0x44, 0x00, 0x23, 0x00, 0x43, 0x00, 0x43, 0x00, 0x43, 0x00, 0x43,
    0x00, 0x43, 0x00, 0x43, 0x00, 0x43, 0x00, 0x43, 0x00, 0x01, 0x00, 0x01, 0x00, 0x23, 0x00, 0x43,
    0x00, 0x85, 0x00, 0x64, 0x00, 0x85, 0x00, 0x02, 0x00, 0x01, 0x00, 0x01, 0x00, 0x01, 0x00, 0x01,
    0x00, 0x01, 0x00, 0x01, 0x00, 0xC6, 0x60, 0xA2, 0x50, 0xA3, 0x00, 0xC6, 0x00, 0xC6, 0x01, 0x8B,
    0x01, 0xCB, 0x01, 0xAB, 0x01, 0x29, 0x01, 0x29, 0x00, 0xE7, 0x01, 0x29, 0x01, 0x08, 0x01, 0x4A,
    0x01, 0x6A, 0x01, 0x29, 0x00, 0x00, 0x00, 0x01, 0x00, 0x01, 0x00, 0x01, 0x00, 0xE7, 0x00, 0xC7,
    0x00, 0xA6, 0x00, 0x00, 0x00, 0x01, 0x00, 0x01, 0x00, 0x01, 0x00, 0x01, 0x00, 0x01, 0x00, 0x01,
    0x01, 0xCD, 0x01, 0xCC, 0x02, 0x4F, 0x01, 0xED, 0x02, 0x2E, 0x01, 0x6B, 0xD8, 0x20, 0xC0, 0x20,
    0x68, 0x00, 0x68, 0x00, 0x90, 0x00, 0xD0, 0x20, 0xC8, 0x40, 0xEA, 0x20, 0xEA, 0x00, 0xF2, 0x20,
    0xFB, 0xC0, 0xFB, 0xE0, 0xC8, 0x20, 0xC8, 0x40, 0xC8, 0x40, 0xD0, 0x60, 0xD0, 0x40, 0xF1, 0xC0,
    0xF1, 0xC0, 0xD8, 0xC0, 0xFA, 0xC0, 0xF2, 0x40, 0xF2, 0xC0, 0xF2, 0x80, 0xFC, 0x40, 0xFC, 0x60,
    0xFC, 0xA0, 0xFB, 0x60, 0xFB, 0x60, 0xFB, 0x00, 0xFC, 0xC0, 0xFC, 0x80, 0xFC, 0x80, 0xFC, 0x60,
    0xF3, 0x40, 0xFB, 0x20, 0xF3, 0x40, 0xE1, 0x40, 0xE1, 0x20, 0xE1, 0x00, 0xE1, 0x20, 0xE1, 0x20,
    0xD9, 0x20, 0xE1, 0x40, 0xF2, 0xA0, 0x98, 0x00, 0xB0, 0x00, 0xA8, 0x00, 0xA8, 0x00, 0xA8, 0x00,
    0xB8, 0x20, 0xB0, 0x20, 0xD9, 0x00, 0xD8, 0xE0, 0xA8, 0x00, 0xB0, 0x00, 0xA8, 0x00, 0xB8, 0x00,
    0xB8, 0x00, 0x60, 0x00, 0xD8, 0x60, 0xC8, 0x40, 0xD8, 0xE0, 0xD8, 0xE0, 0xA8, 0x00, 0x08, 0x01,
    0x28, 0x01, 0x20, 0x01, 0x20, 0x01, 0x00, 0x02, 0x00, 0x22, 0x00, 0x22, 0x50, 0x00, 0x48, 0x00,
    0x40, 0x00, 0x00, 0x44, 0x00, 0x43, 0x00, 0x43, 0x00, 0x43, 0x00, 0x43, 0x00, 0x44, 0x00, 0x43,
    0x00, 0x44, 0x00, 0x43, 0x00, 0x43, 0x00, 0x00, 0x00, 0x01, 0x00, 0x43, 0x00, 0x43, 0x00, 0x85,
    0x00, 0x85, 0x00, 0x85, 0x00, 0x02, 0x00, 0x01, 0x00, 0x01, 0x00, 0x01, 0x00, 0x01, 0x00, 0x01,
    0x00, 0x01, 0x00, 0xC5, 0x60, 0x82, 0x48, 0x83, 0x00, 0xE6, 0x00, 0xC6, 0x01, 0x8B, 0x01, 0xCC,
    0x01, 0xCC, 0x01, 0x29, 0x01, 0x29, 0x00, 0xE7, 0x01, 0x29, 0x01, 0x08, 0x01, 0x4A, 0x01, 0x4A,
    0x01, 0x29, 0x00, 0x00, 0x00, 0x01, 0x00, 0x01, 0x00, 0x01, 0x00, 0xC7, 0x00, 0xC7, 0x00, 0xA6,
    0x00, 0x00, 0x00, 0x01, 0x00, 0x01, 0x00, 0x01, 0x00, 0x01, 0x00, 0x01, 0x00, 0x01, 0x01, 0xCD,
    0x01, 0xCC, 0x02, 0x4F, 0x01, 0xED, 0x02, 0x0E, 0x01, 0x6B, 0xD0, 0x00, 0xB8, 0x00, 0x68, 0x00,
    0x60, 0x00, 0xA8, 0x00, 0xC8, 0x40, 0xC0, 0x40, 0xF3, 0x80, 0xFC, 0x00, 0xF2, 0x80, 0xFB, 0xA0,
    0xFB, 0xE0, 0xC8, 0x20, 0xC8, 0x40, 0xD8, 0x80, 0xD8, 0xC0, 0xD8, 0xC0, 0xD8, 0x80, 0xD0, 0x80,
    0xD8, 0xE0, 0xFE, 0x83, 0xFD, 0x62, 0xFD, 0xA3, 0xFD, 0xA3, 0xF2, 0xE0, 0xFD, 0x40, 0xFD, 0x00,
    0xFD, 0x21, 0xFD, 0x41, 0xFD, 0x41, 0xFC, 0xC0, 0xFC, 0xE1, 0xFC, 0xE0, 0xFC, 0xE0, 0xFC, 0x40,
    0xFC, 0x40, 0xFC, 0x40, 0xFC, 0x00, 0xFC, 0x00, 0xC8, 0x60, 0xE9, 0x80, 0xE1, 0x60, 0xD8, 0xE0,
    0xD8, 0xE0, 0xD0, 0x80, 0xA8, 0x00, 0xA8, 0x00, 0xA8, 0x00, 0xA0, 0x00, 0x98, 0x00, 0xB8, 0x20,
    0xB8, 0x00, 0xB8, 0x20, 0xB0, 0x00, 0xB0, 0x00, 0xA8, 0x00, 0xA8, 0x00, 0xC0, 0x20, 0xC0, 0x20,
    0xC0, 0x60, 0xE1, 0x40, 0xD9, 0x00, 0xB0, 0x00, 0xB0, 0x00, 0x60, 0x00, 0x08, 0x01, 0x18, 0x01,
    0x10, 0x01, 0x10, 0x02, 0x00, 0x22, 0x00, 0x02, 0x00, 0x22, 0x58, 0x00, 0x50, 0x00, 0x38, 0x00,
    0x00, 0x43, 0x00, 0x43, 0x00, 0x44, 0x00, 0x43, 0x00, 0x43, 0x00, 0x64, 0x00, 0x43, 0x00, 0x43,
    0x00, 0x23, 0x00, 0x01, 0x00, 0x01, 0x00, 0x01, 0x00, 0x01, 0x00, 0x01, 0x00, 0x85, 0x00, 0xC6,
    0x00, 0xC6, 0x00, 0x85, 0x00, 0x85, 0x00, 0x01, 0x00, 0x01, 0x00, 0x01, 0x00, 0x01, 0x00, 0x01,
    0x00, 0xC6, 0x00, 0xA5, 0x00, 0xA5, 0x00, 0xC6, 0x00, 0xC7, 0x01, 0xAB, 0x01, 0x8B, 0x01, 0x8B,
    0x01, 0x08, 0x01, 0x08, 0x00, 0xC6, 0x01, 0x49, 0x01, 0x49, 0x01, 0x29, 0x01, 0x08, 0x00, 0x84,
    0x00, 0x00, 0x00, 0x01, 0x00, 0xA6, 0x00, 0xA6, 0x00, 0xE7, 0x00, 0x01, 0x00, 0x01, 0x00, 0x01,
    0x00, 0x01, 0x00, 0x01, 0x00, 0x02, 0x00, 0x22, 0x02, 0xD3, 0x02, 0x0E, 0x02, 0x0E, 0x01, 0xEE,
    0x01, 0x4A, 0x01, 0x4A, 0x01, 0x4A, 0x01, 0x6A, 0xC8, 0x00, 0xA8, 0x00, 0x68, 0x00, 0x68, 0x00,
    0xA8, 0x00, 0xC0, 0x60, 0xD0, 0x60, 0xFB, 0x80, 0xFC, 0x00, 0xF2, 0x80, 0xFB, 0xC0, 0xFC, 0x20,
    0xC8, 0x60, 0xC8, 0x60, 0xD0, 0x80, 0xD8, 0xA0, 0xD8, 0xA0, 0xD8, 0xA0, 0xD0, 0x80, 0xE0, 0xE0,
    0xFE, 0x43, 0xFD, 0x61, 0xFD, 0xA2, 0xFD, 0xE3, 0xF2, 0xC0, 0xFD, 0x00, 0xFC, 0xE0, 0xFD, 0x01,
    0xFD, 0x21, 0xFD, 0x42, 0xFC, 0xE1, 0xFC, 0xC0, 0xFC, 0xC0, 0xFC, 0xC0, 0xFC, 0x60, 0xFC, 0x00,
    0xFC, 0x20, 0xFC, 0x00, 0xFC, 0x20, 0xC8, 0x60, 0xF1, 0xA0, 0xE9, 0x80, 0xC8, 0x60, 0xC8, 0x80,
    0xD0, 0xA0, 0xA0, 0x00, 0xB0, 0x00, 0xA0, 0x00, 0xA0, 0x00, 0x98, 0x00, 0xB8, 0x00, 0xB0, 0x20,
    0xB8, 0x00, 0xB8, 0x00, 0xA8, 0x00, 0xB0, 0x00, 0xB0, 0x00, 0xC0, 0x40, 0xC0, 0x40, 0xC0, 0x60,
    0xE1, 0x40, 0xD9, 0x00, 0xB8, 0x20, 0xB8, 0x20, 0x58, 0x00, 0x00, 0x02, 0x18, 0x01, 0x00, 0x22,
    0x00, 0x22, 0x00, 0x22, 0x00, 0x22, 0x00, 0x42, 0x50, 0x00, 0x48, 0x00, 0x38, 0x00, 0x00, 0x44,
    0x00, 0x43, 0x00, 0x64, 0x00, 0x43, 0x00, 0x43, 0x00, 0x64, 0x00, 0x43, 0x00, 0x43, 0x00, 0x43,
    0x00, 0x01, 0x00, 0x01, 0x00, 0x01, 0x00, 0x01, 0x00, 0x01, 0x00, 0x85, 0x00, 0xA6, 0x00, 0xA6,
    0x00, 0xA6, 0x00, 0xA5, 0x00, 0x01, 0x00, 0x01, 0x00, 0x01, 0x00, 0x01, 0x00, 0x01, 0x00, 0xC6,
    0x00, 0xA5, 0x00, 0xA5, 0x00, 0xE6, 0x00, 0xE7, 0x01, 0x8C, 0x01, 0x6B, 0x01, 0x8B, 0x00, 0xE7,
    0x00, 0xE8, 0x00, 0xC7, 0x01, 0x4A, 0x01, 0x4A, 0x01, 0x28, 0x01, 0x08, 0x00, 0x64, 0x00, 0x00,
    0x00, 0x01, 0x00, 0xC6, 0x00, 0xA6, 0x00, 0xE7, 0x00, 0x01, 0x00, 0x01, 0x00, 0x01, 0x00, 0x01,
    0x00, 0x01, 0x00, 0x01, 0x00, 0x43, 0x02, 0xB1, 0x02, 0x0E, 0x02, 0x0E, 0x01, 0xEE, 0x01, 0x4A,
    0x01, 0x49, 0x01, 0x4A, 0x01, 0x6A, 0x88, 0x00, 0x88, 0x00, 0x98, 0x00, 0x98, 0x00, 0xC0, 0x20,
    0xFB, 0x80, 0xF3, 0x60, 0xFC, 0x20, 0xFC, 0x40, 0xF2, 0x40, 0xF2, 0x40, 0xF2, 0x40, 0xD0, 0x80,
    0xD8, 0x80, 0xD8, 0xA0, 0xF2, 0x80, 0xEA, 0x00, 0xD8, 0xC0, 0xD8, 0xA0, 0xFD, 0xA1, 0xFD, 0xA2,
    0xFD, 0xA2, 0xFC, 0x60, 0xFC, 0x60, 0xFD, 0x20, 0xFA, 0x80, 0xFA, 0x80, 0xE9, 0x40, 0xE9, 0x60,
    0xE9, 0x40, 0xE9, 0x40, 0xE9, 0xA0, 0xFC, 0x00, 0xFB, 0xE0, 0xFC, 0x40, 0xFC, 0x20, 0xFC, 0x40,
    0xFC, 0x20, 0xFC, 0x20, 0xFB, 0xA0, 0xD8, 0x60, 0xE1, 0x20, 0xB8, 0x20, 0xB8, 0x20, 0xB0, 0x00,
    0xC0, 0x00, 0xB8, 0x00, 0xB8, 0x00, 0xB8, 0x00, 0xA0, 0x00, 0xB8, 0x00, 0xB0, 0x00, 0xA8, 0x00,
    0xA8, 0x00, 0xB0, 0x00, 0xFA, 0x40, 0xE9, 0xE0, 0xD0, 0x80, 0xD0, 0xA0, 0xE9, 0xC0, 0xE9, 0xE0,
    0xE9, 0xE0, 0xB0, 0x00, 0xA8, 0x00, 0x48, 0x00, 0x00, 0x02, 0x10, 0x01, 0x00, 0x22, 0x00, 0x22,
    0x00, 0x22, 0x00, 0x43, 0x00, 0x22, 0x70, 0x00, 0x68, 0x00, 0x00, 0x22, 0x00, 0x22, 0x00, 0x23,
    0x00, 0x43, 0x00, 0x43, 0x00, 0x23, 0x00, 0x44, 0x00, 0x43, 0x00, 0x43, 0x00, 0x43, 0x00, 0x01,
    0x00, 0x01, 0x00, 0x01, 0x00, 0x01, 0x00, 0x01, 0x00, 0x01, 0x00, 0xC7, 0x00, 0xC6, 0x00, 0xA6,
    0x00, 0xA6, 0x00, 0x43, 0x00, 0x00, 0x00, 0x01, 0x00, 0x01, 0x00, 0x01, 0x00, 0xC6, 0x00, 0x85,
    0x00, 0x85, 0x01, 0x08, 0x01, 0x29, 0x01, 0xAC, 0x00, 0xE7, 0x01, 0x08, 0x00, 0xC7, 0x00, 0xC6,
    0x00, 0xC7, 0x01, 0x28, 0x01, 0x29, 0x00, 0xA5, 0x00, 0x85, 0x00, 0x43, 0x00, 0x00, 0x00, 0x01,
    0x00, 0xA6, 0x00, 0x85, 0x00, 0x01, 0x00, 0x01, 0x00, 0x01, 0x00, 0x01, 0x00, 0x01, 0x00, 0x01,
    0x00, 0x22, 0x01, 0xCC, 0x02, 0x70, 0x02, 0x2F, 0x02, 0x4F, 0x02, 0x70, 0x02, 0x70, 0x02, 0x70,
    0x02, 0x90, 0x01, 0xCD, 0x80, 0x00, 0x90, 0x00, 0x98, 0x00, 0x98, 0x00, 0xC8, 0x60, 0xFB, 0xA0,
    0xF3, 0x40, 0xFC, 0x20, 0xFC, 0x60, 0xF1, 0xE0, 0xF2, 0x20, 0xF2, 0x20, 0xD0, 0xA0, 0xD0, 0x80,
    0xD8, 0xC0, 0xFA, 0x60, 0xF1, 0xE0, 0xE0, 0xE0, 0xE0, 0xC0, 0xFD, 0xA2, 0xFD, 0xA2, 0xFD, 0x82,
    0xFC, 0x60, 0xFC, 0x60, 0xFC, 0xA0, 0xF1, 0xC0, 0xF2, 0xA0, 0xE9, 0x40, 0xE9, 0x60, 0xE9, 0x40,
    0xE1, 0x20, 0xE9, 0x40, 0xFB, 0x80, 0xFB, 0xA0, 0xFC, 0x20, 0xFC, 0x00, 0xFB, 0xE0, 0xFB, 0xE0,
    0xFB, 0xE0, 0xFC, 0x00, 0xD8, 0x20, 0xE1, 0x20, 0xB8, 0x20, 0xB8, 0x20, 0xB8, 0x00, 0xB0, 0x00,
    0xB8, 0x00, 0xB8, 0x00, 0xB0, 0x00, 0xA0, 0x00, 0xB8, 0x00, 0xB0, 0x00, 0xA8, 0x00, 0xA8, 0x00,
    0xA0, 0x00, 0xFA, 0x60, 0xE9, 0xE0, 0xD0, 0xA0, 0xD0, 0x80, 0xE1, 0xA0, 0xE9, 0xC0, 0xE9, 0xE0,
    0xA0, 0x00, 0xA8, 0x00, 0x40, 0x00, 0x00, 0x02, 0x10, 0x01, 0x00, 0x22, 0x00, 0x22, 0x00, 0x22,
    0x00, 0x43, 0x00, 0x23, 0x78, 0x00, 0x80, 0x00, 0x00, 0x22, 0x00, 0x23, 0x00, 0x23, 0x00, 0x43,
    0x00, 0x43, 0x00, 0x23, 0x00, 0x43, 0x00, 0x43, 0x00, 0x43, 0x00, 0x43, 0x00, 0x01, 0x00, 0x01,
    0x00, 0x01, 0x00, 0x01, 0x00, 0x01, 0x00, 0x01, 0x00, 0xC6, 0x00, 0x85, 0x00, 0xA6, 0x00, 0xA6,
    0x00, 0x44, 0x00, 0x00, 0x00, 0x01, 0x00, 0x01, 0x00, 0x01, 0x00, 0xA6, 0x00, 0x64, 0x00, 0xA5,
    0x01, 0x29, 0x01, 0x49, 0x01, 0xAB, 0x00, 0xE7, 0x01, 0x08, 0x00, 0xE7, 0x00, 0xC7, 0x00, 0xC6,
    0x01, 0x29, 0x01, 0x29, 0x00, 0x85, 0x00, 0x64, 0x00, 0x43, 0x00, 0x00, 0x00, 0x01, 0x00, 0x65,
    0x00, 0x85, 0x00, 0x01, 0x00, 0x01, 0x00, 0x01, 0x00, 0x01, 0x00, 0x01, 0x00, 0x01, 0x00, 0x21,
    0x01, 0x6B, 0x02, 0x50, 0x02, 0x0E, 0x02, 0x4F, 0x02, 0x4F, 0x02, 0x4F, 0x02, 0x70, 0x02, 0x70,
    0x01, 0xCC, 0xA0, 0x00, 0xA0, 0x00, 0xC0, 0x40, 0xC0, 0x40, 0xFB, 0x20, 0xC8, 0x00, 0xC8, 0x40,
    0xFC, 0x00, 0xFC, 0x20, 0xFC, 0x60, 0xE1, 0x20, 0xE1, 0x20, 0xD0, 0x60, 0xD0, 0x80, 0xD8, 0xA0,
    0xD8, 0xC0, 0xE0, 0xC0, 0xFD, 0x60, 0xFD, 0x60, 0xFD, 0xA2, 0xFD, 0x20, 0xFD, 0x61, 0xE9, 0x40,
    0xE9, 0x20, 0xE9, 0x40, 0xFA, 0x80, 0xF2, 0x20, 0xE0, 0xE0, 0xE0, 0xE0, 0xD8, 0xC0, 0xD8, 0xE0,
    0xD8, 0xC0, 0xD8, 0xA0, 0xD8, 0xA0, 0xE0, 0xE0, 0xE9, 0x60, 0xE1, 0x40, 0xE9, 0xE0, 0xE9, 0xE0,
    0xFB, 0xC0, 0xFB, 0x40, 0xF3, 0x60, 0xE1, 0x00, 0xE1, 0x00, 0xC0, 0x20, 0xC8, 0x40, 0xC0, 0x00,
    0xE9, 0x40, 0xE9, 0x40, 0xB8, 0x00, 0xA8, 0x00, 0xB0, 0x00, 0x90, 0x00, 0x98, 0x00, 0xE1, 0x00,
    0xD9, 0x00, 0xD9, 0x00, 0xE1, 0x40, 0xE1, 0x40, 0xEA, 0x00, 0xEA, 0x20, 0xEA, 0x20, 0x50, 0x00,
    0x58, 0x00, 0x00, 0x22, 0x00, 0x22, 0x00, 0x22, 0x00, 0x22, 0x00, 0x22, 0x00, 0x23, 0x00, 0x23,
    0x00, 0x43, 0x00, 0x43, 0x00, 0x43, 0x00, 0x22, 0x00, 0x64, 0x00, 0x64, 0x00, 0x43, 0x00, 0x43,
    0x00, 0x43, 0x00, 0x43, 0x00, 0x43, 0x00, 0x01, 0x00, 0x01, 0x00, 0x01, 0x00, 0x23, 0x00, 0x22,
    0x00, 0x01, 0x00, 0x01, 0x00, 0x01, 0x00, 0x01, 0x00, 0x01, 0x00, 0x85, 0x00, 0x85, 0x00, 0x64,
    0x00, 0x00, 0x00, 0x01, 0x00, 0x01, 0x00, 0x01, 0x00, 0x01, 0x00, 0x85, 0x00, 0x64, 0x01, 0x6A,
    0x01, 0x6A, 0x01, 0x08, 0x01, 0x4A, 0x01, 0x49, 0x00, 0xA6, 0x00, 0x85, 0x00, 0xE7, 0x01, 0x29,
    0x01, 0x29, 0x00, 0x64, 0x00, 0x64, 0x00, 0x01, 0x00, 0x43, 0x00, 0x23, 0x00, 0x00, 0x00, 0x01,
    0x00, 0x01, 0x00, 0x01, 0x00, 0x01, 0x00, 0x01, 0x00, 0x02, 0x01, 0x4A, 0x01, 0x6A, 0x01, 0x8B,
    0x01, 0x49, 0x01, 0x29, 0x00, 0xA6, 0x00, 0xC6, 0x00, 0x64, 0x00, 0x85, 0x00, 0x64, 0x00, 0x64,
    0xA0, 0x00, 0xA0, 0x00, 0xB8, 0x20, 0xB8, 0x20, 0xF3, 0x00, 0xC8, 0x00, 0xC8, 0x40, 0xFC, 0x00,
    0xFC, 0x20, 0xFC, 0x80, 0xE1, 0x40, 0xE1, 0x40, 0xD0, 0x60, 0xD0, 0x80, 0xD0, 0x80, 0xD8, 0x40,
    0xD8, 0x20, 0xFD, 0x40, 0xFD, 0x40, 0xFD, 0xC2, 0xFE, 0x62, 0xFE, 0x21, 0xE1, 0x00, 0xE1, 0x00,
    0xE8, 0xA0, 0xFA, 0x00, 0xF2, 0x20, 0xD0, 0x20, 0xD0, 0x20, 0xD0, 0x00, 0xD8, 0x40, 0xD8, 0x40,
    0xD8, 0xA0, 0xD8, 0xE0, 0xE1, 0x00, 0xE9, 0xC0, 0xE9, 0x80, 0xF2, 0x80, 0xF2, 0xA0, 0xFB, 0xA0,
    0xF3, 0x20, 0xF3, 0x80, 0xD8, 0xE0, 0xD8, 0xE0, 0xB8, 0x00, 0xC0, 0x20, 0xB8, 0x00, 0xF1, 0xA0,
    0xE9, 0x80, 0xB0, 0x00, 0xA0, 0x00, 0xA0, 0x00, 0x70, 0x00, 0x80, 0x00, 0xD8, 0xC0, 0xD0, 0x80,
    0xD0, 0x80, 0xD9, 0x00, 0xD9, 0x00, 0xE9, 0xE0, 0xF2, 0x80, 0xF2, 0x60, 0x58, 0x00, 0x58, 0x00,
    0x00, 0x22, 0x00, 0x22, 0x00, 0x22, 0x00, 0x22, 0x00, 0x22, 0x00, 0x23, 0x00, 0x22, 0x00, 0x43,
    0x00, 0x43, 0x00, 0x23, 0x00, 0x43, 0x00, 0x64, 0x00, 0x44, 0x00, 0x43, 0x00, 0x43, 0x00, 0x23,
    0x00, 0x64, 0x00, 0x24, 0x00, 0x01, 0x00, 0x01, 0x00, 0x01, 0x00, 0x01, 0x00, 0x22, 0x00, 0x01,
    0x00, 0x01, 0x00, 0x01, 0x00, 0x01, 0x00, 0x01, 0x00, 0x86, 0x00, 0x86, 0x00, 0x85, 0x00, 0x00,
    0x00, 0x01, 0x00, 0x01, 0x00, 0x01, 0x00, 0x01, 0x00, 0x64, 0x00, 0x64, 0x01, 0x6A, 0x01, 0x6A,
    0x01, 0x08, 0x01, 0x29, 0x01, 0x49, 0x00, 0x86, 0x00, 0xA5, 0x00, 0xE8, 0x01, 0x4A, 0x01, 0x4A,
    0x00, 0x64, 0x00, 0x43, 0x00, 0x01, 0x00, 0x65, 0x00, 0x43, 0x00, 0x00, 0x00, 0x01, 0x00, 0x01,
    0x00, 0x01, 0x00, 0x01, 0x00, 0x00, 0x00, 0x00, 0x01, 0x6A, 0x01, 0x6B, 0x01, 0xEE, 0x01, 0x09,
    0x01, 0x4A, 0x00, 0xC7, 0x00, 0xE8, 0x00, 0x85, 0x00, 0x85, 0x00, 0x84, 0x00, 0x64, 0x90, 0x00,
    0x98, 0x00, 0xC0, 0x40, 0xC0, 0x60, 0xF2, 0xC0, 0xC0, 0x00, 0xC0, 0x20, 0xFC, 0x20, 0xFC, 0x60,
    0xF3, 0xA0, 0xE0, 0x80, 0xE1, 0x20, 0xD8, 0xC0, 0xD8, 0xC0, 0xE9, 0xA0, 0xFB, 0x20, 0xF2, 0x60,
    0xFD, 0x82, 0xFD, 0x82, 0xFD, 0x21, 0xE9, 0x00, 0xF1, 0xA0, 0xF1, 0xE0, 0xF1, 0xE0, 0xFB, 0x80,
    0xF1, 0xE0, 0xE9, 0xA0, 0xFA, 0xE0, 0xFB, 0x00, 0xFB, 0x20, 0xFA, 0x60, 0xF2, 0x60, 0xF2, 0x20,
    0xFA, 0x40, 0xE1, 0x00, 0xD8, 0xE0, 0xD8, 0xE0, 0xD8, 0xE0, 0xD8, 0xE0, 0xFC, 0x00, 0xFB, 0xC0,
    0xFB, 0xE0, 0xF2, 0x20, 0xF2, 0x40, 0xC8, 0x40, 0xC0, 0x40, 0xC0, 0x20, 0xE0, 0xE0, 0xD8, 0xE0,
    0xD0, 0x60, 0x90, 0x00, 0xA0, 0x00, 0xD8, 0xC0, 0xD8, 0xA0, 0xF2, 0xC0, 0xD8, 0xE0, 0xE1, 0x60,
    0xEA, 0x00, 0xE9, 0xE0, 0xC8, 0xA0, 0x90, 0x00, 0x98, 0x00, 0x58, 0x00, 0x68, 0x00, 0x00, 0x22,
    0x00, 0x22, 0x00, 0x22, 0x00, 0x23, 0x00, 0x43, 0x00, 0x22, 0x00, 0x23, 0x00, 0x43, 0x00, 0x43,
    0x00, 0x23, 0x00, 0x23, 0x00, 0x64, 0x00, 0x64, 0x00, 0x43, 0x00, 0x43, 0x00, 0x43, 0x00, 0x00,
    0x00, 0x01, 0x00, 0x01, 0x00, 0x01, 0x00, 0x23, 0x00, 0x43, 0x00, 0x43, 0x00, 0x01, 0x00, 0x01,
    0x00, 0x01, 0x00, 0x01, 0x00, 0x01, 0x00, 0x01, 0x00, 0x01, 0x00, 0x85, 0x00, 0x00, 0x00, 0x01,
    0x00, 0x01, 0x00, 0x01, 0x00, 0x01, 0x00, 0xA6, 0x00, 0x64, 0x01, 0x6A, 0x01, 0x6A, 0x01, 0x29,
    0x01, 0x29, 0x01, 0x09, 0x00, 0x44, 0x00, 0x64, 0x00, 0xE7, 0x00, 0x43, 0x00, 0x64, 0x00, 0x02,
    0x00, 0x22, 0x00, 0x01, 0x00, 0x01, 0x00, 0x01, 0x00, 0x01, 0x00, 0x01, 0x00, 0x01, 0x00, 0x01,
    0x00, 0x01, 0x01, 0x4A, 0x01, 0x08, 0x01, 0x29, 0x00, 0xA6, 0x00, 0x01, 0x00, 0x01, 0x00, 0x01,
    0x00, 0x01, 0x00, 0x01, 0x00, 0x01, 0x00, 0x01, 0x00, 0x01, 0x00, 0x43, 0x88, 0x00, 0x88, 0x00,
    0xC0, 0x60, 0xB8, 0x40, 0xFB, 0x20, 0xC0, 0x20, 0xC0, 0x20, 0xF4, 0x20, 0xFC, 0x80, 0xFB, 0xA0,
    0xD8, 0x80, 0xD8, 0xC0, 0xD8, 0xA0, 0xD8, 0xA0, 0xE9, 0x80, 0xE9, 0xC0, 0xE9, 0x00, 0xFD, 0xA2,
    0xFD, 0xC2, 0xFE, 0x01, 0xE9, 0x00, 0xF1, 0xC0, 0xF1, 0xC0, 0xF1, 0xA0, 0xFB, 0xA0, 0xF1, 0xA0,
    0xE1, 0x00, 0xFA, 0xE0, 0xFB, 0x00, 0xF2, 0xE0, 0xF2, 0x60, 0xF1, 0xE0, 0xF2, 0x40, 0xFA, 0x40,
    0xE1, 0x20, 0xD8, 0xE0, 0xE0, 0xE0, 0xD8, 0xE0, 0xD8, 0xC0, 0xFC, 0x20, 0xFB, 0xE0, 0xFC, 0x00,
    0xF2, 0x40, 0xF2, 0x60, 0xC8, 0x40, 0xC0, 0x00, 0xC0, 0x20, 0xD8, 0xE0, 0xD8, 0xC0, 0xC0, 0x20,
    0x88, 0x00, 0x90, 0x00, 0xD8, 0xA0, 0xD8, 0xA0, 0xF2, 0xA0, 0xD8, 0xE0, 0xE1, 0x60, 0xEA, 0x00,
    0xEA, 0x20, 0xD8, 0xC0, 0x98, 0x00, 0x98, 0x00, 0x70, 0x00, 0x90, 0x00, 0x00, 0x22, 0x00, 0x02,
    0x00, 0x02, 0x00, 0x22, 0x00, 0x22, 0x00, 0x42, 0x00, 0x22, 0x00, 0x43, 0x00, 0x23, 0x00, 0x23,
    0x00, 0x23, 0x00, 0x64, 0x00, 0x64, 0x00, 0x43, 0x00, 0x43, 0x00, 0x43, 0x00, 0x00, 0x00, 0x01,
    0x00, 0x01, 0x00, 0x01, 0x00, 0x43, 0x00, 0x43, 0x00, 0x43, 0x00, 0x01, 0x00, 0x01, 0x00, 0x01,
    0x00, 0x01, 0x00, 0x01, 0x00, 0x01, 0x00, 0x01, 0x00, 0x85, 0x00, 0x00, 0x00, 0x00, 0x00, 0x01,
    0x00, 0x01, 0x00, 0x01, 0x00, 0xA6, 0x00, 0x84, 0x01, 0x6A, 0x01, 0x6B, 0x01, 0x28, 0x01, 0x09,
    0x01, 0x09, 0x00, 0x43, 0x00, 0x64, 0x01, 0x08, 0x00, 0x43, 0x00, 0x64, 0x00, 0x01, 0x00, 0x23,
    0x00, 0x00, 0x00, 0x01, 0x00, 0x01, 0x00, 0x01, 0x00, 0x01, 0x00, 0x01, 0x00, 0x01, 0x00, 0x00,
    0x01, 0x4A, 0x01, 0x29, 0x01, 0x8B, 0x01, 0x29, 0x00, 0x01, 0x00, 0x01, 0x00, 0x01, 0x00, 0x00,
    0x00, 0x00, 0x00, 0x00, 0x00, 0x00, 0x00, 0x00, 0x00, 0x01, 0xD8, 0x60, 0xC8, 0x60, 0xEA, 0x00,
    0xEA, 0x00, 0xC0, 0x20, 0xC8, 0x20, 0xC8, 0x40, 0xFB, 0xE0, 0xFC, 0x60, 0xF3, 0xA0, 0xE0, 0xC0,
    0xD8, 0xC0, 0xD8, 0xA0, 0xD8, 0xA0, 0xF1, 0xE0, 0xFE, 0x82, 0xFD, 0x61, 0xFC, 0xE0, 0xFD, 0x00,
    0xF1, 0x60, 0xF2, 0x40, 0xF1, 0xE0, 0xFA, 0xE0, 0xFA, 0xE0, 0xFB, 0x80, 0xFB, 0xA0, 0xFB, 0x60,
    0xF2, 0x80, 0xF2, 0x60, 0xFC, 0x60, 0xFC, 0x00, 0xFC, 0x40, 0xF1, 0xE0, 0xF1, 0xE0, 0xE1, 0x20,
    0xE1, 0x00, 0xE0, 0xE0, 0xE1, 0x00, 0xE0, 0xE0, 0xFB, 0x40, 0xFA, 0xE0, 0xF3, 0x20, 0xE9, 0x80,
    0xE9, 0xA0, 0xC0, 0x20, 0xB0, 0x00, 0xB0, 0x00, 0xD8, 0xA0, 0xD8, 0xA0, 0xE9, 0x60, 0xE9, 0xA0,
    0xE9, 0xC0, 0xC8, 0x60, 0xC0, 0x40, 0xF2, 0xA0, 0xE1, 0x00, 0xE9, 0xC0, 0xD9, 0x40, 0xE1, 0x60,
    0x90, 0x00, 0x68, 0x00, 0x70, 0x00, 0x08, 0x01, 0x00, 0x02, 0x00, 0x22, 0x00, 0x22, 0x00, 0x22,
    0x00, 0x22, 0x00, 0x23, 0x28, 0x00, 0x00, 0x22, 0x00, 0x23, 0x00, 0x23, 0x00, 0x23, 0x00, 0x43,
    0x00, 0x64, 0x00, 0x64, 0x00, 0x43, 0x00, 0x43, 0x00, 0x43, 0x00, 0x00, 0x00, 0x01, 0x00, 0x01,
    0x00, 0x01, 0x00, 0x01, 0x00, 0x01, 0x00, 0x01, 0x00, 0x23, 0x00, 0x43, 0x00, 0x23, 0x00, 0x00,
    0x00, 0x01, 0x00, 0x01, 0x00, 0x01, 0x00, 0x01, 0x00, 0x44, 0x00, 0x43, 0x00, 0x01, 0x00, 0x01,
    0x00, 0x01, 0x00, 0xA7, 0x00, 0x85, 0x01, 0x6A, 0x01, 0x4A, 0x01, 0x08, 0x00, 0xE7, 0x01, 0x08,
    0x00, 0x22, 0x00, 0x22, 0x00, 0x43, 0x00, 0x43, 0x00, 0x43, 0x00, 0x01, 0x00, 0x01, 0x00, 0x01,
    0x00, 0x01, 0x00, 0x01, 0x00, 0x01, 0x00, 0x01, 0x00, 0x01, 0x00, 0x01, 0x00, 0x43, 0x00, 0x00,
    0x00, 0x01, 0x00, 0x01, 0x00, 0x01, 0x00, 0x01, 0x00, 0x01, 0x00, 0x01, 0x01, 0x29, 0x01, 0x29,
    0x01, 0x29, 0x02, 0x4F, 0x02, 0x2E, 0x02, 0x0E, 0xD0, 0x20, 0xC0, 0x40, 0xF2, 0x60, 0xF2, 0xC0,
    0xB8, 0x20, 0xD0, 0x60, 0xD0, 0x60, 0xFB, 0xE0, 0xFC, 0x60, 0xFB, 0xA0, 0xE0, 0xA0, 0xD8, 0xA0,
    0xE1, 0x00, 0xE1, 0x20, 0xF2, 0x00, 0xFE, 0x62, 0xFD, 0x60, 0xFD, 0x00, 0xFC, 0xE0, 0xE9, 0xA0,
    0xF1, 0xC0, 0xF1, 0x60, 0xF2, 0x00, 0xF2, 0x20, 0xFB, 0x60, 0xFB, 0xA0, 0xFB, 0x40, 0xF2, 0x40,
    0xF2, 0x40, 0xFC, 0x60, 0xFC, 0x00, 0xFC, 0x40, 0xFA, 0xC0, 0xFA, 0xE0, 0xE1, 0x20, 0xE0, 0xE0,
    0xE1, 0x20, 0xE1, 0x00, 0xE1, 0x20, 0xFB, 0x00, 0xFB, 0x60, 0xF2, 0xA0, 0xE9, 0x80, 0xE9, 0x80,
    0xC0, 0x00, 0xA8, 0x00, 0xA8, 0x00, 0xD8, 0x80, 0xD0, 0x80, 0xE1, 0x20, 0xE9, 0x60, 0xE9, 0x80,
    0xB8, 0x00, 0xB8, 0x40, 0xF2, 0x80, 0xE1, 0x40, 0xE9, 0x80, 0xF1, 0x60, 0xF1, 0x60, 0x80, 0x00,
    0x60, 0x00, 0x58, 0x00, 0x00, 0x02, 0x00, 0x22, 0x00, 0x22, 0x00, 0x22, 0x00, 0x22, 0x00, 0x22,
    0x00, 0x02, 0x28, 0x01, 0x00, 0x22, 0x00, 0x23, 0x00, 0x43, 0x00, 0x23, 0x00, 0x23, 0x00, 0x64,
    0x00, 0x64, 0x00, 0x23, 0x00, 0x23, 0x00, 0x43, 0x00, 0x00, 0x00, 0x01, 0x00, 0x01, 0x00, 0x01,
    0x00, 0x01, 0x00, 0x01, 0x00, 0x01, 0x00, 0x22, 0x00, 0x22, 0x00, 0x23, 0x00, 0x00, 0x00, 0x01,
    0x00, 0x01, 0x00, 0x01, 0x00, 0x01, 0x00, 0x44, 0x00, 0x64, 0x00, 0x01, 0x00, 0x01, 0x00, 0x01,
    0x00, 0xA6, 0x00, 0x84, 0x00, 0xC7, 0x00, 0xC6, 0x01, 0x29, 0x00, 0x64, 0x00, 0xA5, 0x00, 0x22,
    0x00, 0x02, 0x00, 0x43, 0x00, 0x22, 0x00, 0x23, 0x00, 0x01, 0x00, 0x01, 0x00, 0x01, 0x00, 0x01,
    0x00, 0x01, 0x00, 0x01, 0x00, 0x01, 0x00, 0x01, 0x00, 0x01, 0x00, 0x22, 0x00, 0x01, 0x00, 0x01,
    0x00, 0x00, 0x00, 0x00, 0x00, 0x00, 0x00, 0x01, 0x00, 0x01, 0x01, 0x08, 0x01, 0x29, 0x01, 0x6A,
    0x02, 0x0F, 0x02, 0x2F, 0x02, 0x2F, 0xD8, 0x20, 0xC0, 0x40, 0xB8, 0x00, 0xC0, 0x40, 0xC0, 0x20,
    0xD8, 0xA0, 0xE0, 0xE0, 0xFC, 0x00, 0xFC, 0x40, 0xFB, 0x40, 0xD8, 0x60, 0xD8, 0xC0, 0xE9, 0x60,
    0xE9, 0x60, 0xF2, 0x40, 0xFE, 0xA2, 0xFD, 0x61, 0xFC, 0xC0, 0xFC, 0xC0, 0xF1, 0xA0, 0xFC, 0x20,
    0xFB, 0xC0, 0xF1, 0xC0, 0xF1, 0xE0, 0xFB, 0x80, 0xFC, 0x60, 0xFC, 0x40, 0xFD, 0x60, 0xFD, 0x40,
    0xFC, 0xE0, 0xFC, 0x20, 0xFC, 0x40, 0xFB, 0xC0, 0xFB, 0xA0, 0xFB, 0x20, 0xD8, 0x60, 0xE1, 0x00,
    0xD8, 0xC0, 0xE0, 0xC0, 0xE1, 0x00, 0xE1, 0x40, 0xE1, 0x00, 0xF2, 0x40, 0xF2, 0x60, 0xE9, 0x60,
    0xC0, 0x00, 0xC8, 0x40, 0xE9, 0x60, 0xE9, 0x60, 0xE9, 0xA0, 0xF1, 0xE0, 0xF1, 0xE0, 0xE9, 0xE0,
    0xE9, 0xE0, 0xF2, 0x80, 0xD8, 0xC0, 0xD9, 0x40, 0x78, 0x00, 0x80, 0x00, 0x50, 0x00, 0x00, 0x02,
    0x08, 0x02, 0x00, 0x22, 0x00, 0x22, 0x00, 0x22, 0x00, 0x22, 0x00, 0x22, 0x00, 0x22, 0x00, 0x02,
    0x00, 0x02, 0x00, 0x02, 0x00, 0x22, 0x00, 0x23, 0x00, 0x43, 0x00, 0x23, 0x00, 0x44, 0x00, 0x64,
    0x00, 0x43, 0x00, 0x23, 0x00, 0x43, 0x00, 0x01, 0x00, 0x01, 0x00, 0x01, 0x00, 0x01, 0x00, 0x23,
    0x00, 0x23, 0x00, 0x23, 0x00, 0x01, 0x00, 0x01, 0x00, 0x43, 0x00, 0x00, 0x00, 0x01, 0x00, 0x01,
    0x00, 0x01, 0x00, 0x01, 0x00, 0x85, 0x00, 0x64, 0x00, 0x01, 0x00, 0x01, 0x00, 0x01, 0x00, 0x44,
    0x00, 0x43, 0x00, 0xA6, 0x00, 0xA6, 0x01, 0x29, 0x00, 0x22, 0x00, 0x44, 0x00, 0x21, 0x00, 0x01,
    0x00, 0x43, 0x00, 0x00, 0x00, 0x01, 0x00, 0x01, 0x00, 0x01, 0x00, 0x01, 0x00, 0x01, 0x00, 0x01,
    0x00, 0x01, 0x00, 0x01, 0x00, 0x01, 0x00, 0x01, 0x00, 0x01, 0x00, 0x01, 0x00, 0x01, 0x00, 0xA6,
    0x00, 0xA5, 0x01, 0xCD, 0x02, 0x4F, 0x02, 0x0E, 0x02, 0x4F, 0x02, 0x2F, 0x02, 0x2F, 0x02, 0x2F,
    0x02, 0x2F, 0x02, 0x4F, 0xF1, 0xE0, 0xE1, 0x80, 0xC0, 0x20, 0xC0, 0x40, 0xC0, 0x40, 0xE1, 0x00,
    0xE9, 0x60, 0xF3, 0x80, 0xFB, 0x60, 0xFC, 0xE0, 0xE8, 0xC0, 0xE1, 0x60, 0xF1, 0xC0, 0xF1, 0xA0,
    0xF2, 0x20, 0xFE, 0x82, 0xFD, 0x61, 0xFB, 0xA0, 0xFB, 0xA0, 0xFC, 0xA0, 0xE9, 0xC0, 0xF1, 0xC0,
    0xF1, 0xE0, 0xF1, 0xE0, 0xFB, 0x60, 0xFC, 0x60, 0xFC, 0x40, 0xFD, 0x41, 0xFD, 0x40, 0xFC, 0xA0,
    0xFC, 0x20, 0xFC, 0x40, 0xFB, 0xA0, 0xFB, 0xA0, 0xFA, 0xA0, 0xF3, 0x20, 0xFB, 0x20, 0xF1, 0x60,
    0xF1, 0x60, 0xE9, 0x40, 0xE9, 0x20, 0xE1, 0x40, 0xFA, 0xC0, 0xFA, 0xA0, 0xE9, 0x60, 0xE1, 0x00,
    0xE9, 0x40, 0xFB, 0x20, 0xFB, 0x20, 0xFA, 0xE0, 0xF2, 0x00, 0xF2, 0x20, 0xFB, 0x40, 0xFB, 0x60,
    0xD0, 0x80, 0x88, 0x00, 0xA0, 0x00, 0x58, 0x00, 0x50, 0x00, 0x18, 0x01, 0x00, 0x22, 0x00, 0x22,
    0x00, 0x23, 0x00, 0x22, 0x00, 0x22, 0x68, 0x00, 0x48, 0x00, 0x40, 0x00, 0x40, 0x00, 0x00, 0x02,
    0x00, 0x02, 0x00, 0x22, 0x00, 0x22, 0x00, 0x22, 0x00, 0x23, 0x00, 0x43, 0x00, 0x23, 0x00, 0x23,
    0x00, 0x43, 0x00, 0x01, 0x00, 0x01, 0x00, 0x01, 0x00, 0x43, 0x00, 0x43, 0x00, 0x23, 0x00, 0x43,
    0x00, 0x43, 0x00, 0x44, 0x00, 0x44, 0x00, 0x23, 0x00, 0x23, 0x00, 0x43, 0x00, 0x01, 0x00, 0x01,
    0x00, 0x01, 0x00, 0x01, 0x00, 0x00, 0x00, 0x44, 0x00, 0x43, 0x00, 0x01, 0x00, 0x22, 0x00, 0x22,
    0x00, 0x85, 0x00, 0xA5, 0x01, 0x08, 0x00, 0x22, 0x00, 0x44, 0x00, 0x01, 0x00, 0x01, 0x00, 0x44,
    0x00, 0x01, 0x00, 0x01, 0x00, 0x01, 0x00, 0x01, 0x00, 0x01, 0x00, 0x01, 0x00, 0x01, 0x00, 0x01,
    0x00, 0x01, 0x00, 0x43, 0x00, 0xC7, 0x01, 0x29, 0x01, 0x8C, 0x01, 0x6B, 0x02, 0x0F, 0x01, 0xEE,
    0x02, 0x50, 0x02, 0x90, 0x02, 0x70, 0x01, 0xAC, 0x01, 0xAC, 0x01, 0xAC, 0x02, 0x0E, 0x02, 0x2F,
    0x02, 0x2F, 0xFA, 0x60, 0xEA, 0x00, 0xB8, 0x20, 0xC0, 0x20, 0xC0, 0x20, 0xE1, 0x40, 0xE1, 0x40,
    0xFB, 0x60, 0xFB, 0x80, 0xFC, 0xC0, 0xE8, 0xE0, 0xE9, 0x60, 0xF1, 0x80, 0xF1, 0xA0, 0xF2, 0x20,
    0xFE, 0xA3, 0xFD, 0x62, 0xFB, 0xA0, 0xFB, 0xA0, 0xFC, 0x60, 0xF1, 0x60, 0xF2, 0x00, 0xF1, 0xC0,
    0xF1, 0xA0, 0xFB, 0x80, 0xFC, 0x40, 0xFC, 0x20, 0xFD, 0x40, 0xFD, 0x40, 0xFC, 0xA0, 0xFC, 0x00,
    0xFC, 0x20, 0xFB, 0x80, 0xFB, 0x60, 0xFA, 0x80, 0xFC, 0x00, 0xFB, 0xA0, 0xE9, 0x60, 0xE9, 0x60,
    0xE9, 0x40, 0xE9, 0x40, 0xE9, 0x20, 0xF2, 0xC0, 0xFA, 0xA0, 0xE9, 0x60, 0xE1, 0x00, 0xE1, 0x20,
    0xFA, 0xE0, 0xF2, 0xE0, 0xF2, 0xC0, 0xF1, 0xE0, 0xF2, 0x20, 0xF2, 0xA0, 0xF3, 0x00, 0xD0, 0xA0,
    0x80, 0x00, 0xA0, 0x20, 0x48, 0x00, 0x48, 0x00, 0x18, 0x01, 0x00, 0x22, 0x00, 0x22, 0x00, 0x43,
    0x00, 0x43, 0x00, 0x22, 0x68, 0x00, 0x50, 0x00, 0x48, 0x00, 0x40, 0x00, 0x00, 0x22, 0x00, 0x22,
    0x00, 0x22, 0x00, 0x22, 0x00, 0x22, 0x00, 0x23, 0x00, 0x43, 0x00, 0x23, 0x00, 0x43, 0x00, 0x43,
    0x00, 0x01, 0x00, 0x01, 0x00, 0x01, 0x00, 0x43, 0x00, 0x43, 0x00, 0x43, 0x00, 0x23, 0x00, 0x43,
    0x00, 0x43, 0x00, 0x43, 0x00, 0x23, 0x00, 0x23, 0x00, 0x23, 0x00, 0x01, 0x00, 0x01, 0x00, 0x01,
    0x00, 0x01, 0x00, 0x01, 0x00, 0x43, 0x00, 0x43, 0x00, 0x01, 0x00, 0x01, 0x00, 0x22, 0x00, 0x85,
    0x00, 0x85, 0x00, 0xE7, 0x00, 0x22, 0x00, 0x44, 0x00, 0x01, 0x00, 0x01, 0x00, 0x64, 0x00, 0x00,
    0x00, 0x01, 0x00, 0x01, 0x00, 0x01, 0x00, 0x01, 0x00, 0x01, 0x00, 0x01, 0x00, 0x01, 0x00, 0x01,
    0x00, 0x64, 0x00, 0xE7, 0x01, 0x49, 0x01, 0xEE, 0x01, 0xCD, 0x02, 0x2E, 0x02, 0x2F, 0x02, 0x70,
    0x02, 0x70, 0x02, 0x70, 0x01, 0xAC, 0x01, 0xAC, 0x01, 0xCC, 0x02, 0x2E, 0x02, 0x2F, 0x02, 0x2F,
    0xFA, 0x00, 0xE1, 0x60, 0xE1, 0x40, 0xE1, 0x40, 0xC0, 0x00, 0xE0, 0xE0, 0xE1, 0x20, 0xF3, 0xE0,
    0xFB, 0xC0, 0xFC, 0x20, 0xF1, 0x40, 0xF1, 0xC0, 0xF1, 0xA0, 0xF1, 0xA0, 0xF1, 0xA0, 0xFC, 0x60,
    0xFB, 0xA0, 0xFC, 0xE0, 0xFC, 0xE0, 0xFC, 0xA0, 0xE9, 0x20, 0xF1, 0xA0, 0xF1, 0xE0, 0xF1, 0xC0,
    0xFC, 0x80, 0xFD, 0xE2, 0xFD, 0xA2, 0xFD, 0x00, 0xFC, 0xC0, 0xFD, 0xE3, 0xFD, 0xA2, 0xFD, 0xA3,
    0xFC, 0x00, 0xFB, 0xE0, 0xFC, 0x20, 0xFB, 0x20, 0xFB, 0xA0, 0xE9, 0x40, 0xE9, 0x40, 0xE9, 0x20,
    0xF1, 0xC0, 0xE1, 0x80, 0xFB, 0xA0, 0xFB, 0x60, 0xF2, 0x20, 0xD8, 0x60, 0xE0, 0xC0, 0xF2, 0x20,
    0xF2, 0x40, 0xF3, 0x00, 0xFB, 0xA0, 0xFB, 0x80, 0xE9, 0x60, 0xE1, 0x60, 0xB0, 0x20, 0x30, 0x00,
    0x48, 0x00, 0x40, 0x00, 0x38, 0x00, 0x18, 0x01, 0x00, 0x43, 0x00, 0x43, 0x00, 0x23, 0x00, 0x43,
    0xB0, 0x40, 0x01, 0x27, 0x01, 0x07, 0x00, 0xE7, 0x00, 0xE6, 0x00, 0x64, 0x00, 0x00, 0x00, 0x01,
    0x00, 0x02, 0x00, 0x01, 0x00, 0x43, 0x00, 0x23, 0x00, 0x43, 0x00, 0x01, 0x00, 0x01, 0x00, 0x02,
    0x00, 0x43, 0x00, 0x43, 0x00, 0x43, 0x00, 0x43, 0x00, 0x43, 0x00, 0x43, 0x00, 0x43, 0x00, 0x43,
    0x00, 0x43, 0x00, 0x43, 0x00, 0x43, 0x00, 0x43, 0x00, 0x01, 0x00, 0x01, 0x00, 0x01, 0x00, 0x01,
    0x00, 0x01, 0x00, 0x01, 0x00, 0x01, 0x00, 0x22, 0x00, 0x00, 0x00, 0x01, 0x00, 0x01, 0x00, 0x22,
    0x00, 0xC7, 0x00, 0x22, 0x00, 0x43, 0x00, 0x43, 0x00, 0x23, 0x00, 0x01, 0x00, 0x01, 0x00, 0x01,
    0x00, 0x01, 0x00, 0x01, 0x00, 0x01, 0x00, 0x23, 0x00, 0x22, 0x00, 0x85, 0x00, 0x85, 0x01, 0x08,
    0x01, 0x6A, 0x01, 0x6A, 0x01, 0x8B, 0x01, 0x6B, 0x01, 0x8B, 0x01, 0x8C, 0x01, 0xAC, 0x01, 0xCD,
    0x01, 0xAC, 0x01, 0xCD, 0x01, 0xCD, 0x01, 0xAC, 0x00, 0xA6, 0x00, 0xA6, 0x00, 0xA6, 0xFA, 0x20,
    0xE1, 0xA0, 0xE1, 0x60, 0xE1, 0x60, 0xB8, 0x00, 0xE9, 0x00, 0xE1, 0x00, 0xFB, 0xC0, 0xFB, 0xA0,
    0xFC, 0x40, 0xE9, 0x00, 0xE9, 0x80, 0xF1, 0xC0, 0xF1, 0xA0, 0xF1, 0xA0, 0xFC, 0xA0, 0xFC, 0x00,
    0xFC, 0xE0, 0xFC, 0xE0, 0xFC, 0xC0, 0xE9, 0x00, 0xF1, 0xA0, 0xF2, 0x00, 0xF1, 0xE0, 0xFC, 0x80,
    0xFD, 0xE3, 0xFD, 0xE3, 0xFD, 0x00, 0xFC, 0xE0, 0xFE, 0x03, 0xFD, 0xC3, 0xFD, 0xC2, 0xFB, 0xA0,
    0xFB, 0xA0, 0xFC, 0x20, 0xFB, 0x60, 0xFB, 0xA0, 0xE9, 0x20, 0xE9, 0x00, 0xE9, 0x20, 0xE9, 0x80,
    0xE9, 0x80, 0xFB, 0xA0, 0xFB, 0xA0, 0xF2, 0x40, 0xD8, 0x80, 0xE0, 0xC0, 0xF2, 0x40, 0xF2, 0x60,
    0xFB, 0x20, 0xFB, 0x60, 0xFB, 0x80, 0xE9, 0x80, 0xE1, 0x80, 0xA8, 0x00, 0x28, 0x00, 0x40, 0x00,
    0x38, 0x00, 0x38, 0x00, 0x10, 0x01, 0x00, 0x43, 0x00, 0x43, 0x00, 0x22, 0x00, 0x22, 0xB8, 0x40,
    0x00, 0xE8, 0x00, 0xE6, 0x00, 0xE7, 0x00, 0xE7, 0x00, 0x64, 0x00, 0x01, 0x00, 0x01, 0x00, 0x01,
    0x00, 0x01, 0x00, 0x43, 0x00, 0x23, 0x00, 0x23, 0x00, 0x01, 0x00, 0x01, 0x00, 0x01, 0x00, 0x23,
    0x00, 0x43, 0x00, 0x43, 0x00, 0x43, 0x00, 0x43, 0x00, 0x43, 0x00, 0x23, 0x00, 0x43, 0x00, 0x23,
    0x00, 0x23, 0x00, 0x23, 0x00, 0x23, 0x00, 0x01, 0x00, 0x01, 0x00, 0x01, 0x00, 0x01, 0x00, 0x01,
    0x00, 0x01, 0x00, 0x01, 0x00, 0x22, 0x00, 0x00, 0x00, 0x01, 0x00, 0x01, 0x00, 0x01, 0x00, 0xC7,
    0x00, 0x23, 0x00, 0x43, 0x00, 0x43, 0x00, 0x23, 0x00, 0x01, 0x00, 0x01, 0x00, 0x01, 0x00, 0x01,
    0x00, 0x01, 0x00, 0x01, 0x00, 0x23, 0x00, 0x22, 0x00, 0x85, 0x00, 0x85, 0x00, 0xE8, 0x01, 0x49,
    0x01, 0x4A, 0x01, 0x8B, 0x01, 0x6A, 0x01, 0x6B, 0x01, 0x8B, 0x01, 0x8B, 0x01, 0xCD, 0x01, 0xAC,
    0x01, 0xCD, 0x01, 0xCD, 0x01, 0xAC, 0x00, 0xC6, 0x00, 0xA6, 0x00, 0x85, 0xF2, 0x60, 0xEA, 0x00,
    0xE1, 0x60, 0xE9, 0x80, 0xC8, 0x20, 0xE1, 0x00, 0xE1, 0x00, 0xF3, 0x40, 0xF3, 0x40, 0xFC, 0x40,
    0xF1, 0x60, 0xF1, 0xE0, 0xE9, 0x80, 0xE9, 0x60, 0xFB, 0x20, 0xFD, 0xC0, 0xFD, 0x20, 0xFC, 0xE0,
    0xFD, 0x00, 0xFC, 0xC0, 0xFC, 0x60, 0xFC, 0x40, 0xF2, 0x40, 0xFA, 0x60, 0xFC, 0xC0, 0xFE, 0x04,
    0xFE, 0x04, 0xFD, 0xE4, 0xFE, 0x04, 0xFE, 0x25, 0xFC, 0x00, 0xFC, 0xA0, 0xFB, 0xC0, 0xFB, 0xC0,
    0xFC, 0x40, 0xFB, 0xE0, 0xFB, 0xE0, 0xE9, 0x60, 0xE9, 0x60, 0xE9, 0x60, 0xE9, 0xA0, 0xE9, 0x60,
    0xFB, 0xC0, 0xFB, 0xE0, 0xE9, 0xA0, 0xC8, 0x40, 0xD8, 0xA0, 0xF3, 0x40, 0xFB, 0x60, 0xFB, 0x40,
    0xC8, 0x00, 0xD8, 0xA0, 0x98, 0x00, 0x98, 0x00, 0x88, 0x00, 0x10, 0x00, 0x30, 0x00, 0x00, 0x02,
    0x00, 0x22, 0x10, 0x02, 0x00, 0x43, 0x00, 0x43, 0xA8, 0x40, 0xA8, 0x00, 0xE1, 0x80, 0x01, 0x2A,
    0x01, 0x07, 0x00, 0xE7, 0x00, 0xC7, 0x00, 0xE7, 0x00, 0xA6, 0x00, 0xC6, 0x00, 0x01, 0x00, 0x01,
    0x00, 0x01, 0x00, 0x23, 0x00, 0x23, 0x00, 0x01, 0x00, 0x01, 0x00, 0x43, 0x00, 0x43, 0x00, 0x43,
    0x00, 0x43, 0x00, 0x43, 0x00, 0x43, 0x00, 0x43, 0x00, 0x43, 0x00, 0x23, 0x00, 0x22, 0x00, 0x23,
    0x00, 0x22, 0x00, 0x23, 0x00, 0x43, 0x00, 0x43, 0x00, 0x01, 0x00, 0x01, 0x00, 0x01, 0x00, 0x01,
    0x00, 0x01, 0x00, 0x01, 0x00, 0x01, 0x00, 0x01, 0x00, 0x01, 0x00, 0x01, 0x00, 0x01, 0x00, 0x44,
    0x00, 0x43, 0x00, 0x43, 0x00, 0x43, 0x00, 0x01, 0x00, 0x01, 0x00, 0x01, 0x00, 0x01, 0x00, 0x01,
    0x00, 0x22, 0x00, 0x02, 0x00, 0x22, 0x00, 0x01, 0x00, 0x01, 0x00, 0x01, 0x00, 0x01, 0x00, 0x01,
    0x00, 0x01, 0x00, 0x02, 0x00, 0xE7, 0x00, 0xE8, 0x01, 0x08, 0x01, 0x6B, 0x01, 0x4A, 0x01, 0xAC,
    0x01, 0xAC, 0x01, 0xCC, 0x01, 0x6A, 0x01, 0x4A, 0x00, 0x64, 0xF2, 0x60, 0xE9, 0xE0, 0xE1, 0xA0,
    0xE9, 0xC0, 0xC8, 0x40, 0xE1, 0x20, 0xE0, 0xE0, 0xF3, 0x20, 0xF3, 0x20, 0xFC, 0x40, 0xE9, 0x60,
    0xF1, 0xC0, 0xE9, 0x60, 0xE9, 0x80, 0xFB, 0xC0, 0xFD, 0xE1, 0xFD, 0x00, 0xFD, 0x00, 0xFD, 0x00,
    0xFC, 0xC0, 0xFC, 0x80, 0xFC, 0xA0, 0xF2, 0x60, 0xF2, 0x40, 0xFC, 0xC0, 0xFE, 0x23, 0xFE, 0x04,
    0xFE, 0x04, 0xFE, 0x24, 0xFE, 0x25, 0xFC, 0x00, 0xFC, 0xA0, 0xFB, 0xA0, 0xFB, 0xA0, 0xFC, 0x40,
    0xFC, 0x00, 0xFC, 0x20, 0xE9, 0x80, 0xE9, 0x60, 0xE9, 0x60, 0xE9, 0x40, 0xE9, 0x60, 0xFB, 0xA0,
    0xFB, 0xA0, 0xF1, 0xC0, 0xD0, 0x40, 0xD8, 0xA0, 0xF3, 0x60, 0xFB, 0x60, 0xF3, 0x00, 0xC8, 0x20,
    0xD0, 0xA0, 0x98, 0x00, 0xA0, 0x00, 0x90, 0x00, 0x10, 0x00, 0x30, 0x01, 0x00, 0x22, 0x00, 0x22,
    0x08, 0x02, 0x00, 0x43, 0x00, 0x62, 0xC0, 0x40, 0xB0, 0x20, 0xE1, 0x80, 0x00, 0xEA, 0x01, 0x07,
    0x00, 0xE7, 0x00, 0xE7, 0x01, 0x07, 0x00, 0xA5, 0x00, 0xC6, 0x00, 0x01, 0x00, 0x01, 0x00, 0x01,
    0x00, 0x43, 0x00, 0x23, 0x00, 0x01, 0x00, 0x01, 0x00, 0x23, 0x00, 0x43, 0x00, 0x43, 0x00, 0x43,
    0x00, 0x43, 0x00, 0x43, 0x00, 0x43, 0x00, 0x43, 0x00, 0x43, 0x00, 0x23, 0x00, 0x23, 0x00, 0x23,
    0x00, 0x23, 0x00, 0x43, 0x00, 0x43, 0x00, 0x01, 0x00, 0x01, 0x00, 0x01, 0x00, 0x01, 0x00, 0x01,
    0x00, 0x01, 0x00, 0x01, 0x00, 0x01, 0x00, 0x01, 0x00, 0x01, 0x00, 0x01, 0x00, 0x44, 0x00, 0x43,
    0x00, 0x43, 0x00, 0x23, 0x00, 0x01, 0x00, 0x01, 0x00, 0x01, 0x00, 0x01, 0x00, 0x01, 0x00, 0x22,
    0x00, 0x22, 0x00, 0x22, 0x00, 0x01, 0x00, 0x01, 0x00, 0x01, 0x00, 0x01, 0x00, 0x01, 0x00, 0x01,
    0x00, 0x01, 0x00, 0xC7, 0x00, 0xE7, 0x00, 0xC7, 0x01, 0x4A, 0x01, 0x4A, 0x01, 0xAC, 0x01, 0xAC,
    0x01, 0xCD, 0x01, 0x4A, 0x01, 0x4A, 0x00, 0x85, 0xD0, 0xC0, 0xC8, 0x60, 0xE1, 0x80, 0xE1, 0x80,
    0xC0, 0x20, 0xE0, 0xE0, 0xD8, 0xC0, 0xE1, 0x20, 0xD9, 0x00, 0xFB, 0xE0, 0xFC, 0x80, 0xFC, 0x40,
    0xE9, 0x00, 0xE9, 0x00, 0xF1, 0x80, 0xFE, 0x82, 0xFD, 0x40, 0xFD, 0x60, 0xFD, 0x40, 0xFD, 0x00,
    0xFC, 0xC0, 0xFC, 0xA0, 0xFB, 0xC0, 0xFB, 0xE0, 0xFC, 0x60, 0xFE, 0x03, 0xFE, 0x04, 0xFE, 0x04,
    0xFE, 0x04, 0xFE, 0x05, 0xFD, 0xE3, 0xFD, 0xE3, 0xFD, 0x61, 0xFD, 0x61, 0xFC, 0xE0, 0xE0, 0x40,
    0xE9, 0xC0, 0xE9, 0x40, 0xE9, 0x20, 0xE9, 0xA0, 0xFC, 0x60, 0xFB, 0xC0, 0xF1, 0xC0, 0xE9, 0xA0,
    0xE9, 0x80, 0xFC, 0xA0, 0xF3, 0x40, 0xF3, 0x80, 0xFB, 0x40, 0xD0, 0x60, 0xA0, 0x00, 0xA8, 0x00,
    0x68, 0x00, 0x70, 0x00, 0x50, 0x00, 0x00, 0x02, 0x08, 0x02, 0x00, 0x22, 0x00, 0x22, 0x00, 0x43,
    0x00, 0x43, 0x00, 0x43, 0x78, 0x20, 0x68, 0x00, 0xD9, 0x00, 0xE1, 0x20, 0xE0, 0xE0, 0x01, 0x27,
    0x00, 0xE7, 0x01, 0x07, 0x00, 0x85, 0x00, 0xA6, 0x00, 0x85, 0x00, 0x85, 0x00, 0x01, 0x00, 0x22,
    0x00, 0x02, 0x00, 0x01, 0x00, 0x01, 0x00, 0x43, 0x00, 0x43, 0x00, 0x43, 0x00, 0x44, 0x00, 0x43,
    0x00, 0x64, 0x00, 0x64, 0x00, 0x44, 0x00, 0x44, 0x00, 0x64, 0x00, 0x23, 0x00, 0x23, 0x00, 0x23,
    0x00, 0x23, 0x00, 0x23, 0x00, 0x23, 0x00, 0x01, 0x00, 0x01, 0x00, 0x01, 0x00, 0x01, 0x00, 0x01,
    0x00, 0x01, 0x00, 0x01, 0x00, 0x01, 0x00, 0x01, 0x00, 0x01, 0x00, 0x01, 0x00, 0x01, 0x00, 0x01,
    0x00, 0x01, 0x00, 0x01, 0x00, 0x23, 0x00, 0x43, 0x00, 0x85, 0x00, 0x85, 0x01, 0x8B, 0x01, 0x8B,
    0x01, 0xAC, 0x01, 0xAC, 0x01, 0x8B, 0x01, 0x08, 0x00, 0xE7, 0x00, 0xE8, 0x00, 0x01, 0x00, 0x43,
    0x00, 0x43, 0x00, 0x23, 0x00, 0x01, 0x01, 0x2A, 0x00, 0xE7, 0x01, 0x29, 0x01, 0x29, 0x01, 0x4A,
    0x01, 0x4A, 0x01, 0x29, 0x01, 0x08, 0xE0, 0xA0, 0xD0, 0xC0, 0xE9, 0xC0, 0xE9, 0xA0, 0xC0, 0x20,
    0xE0, 0xE0, 0xD8, 0xC0, 0xE1, 0x20, 0xE1, 0x00, 0xFB, 0xE0, 0xFC, 0xA0, 0xFC, 0x60, 0xE9, 0x40,
    0xE9, 0x60, 0xE9, 0x60, 0xFE, 0xC2, 0xFD, 0x41, 0xFD, 0x40, 0xFC, 0xE0, 0xFC, 0xE0, 0xFC, 0xC0,
    0xFC, 0xA0, 0xFC, 0x20, 0xFC, 0x20, 0xFC, 0x40, 0xFE, 0x44, 0xFD, 0xE3, 0xFE, 0x24, 0xFE, 0x24,
    0xFE, 0x04, 0xFD, 0xC2, 0xFE, 0x03, 0xFD, 0x41, 0xFD, 0x41, 0xFC, 0xE0, 0xE0, 0x00, 0xE9, 0x60,
    0xE9, 0x40, 0xE9, 0x40, 0xF1, 0xE0, 0xFC, 0x60, 0xF3, 0xE0, 0xF1, 0xA0, 0xF1, 0xA0, 0xE9, 0x60,
    0xFC, 0x60, 0xFB, 0x80, 0xF3, 0x00, 0xFB, 0x00, 0xD0, 0x60, 0x98, 0x00, 0xA8, 0x00, 0x68, 0x00,
    0x68, 0x00, 0x50, 0x00, 0x00, 0x02, 0x10, 0x01, 0x00, 0x22, 0x00, 0x22, 0x00, 0x43, 0x00, 0x43,
    0x00, 0x43, 0x78, 0x00, 0x70, 0x00, 0xE1, 0x40, 0xE1, 0x40, 0xE1, 0x20, 0x01, 0x27, 0x00, 0xE7,
    0x01, 0x07, 0x00, 0xA5, 0x00, 0xA6, 0x00, 0x85, 0x00, 0x85, 0x00, 0x01, 0x00, 0x02, 0x00, 0x22,
    0x00, 0x01, 0x00, 0x01, 0x00, 0x43, 0x00, 0x43, 0x00, 0x43, 0x00, 0x43, 0x00, 0x43, 0x00, 0x44,
    0x00, 0x44, 0x00, 0x64, 0x00, 0x43, 0x00, 0x64, 0x00, 0x23, 0x00, 0x43, 0x00, 0x23, 0x00, 0x43,
    0x00, 0x43, 0x00, 0x43, 0x00, 0x01, 0x00, 0x01, 0x00, 0x01, 0x00, 0x01, 0x00, 0x01, 0x00, 0x01,
    0x00, 0x01, 0x00, 0x01, 0x00, 0x01, 0x00, 0x01, 0x00, 0x01, 0x00, 0x01, 0x00, 0x01, 0x00, 0x01,
    0x00, 0x01, 0x00, 0x23, 0x00, 0x43, 0x00, 0xA6, 0x00, 0xA6, 0x01, 0x8B, 0x01, 0xCC, 0x01, 0xAC,
    0x01, 0xAC, 0x01, 0xAC, 0x01, 0x08, 0x00, 0xC7, 0x01, 0x08, 0x00, 0x22, 0x00, 0x63, 0x00, 0x44,
    0x00, 0x44, 0x00, 0x01, 0x01, 0x09, 0x00, 0xC7, 0x01, 0x29, 0x01, 0x08, 0x01, 0x4A, 0x01, 0x29,
    0x01, 0x29, 0x01, 0x29, 0xD8, 0xA0, 0xC8, 0x80, 0xE9, 0xC0, 0xE9, 0xC0, 0xD0, 0x60, 0xE1, 0x00,
    0xE1, 0x00, 0xE1, 0x00, 0xD8, 0xE0, 0xFC, 0x20, 0xFC, 0x80, 0xFC, 0x80, 0xE9, 0x40, 0xE9, 0x60,
    0xE9, 0x40, 0xE9, 0xA0, 0xE9, 0x80, 0xFC, 0xE0, 0xFC, 0xA0, 0xFD, 0xE3, 0xFC, 0x00, 0xFC, 0x00,
    0xFD, 0x00, 0xFD, 0x00, 0xFC, 0x00, 0xFB, 0xA0, 0xFB, 0xA0, 0xFD, 0xE3, 0xFD, 0xC3, 0xFD, 0xE4,
    0xFD, 0x81, 0xFD, 0xC2, 0xFC, 0xA0, 0xFC, 0xC0, 0xF1, 0x60, 0xF1, 0xA0, 0xF1, 0x80, 0xE9, 0x20,
    0xE9, 0x20, 0xF1, 0xE0, 0xFB, 0x60, 0xFA, 0xC0, 0xF2, 0x20, 0xF2, 0x20, 0xFC, 0x80, 0xE9, 0xC0,
    0xF2, 0x80, 0xD8, 0xA0, 0xD8, 0xA0, 0xC0, 0x20, 0x70, 0x00, 0x88, 0x00, 0x40, 0x00, 0x38, 0x00,
    0x18, 0x01, 0x18, 0x01, 0x10, 0x01, 0x00, 0x22, 0x00, 0x22, 0x00, 0x43, 0x00, 0x43, 0x00, 0x43,
    0x00, 0x22, 0x00, 0x22, 0x70, 0x00, 0xE0, 0xE0, 0xD0, 0xE0, 0xC0, 0xC0, 0xC0, 0x80, 0x11, 0x48,
    0x00, 0x85, 0x00, 0xA5, 0x00, 0xC7, 0x00, 0xE7, 0x00, 0xC6, 0x00, 0x00, 0x00, 0x01, 0x00, 0x01,
    0x00, 0x01, 0x00, 0x01, 0x00, 0x23, 0x00, 0x22, 0x00, 0x43, 0x00, 0x43, 0x00, 0x43, 0x00, 0x22,
    0x00, 0x23, 0x00, 0x23, 0x00, 0x23, 0x00, 0x23, 0x00, 0x43, 0x00, 0x23, 0x00, 0x02, 0x00, 0x02,
    0x00, 0x01, 0x00, 0x01, 0x00, 0x01, 0x00, 0x01, 0x00, 0x01, 0x00, 0x01, 0x00, 0x01, 0x00, 0x01,
    0x00, 0x01, 0x00, 0x01, 0x00, 0x01, 0x00, 0x01, 0x00, 0x01, 0x00, 0x01, 0x00, 0x01, 0x00, 0xA5,
    0x00, 0xE7, 0x00, 0xC7, 0x00, 0xC7, 0x00, 0xE7, 0x00, 0xE8, 0x01, 0xAC, 0x01, 0x8C, 0x01, 0xAC,
    0x01, 0xAC, 0x01, 0xAC, 0x01, 0x6A, 0x01, 0x6A, 0x00, 0xE7, 0x00, 0xE8, 0x00, 0xC7, 0x00, 0xA6,
    0x00, 0x64, 0x00, 0x00, 0x00, 0x01, 0x00, 0x02, 0x00, 0x22, 0x01, 0x6A, 0x01, 0x08, 0x01, 0x09,
    0x01, 0x49, 0xD8, 0xA0, 0xC8, 0x60, 0xE9, 0xC0, 0xE9, 0xC0, 0xC8, 0x80, 0xE1, 0x40, 0xE1, 0x00,
    0xD8, 0xE0, 0xD8, 0xC0, 0xFB, 0xC0, 0xFC, 0x40, 0xFC, 0x80, 0xE9, 0x60, 0xE9, 0x80, 0xE9, 0x40,
    0xE9, 0xA0, 0xE9, 0x60, 0xFC, 0xE0, 0xFC, 0xC0, 0xFD, 0xE2, 0xFC, 0x00, 0xFB, 0xE0, 0xFC, 0xC0,
    0xFC, 0xE0, 0xFC, 0x20, 0xFB, 0xE0, 0xFB, 0xC0, 0xFD, 0xA3, 0xFD, 0xA3, 0xFD, 0xC3, 0xFD, 0x01,
    0xFD, 0x41, 0xFC, 0x60, 0xFC, 0x60, 0xF1, 0x80, 0xF1, 0xE0, 0xF1, 0xA0, 0xE9, 0x40, 0xE9, 0x20,
    0xF1, 0xE0, 0xFB, 0x60, 0xFA, 0xC0, 0xF2, 0x60, 0xF2, 0xA0, 0xFC, 0xC0, 0xF1, 0xE0, 0xF2, 0xA0,
    0xD8, 0xA0, 0xD0, 0xA0, 0xC0, 0x20, 0x70, 0x00, 0x80, 0x00, 0x40, 0x00, 0x38, 0x00, 0x18, 0x01,
    0x18, 0x01, 0x18, 0x01, 0x00, 0x22, 0x00, 0x22, 0x00, 0x43, 0x00, 0x43, 0x00, 0x43, 0x00, 0x22,
    0x00, 0x23, 0x68, 0x00, 0xE0, 0xE0, 0xD0, 0xC0, 0xC0, 0xA0, 0xB8, 0xA0, 0x19, 0x48, 0x00, 0xA5,
    0x00, 0xA6, 0x01, 0x08, 0x01, 0x08, 0x00, 0xC7, 0x00, 0x00, 0x00, 0x01, 0x00, 0x01, 0x00, 0x01,
    0x00, 0x01, 0x00, 0x23, 0x00, 0x22, 0x00, 0x43, 0x00, 0x23, 0x00, 0x43, 0x00, 0x22, 0x00, 0x42,
    0x00, 0x23, 0x00, 0x22, 0x00, 0x23, 0x00, 0x23, 0x00, 0x23, 0x00, 0x01, 0x00, 0x22, 0x00, 0x01,
    0x00, 0x01, 0x00, 0x01, 0x00, 0x01, 0x00, 0x01, 0x00, 0x01, 0x00, 0x01, 0x00, 0x01, 0x00, 0x01,
    0x00, 0x01, 0x00, 0x01, 0x00, 0x01, 0x00, 0x01, 0x00, 0x01, 0x00, 0x22, 0x00, 0xA5, 0x01, 0x08,
    0x00, 0xE7, 0x00, 0xC7, 0x00, 0xE7, 0x01, 0x08, 0x01, 0xAC, 0x01, 0x8B, 0x01, 0xAC, 0x01, 0xAC,
    0x01, 0xAC, 0x01, 0x6B, 0x01, 0x6A, 0x00, 0xE7, 0x01, 0x08, 0x00, 0xE7, 0x00, 0xA6, 0x00, 0x64,
    0x00, 0x00, 0x00, 0x01, 0x00, 0x22, 0x00, 0x22, 0x01, 0x4A, 0x01, 0x08, 0x01, 0x29, 0x01, 0x29,
    0xB0, 0x00, 0xA0, 0x00, 0xD9, 0x00, 0xD8, 0xE0, 0xF3, 0x60, 0xE0, 0xA0, 0xE1, 0x20, 0xD0, 0xA0,
    0xD0, 0xA0, 0xD9, 0x00, 0xFD, 0xC0, 0xFC, 0xE0, 0xFB, 0xE0, 0xFB, 0xC0, 0xE9, 0x40, 0xF1, 0xC0,
    0xF1, 0xC0, 0xFC, 0xC0, 0xFC, 0xC0, 0xFD, 0xC3, 0xFD, 0xE3, 0xFD, 0xE3, 0xFC, 0xC0, 0xFC, 0xE0,
    0xFD, 0xE3, 0xFD, 0x81, 0xFD, 0x61, 0xFB, 0xC0, 0xFB, 0xC0, 0xFB, 0xC0, 0xF1, 0x40, 0xF1, 0xE0,
    0xF2, 0x00, 0xF2, 0x00, 0xF1, 0xE0, 0xF1, 0xC0, 0xF1, 0xE0, 0xF1, 0xC0, 0xF1, 0xE0, 0xFC, 0x20,
    0xFD, 0x00, 0xFC, 0xC0, 0xFC, 0xC0, 0xFC, 0xA0, 0xFC, 0xE0, 0xF1, 0xC0, 0xF2, 0x80, 0xC0, 0x20,
    0xC0, 0x00, 0x98, 0x00, 0x68, 0x00, 0x78, 0x00, 0x30, 0x01, 0x28, 0x00, 0x18, 0x01, 0x00, 0x22,
    0x00, 0x22, 0x10, 0x01, 0x10, 0x01, 0x00, 0x23, 0x00, 0x43, 0x00, 0x43, 0x00, 0x43, 0x00, 0x43,
    0x00, 0x22, 0x98, 0x00, 0x78, 0x00, 0xD9, 0x20, 0xD9, 0x40, 0x41, 0x27, 0x01, 0x08, 0x01, 0x28,
    0x01, 0x6A, 0x01, 0x4A, 0x01, 0x29, 0x00, 0x00, 0x00, 0x01, 0x00, 0x01, 0x00, 0x01, 0x00, 0x01,
    0x00, 0x01, 0x00, 0x01, 0x00, 0x23, 0x00, 0x23, 0x00, 0x22, 0x00, 0x22, 0x00, 0x22, 0x00, 0x22,
    0x00, 0x22, 0x00, 0x22, 0x00, 0x22, 0x00, 0x22, 0x00, 0x01, 0x00, 0x01, 0x00, 0x01, 0x00, 0x01,
    0x00, 0x01, 0x00, 0x01, 0x00, 0x01, 0x00, 0x01, 0x00, 0x01, 0x00, 0x01, 0x00, 0x01, 0x00, 0x01,
    0x00, 0x01, 0x00, 0x01, 0x00, 0x01, 0x00, 0xA6, 0x00, 0xA5, 0x00, 0xC6, 0x01, 0x08, 0x00, 0xE7,
    0x00, 0xE7, 0x00, 0xE7, 0x01, 0x6A, 0x01, 0x29, 0x01, 0x4A, 0x01, 0x4A, 0x01, 0x29, 0x01, 0x4A,
    0x01, 0xAC, 0x01, 0xCC, 0x01, 0xCD, 0x01, 0xCD, 0x01, 0x09, 0x01, 0x08, 0x00, 0xE7, 0x00, 0x65,
    0x00, 0x85, 0x00, 0x01, 0x00, 0x01, 0x00, 0x01, 0x01, 0x4A, 0x01, 0x49, 0x00, 0xC6, 0xA8, 0x00,
    0xA0, 0x00, 0xE1, 0x20, 0xD8, 0xE0, 0xF3, 0x80, 0xD8, 0xC0, 0xE1, 0x20, 0xD8, 0xC0, 0xD0, 0xC0,
    0xD9, 0x00, 0xFD, 0x60, 0xFC, 0xE0, 0xFB, 0xE0, 0xFB, 0xC0, 0xE9, 0x60, 0xE9, 0x80, 0xF1, 0xA0,
    0xFC, 0xA0, 0xFC, 0xA0, 0xFD, 0xC2, 0xFD, 0xE3, 0xFD, 0xE3, 0xFC, 0xA0, 0xFC, 0xC0, 0xFD, 0xC3,
    0xFD, 0x40, 0xFD, 0x60, 0xFB, 0xC0, 0xFB, 0xA0, 0xFB, 0xA0, 0xF1, 0x80, 0xF2, 0x20, 0xF1, 0xE0,
    0xF2, 0x00, 0xF2, 0x00, 0xF1, 0xE0, 0xF2, 0x00, 0xF2, 0x00, 0xF9, 0xE0, 0xFC, 0x00, 0xFC, 0xE0,
    0xFC, 0xA0, 0xFC, 0xA0, 0xFC, 0x80, 0xFC, 0xA0, 0xF1, 0xA0, 0xF2, 0x80, 0xC0, 0x00, 0xC0, 0x20,
    0x90, 0x00, 0x60, 0x00, 0x70, 0x00, 0x28, 0x01, 0x28, 0x01, 0x18, 0x01, 0x00, 0x22, 0x00, 0x22,
    0x18, 0x01, 0x18, 0x01, 0x00, 0x43, 0x00, 0x43, 0x00, 0x43, 0x00, 0x43, 0x00, 0x43, 0x00, 0x22,
    0x98, 0x00, 0x78, 0x00, 0xD9, 0x00, 0xE1, 0x40, 0x49, 0x27, 0x01, 0x28, 0x01, 0x29, 0x01, 0x4A,
    0x01, 0x6A, 0x01, 0x29, 0x00, 0x00, 0x00, 0x01, 0x00, 0x01, 0x00, 0x01, 0x00, 0x01, 0x00, 0x01,
    0x00, 0x01, 0x00, 0x22, 0x00, 0x23, 0x00, 0x22, 0x00, 0x02, 0x00, 0x22, 0x00, 0x22, 0x00, 0x22,
    0x00, 0x02, 0x00, 0x02, 0x00, 0x22, 0x00, 0x01, 0x00, 0x01, 0x00, 0x01, 0x00, 0x01, 0x00, 0x01,
    0x00, 0x01, 0x00, 0x01, 0x00, 0x01, 0x00, 0x01, 0x00, 0x01, 0x00, 0x01, 0x00, 0x01, 0x00, 0x01,
    0x00, 0x01, 0x00, 0x01, 0x00, 0x86, 0x00, 0xA5, 0x00, 0xA6, 0x01, 0x08, 0x00, 0xE7, 0x00, 0xE7,
    0x00, 0xE8, 0x01, 0x6A, 0x01, 0x29, 0x01, 0x29, 0x01, 0x4A, 0x01, 0x29, 0x01, 0x4A, 0x01, 0xCC,
    0x01, 0xCC, 0x01, 0xCD, 0x01, 0xCD, 0x01, 0x29, 0x01, 0x08, 0x00, 0xE7, 0x00, 0x84, 0x00, 0x85,
    0x00, 0x01, 0x00, 0x01, 0x00, 0x01, 0x01, 0x4A, 0x01, 0x4A, 0x00, 0xC7, 0xB0, 0x00, 0xA0, 0x00,
    0xD9, 0x00, 0xD8, 0xC0, 0xF3, 0x20, 0xE1, 0x00, 0xE1, 0x60, 0xE1, 0x00, 0xE1, 0x20, 0xE1, 0x40,
    0xF2, 0xC0, 0xF2, 0x40, 0xFC, 0x20, 0xFC, 0x20, 0xFB, 0xE0, 0xE9, 0x00, 0xF1, 0xE0, 0xF2, 0x60,
    0xF2, 0x20, 0xFD, 0x61, 0xFE, 0x24, 0xFD, 0xE3, 0xFC, 0x80, 0xFC, 0x60, 0xFC, 0x00, 0xFC, 0x20,
    0xFC, 0x60, 0xFC, 0x20, 0xFC, 0x20, 0xF1, 0xA0, 0xFA, 0xA0, 0xF2, 0xA0, 0xF2, 0x00, 0xF2, 0x00,
    0xFC, 0xA0, 0xFC, 0x00, 0xFC, 0x00, 0xFA, 0xE0, 0xFB, 0x00, 0xFC, 0x20, 0xFA, 0xA0, 0xFB, 0x40,
    0xE1, 0x20, 0xE9, 0x20, 0xE1, 0x40, 0xB8, 0x00, 0xC0, 0x40, 0xC0, 0x20, 0xC0, 0x20, 0x88, 0x00,
    0x48, 0x00, 0x58, 0x00, 0x28, 0x00, 0x28, 0x01, 0x18, 0x01, 0x18, 0x01, 0x18, 0x01, 0x18, 0x01,
    0x18, 0x01, 0x00, 0x43, 0x00, 0x43, 0x00, 0x43, 0x00, 0x23, 0x00, 0x43, 0x00, 0x23, 0x00, 0x43,
    0x00, 0x22, 0x98, 0x60, 0x98, 0x20, 0xB0, 0x60, 0x31, 0x47, 0x59, 0x47, 0x01, 0xAB, 0x01, 0xAB,
    0x01, 0x6A, 0x00, 0x64, 0x00, 0xA6, 0x00, 0x02, 0x00, 0x22, 0x00, 0x01, 0x00, 0x01, 0x00, 0x01,
    0x00, 0x01, 0x00, 0x01, 0x00, 0x23, 0x00, 0x22, 0x00, 0x22, 0x00, 0x22, 0x00, 0x22, 0x00, 0x22,
    0x00, 0x23, 0x00, 0x22, 0x00, 0x01, 0x00, 0x01, 0x00, 0x01, 0x00, 0x01, 0x00, 0x01, 0x00, 0x01,
    0x00, 0x01, 0x00, 0x01, 0x00, 0x01, 0x00, 0x01, 0x00, 0x85, 0x00, 0x85, 0x00, 0xA5, 0x00, 0xA5,
    0x00, 0xA5, 0x00, 0xA6, 0x00, 0xA6, 0x00, 0xA6, 0x00, 0xE7, 0x00, 0xC7, 0x01, 0xAC, 0x01, 0xAC,
    0x01, 0xED, 0x01, 0xCD, 0x01, 0xCD, 0x01, 0x4A, 0x01, 0x4A, 0x01, 0x29, 0x01, 0x4A, 0x01, 0x6A,
    0x02, 0x0E, 0x01, 0xED, 0x01, 0xCD, 0x01, 0xCD, 0x01, 0x29, 0x01, 0x08, 0x01, 0x08, 0x00, 0xC6,
    0x00, 0xC7, 0x00, 0x01, 0x00, 0x01, 0x00, 0x01, 0x00, 0xA6, 0xB0, 0x00, 0xA0, 0x00, 0xE1, 0x00,
    0xD8, 0xE0, 0xF3, 0x00, 0xE1, 0x20, 0xE9, 0x60, 0xE1, 0x00, 0xE1, 0x00, 0xE1, 0x40, 0xFB, 0x00,
    0xF2, 0x80, 0xFC, 0x40, 0xFC, 0x20, 0xFB, 0xC0, 0xE9, 0x20, 0xF1, 0xC0, 0xF2, 0x60, 0xF2, 0x40,
    0xFD, 0x61, 0xFD, 0xE3, 0xFD, 0xE3, 0xFC, 0x80, 0xFC, 0x60, 0xFC, 0x20, 0xFC, 0x20, 0xFC, 0x40,
    0xFC, 0x40, 0xFC, 0x40, 0xE9, 0x80, 0xFB, 0x00, 0xFA, 0xE0, 0xF2, 0x00, 0xF1, 0xE0, 0xFC, 0x80,
    0xFB, 0xA0, 0xFB, 0xE0, 0xFA, 0xC0, 0xFA, 0xC0, 0xFB, 0xE0, 0xFA, 0xE0, 0xFB, 0x40, 0xE1, 0x20,
    0xE1, 0x40, 0xE9, 0x40, 0xB8, 0x00, 0xC0, 0x20, 0xC0, 0x20, 0xC0, 0x20, 0x88, 0x00, 0x48, 0x00,
    0x58, 0x00, 0x30, 0x00, 0x28, 0x01, 0x18, 0x01, 0x20, 0x01, 0x20, 0x01, 0x20, 0x01, 0x18, 0x01,
    0x00, 0x43, 0x00, 0x43, 0x00, 0x43, 0x00, 0x43, 0x00, 0x23, 0x00, 0x22, 0x00, 0x43, 0x00, 0x22,
    0xA0, 0x40, 0xA8, 0x20, 0xB8, 0x60, 0x31, 0x48, 0x61, 0x46, 0x09, 0xAB, 0x01, 0xAB, 0x01, 0x6A,
    0x00, 0x64, 0x00, 0xA6, 0x00, 0x02, 0x00, 0x02, 0x00, 0x01, 0x00, 0x01, 0x00, 0x01, 0x00, 0x01,
    0x00, 0x01, 0x00, 0x22, 0x00, 0x22, 0x00, 0x22, 0x00, 0x22, 0x00, 0x22, 0x00, 0x22, 0x00, 0x23,
    0x00, 0x22, 0x00, 0x01, 0x00, 0x01, 0x00, 0x01, 0x00, 0x01, 0x00, 0x01, 0x00, 0x01, 0x00, 0x01,
    0x00, 0x01, 0x00, 0x01, 0x00, 0x01, 0x00, 0x85, 0x00, 0x85, 0x00, 0xA5, 0x00, 0x85, 0x00, 0x85,
    0x00, 0xA6, 0x00, 0xA6, 0x00, 0xA6, 0x00, 0xC7, 0x00, 0xC7, 0x01, 0xAC, 0x01, 0xCD, 0x01, 0xCD,
    0x01, 0xCD, 0x01, 0xCD, 0x01, 0x4A, 0x01, 0x29, 0x01, 0x29, 0x01, 0x6A, 0x01, 0x6B, 0x01, 0xEE,
    0x01, 0xED, 0x01, 0xCD, 0x01, 0xAC, 0x01, 0x29, 0x01, 0x08, 0x01, 0x08, 0x00, 0xA6, 0x00, 0xC7,
    0x00, 0x01, 0x00, 0x01, 0x00, 0x01, 0x00, 0xA6, 0x88, 0x00, 0x78, 0x00, 0xB8, 0x00, 0xB8, 0x00,
    0xD0, 0xA0, 0xE9, 0xC0, 0xE9, 0xA0, 0xE1, 0x40, 0xE1, 0x60, 0xC0, 0x20, 0xE9, 0x00, 0xE1, 0x20,
    0xFB, 0x80, 0xFB, 0x80, 0xFB, 0x60, 0xFC, 0x40, 0xFB, 0xC0, 0xF2, 0x80, 0xF2, 0x60, 0xFA, 0xE0,
    0xFE, 0xA4, 0xFE, 0x04, 0xFE, 0x04, 0xFE, 0x25, 0xFE, 0x25, 0xFC, 0x80, 0xFC, 0xA0, 0xFC, 0x60,
    0xFC, 0x80, 0xFD, 0x01, 0xFE, 0x04, 0xFD, 0xC3, 0xFD, 0x61, 0xFD, 0x61, 0xFD, 0x60, 0xFD, 0x61,
    0xFD, 0x20, 0xFD, 0x21, 0xFD, 0x21, 0xFC, 0x00, 0xD8, 0x40, 0xE1, 0x40, 0xD8, 0xA0, 0xD0, 0xA0,
    0xD0, 0x60, 0xC0, 0x20, 0xC0, 0x00, 0xC8, 0x00, 0xC8, 0x40, 0xC0, 0x00, 0x20, 0x00, 0x50, 0x00,
    0x60, 0x00, 0x58, 0x00, 0x50, 0x00, 0x10, 0x01, 0x20, 0x01, 0x20, 0x01, 0x20, 0x01, 0x00, 0x43,
    0x00, 0x64, 0x00, 0x64, 0x00, 0x23, 0x00, 0x23, 0x00, 0x43, 0x00, 0x23, 0x00, 0x23, 0x00, 0x22,
    0x00, 0x02, 0x30, 0x00, 0xE8, 0xE0, 0xC8, 0x80, 0x30, 0xE7, 0x31, 0x27, 0x00, 0xC7, 0x01, 0x4A,
    0x01, 0x29, 0x01, 0x29, 0x01, 0x08, 0x00, 0x01, 0x00, 0x01, 0x00, 0x01, 0x00, 0x01, 0x00, 0x01,
    0x00, 0x01, 0x00, 0x23, 0x00, 0x23, 0x00, 0x22, 0x00, 0x22, 0x00, 0x01, 0x00, 0x01, 0x00, 0x01,
    0x00, 0x01, 0x00, 0x01, 0x00, 0x01, 0x00, 0x01, 0x00, 0x01, 0x00, 0x01, 0x00, 0x01, 0x01, 0xAB,
    0x01, 0xAB, 0x01, 0xAC, 0x01, 0xCD, 0x01, 0xAC, 0x01, 0xED, 0x01, 0xAC, 0x01, 0xAC, 0x01, 0xEE,
    0x01, 0xCD, 0x01, 0x4A, 0x01, 0x29, 0x01, 0x29, 0x00, 0xE7, 0x00, 0xE8, 0x01, 0xCD, 0x01, 0xED,
    0x01, 0xED, 0x01, 0xCD, 0x01, 0xCD, 0x01, 0x08, 0x01, 0x08, 0x00, 0xE8, 0x01, 0x8B, 0x01, 0x4A,
    0x01, 0xAC, 0x01, 0xAC, 0x01, 0xAC, 0x01, 0x49, 0x01, 0x4A, 0x01, 0x29, 0x01, 0x29, 0x00, 0x01,
    0x00, 0x01, 0x00, 0x01, 0x00, 0x01, 0x90, 0x00, 0x80, 0x00, 0xB8, 0x20, 0xC0, 0x00, 0xD8, 0xC0,
    0xF2, 0x20, 0xE9, 0xE0, 0xE1, 0x60, 0xE9, 0xA0, 0xC0, 0x20, 0xE9, 0x60, 0xE1, 0x60, 0xFB, 0x80,
    0xFB, 0xA0, 0xFB, 0xA0, 0xFC, 0x20, 0xFB, 0xE0, 0xF2, 0x80, 0xF2, 0x40, 0xFA, 0xE0, 0xFE, 0xA2,
    0xFD, 0xE3, 0xFE, 0x05, 0xFE, 0x05, 0xFE, 0x04, 0xFC, 0x60, 0xFC, 0xC0, 0xFC, 0xA0, 0xFC, 0xA0,
    0xFC, 0xC0, 0xFE, 0x04, 0xFD, 0xE4, 0xFD, 0x40, 0xFD, 0x40, 0xFD, 0x40, 0xFD, 0x82, 0xFD, 0x61,
    0xFD, 0x21, 0xFD, 0x41, 0xFB, 0xE0, 0xE0, 0x40, 0xE1, 0x60, 0xD0, 0x80, 0xD0, 0x80, 0xD0, 0x60,
    0xC8, 0x20, 0xC0, 0x20, 0xC0, 0x20, 0xC8, 0x20, 0xC0, 0x00, 0x28, 0x00, 0x60, 0x00, 0x60, 0x00,
    0x58, 0x00, 0x48, 0x00, 0x20, 0x01, 0x28, 0x01, 0x20, 0x01, 0x20, 0x01, 0x00, 0x43, 0x00, 0x64,
    0x00, 0x64, 0x00, 0x23, 0x00, 0x23, 0x00, 0x43, 0x00, 0x23, 0x00, 0x22, 0x00, 0x02, 0x00, 0x22,
    0x30, 0x00, 0xF1, 0x40, 0xC8, 0xC0, 0x29, 0x66, 0x29, 0x28, 0x00, 0xC7, 0x01, 0x4A, 0x01, 0x29,
    0x01, 0x09, 0x01, 0x08, 0x00, 0x01, 0x00, 0x01, 0x00, 0x01, 0x00, 0x01, 0x00, 0x01, 0x00, 0x01,
    0x00, 0x22, 0x00, 0x23, 0x00, 0x22, 0x00, 0x02, 0x00, 0x01, 0x00, 0x01, 0x00, 0x01, 0x00, 0x01,
    0x00, 0x01, 0x00, 0x01, 0x00, 0x01, 0x00, 0x01, 0x00, 0x01, 0x00, 0x01, 0x01, 0x8C, 0x01, 0xAC,
    0x01, 0xAC, 0x01, 0xED, 0x01, 0xCD, 0x01, 0xED, 0x01, 0xCC, 0x01, 0xCD, 0x02, 0x0E, 0x01, 0xED,
    0x01, 0x4A, 0x01, 0x29, 0x01, 0x29, 0x00, 0xE7, 0x00, 0xE7, 0x01, 0xAC, 0x01, 0xEE, 0x01, 0xED,
    0x01, 0xCD, 0x01, 0xCD, 0x01, 0x09, 0x00, 0xE8, 0x00, 0xE8, 0x01, 0x8B, 0x01, 0x4A, 0x01, 0xCD,
    0x01, 0xCD, 0x01, 0xAC, 0x01, 0x49, 0x01, 0x4A, 0x01, 0x29, 0x01, 0x29, 0x00, 0x22, 0x00, 0x01,
    0x00, 0x01, 0x00, 0x01, 0x98, 0x00, 0x80, 0x00, 0xA0, 0x00, 0xA0, 0x00, 0xD0, 0x80, 0xF2, 0x00,
    0xE9, 0xC0, 0xE9, 0xE0, 0xE9, 0xE0, 0xC8, 0x80, 0xD0, 0xA0, 0xD0, 0x80, 0xF2, 0xC0, 0xFA, 0xE0,
    0xFB, 0x20, 0xFC, 0x20, 0xFC, 0x00, 0xFC, 0x00, 0xFC, 0x00, 0xFA, 0x80, 0xF2, 0x00, 0xFA, 0x00,
    0xFE, 0x25, 0xFE, 0x25, 0xFE, 0x04, 0xFE, 0x25, 0xFE, 0x25, 0xFE, 0x05, 0xFE, 0x25, 0xFD, 0xE4,
    0xFE, 0x04, 0xFE, 0x05, 0xFD, 0xE5, 0xFE, 0x04, 0xFD, 0xA3, 0xFD, 0x41, 0xFD, 0x81, 0xFC, 0x00,
    0xFC, 0x00, 0xE1, 0x00, 0xE0, 0xC0, 0xD8, 0xC0, 0xD8, 0xC0, 0xE0, 0xE0, 0xD0, 0x80, 0xFB, 0x00,
    0xF2, 0xA0, 0xB0, 0x00, 0xB0, 0x00, 0x68, 0x00, 0xC8, 0x00, 0xB0, 0x00, 0xA0, 0x00, 0xA0, 0x00,
    0x40, 0x00, 0x00, 0x23, 0x10, 0x01, 0x00, 0x22, 0x00, 0x02, 0x00, 0x43, 0x00, 0x64, 0x00, 0x64,
    0x00, 0x43, 0x00, 0x43, 0x00, 0x43, 0x00, 0x22, 0x00, 0x22, 0x00, 0x22, 0x00, 0x22, 0x28, 0x00,
    0xF9, 0x60, 0xD1, 0x00, 0xC8, 0xA0, 0xD0, 0xA0, 0x00, 0xA6, 0x00, 0x44, 0x00, 0x85, 0x01, 0x08,
    0x01, 0x08, 0x00, 0xC6, 0x00, 0x00, 0x00, 0x01, 0x00, 0x01, 0x00, 0x01, 0x00, 0x01, 0x00, 0x01,
    0x00, 0x01, 0x00, 0x01, 0x00, 0x01, 0x00, 0x01, 0x00, 0x01, 0x00, 0x01, 0x00, 0x01, 0x00, 0x01,
    0x00, 0x01, 0x00, 0x65, 0x00, 0x64, 0x00, 0x64, 0x00, 0x64, 0x00, 0xC7, 0x01, 0x4A, 0x01, 0x08,
    0x01, 0x08, 0x01, 0x08, 0x02, 0x0E, 0x02, 0x0E, 0x02, 0x0E, 0x01, 0xED, 0x01, 0xEE, 0x01, 0xEE,
    0x01, 0x2A, 0x01, 0x6A, 0x00, 0xE8, 0x00, 0xE8, 0x00, 0xC7, 0x01, 0x6A, 0x01, 0x6A, 0x01, 0x6B,
    0x01, 0x6B, 0x01, 0x6A, 0x00, 0xE8, 0x00, 0xE8, 0x00, 0xE7, 0x00, 0xE8, 0x01, 0x29, 0x01, 0x4A,
    0x01, 0xAC, 0x01, 0x4A, 0x01, 0x6A, 0x01, 0x4A, 0x01, 0x49, 0x01, 0x08, 0x00, 0x01, 0x00, 0x22,
    0x00, 0x01, 0xA8, 0x00, 0x90, 0x00, 0xB0, 0x00, 0xB0, 0x00, 0xD0, 0x80, 0xE9, 0xE0, 0xF2, 0x00,
    0xE9, 0xC0, 0xE9, 0xE0, 0xB8, 0x00, 0xC8, 0x40, 0xD0, 0x60, 0xFB, 0x20, 0xFB, 0x40, 0xFB, 0xA0,
    0xFC, 0x60, 0xFC, 0x20, 0xFC, 0x00, 0xFC, 0x00, 0xFA, 0x00, 0xF1, 0x60, 0xF1, 0xE0, 0xFE, 0xC5,
    0xFE, 0xE5, 0xFE, 0x25, 0xFE, 0x25, 0xFE, 0x05, 0xFE, 0x04, 0xFD, 0xE5, 0xFD, 0xC4, 0xFE, 0x05,
    0xFE, 0x66, 0xFF, 0x26, 0xFF, 0x46, 0xFE, 0xE4, 0xFE, 0x42, 0xFE, 0x22, 0xFD, 0x00, 0xFC, 0xC0,
    0xE0, 0xE0, 0xD8, 0xC0, 0xD8, 0xC0, 0xD0, 0x00, 0xD0, 0x00, 0xC0, 0x00, 0xFA, 0xE0, 0xF2, 0xE0,
    0xB0, 0x00, 0xB0, 0x00, 0x48, 0x00, 0xD0, 0x00, 0xB8, 0x00, 0xB8, 0x00, 0xB8, 0x00, 0x50, 0x00,
    0x00, 0x02, 0x18, 0x01, 0x00, 0x22, 0x00, 0x22, 0x00, 0x23, 0x00, 0x85, 0x00, 0x64, 0x00, 0x23,
    0x00, 0x43, 0x00, 0x43, 0x00, 0x22, 0x00, 0x22, 0x00, 0x02, 0x00, 0x02, 0x30, 0x00, 0xF9, 0x00,
    0xC8, 0xC0, 0xC0, 0xA0, 0xC8, 0xA0, 0x00, 0x64, 0x00, 0x64, 0x00, 0x43, 0x01, 0x29, 0x01, 0x4A,
    0x00, 0xE7, 0x00, 0x00, 0x00, 0x01, 0x00, 0x01, 0x00, 0x01, 0x00, 0x01, 0x00, 0x01, 0x00, 0x01,
    0x00, 0x01, 0x00, 0x01, 0x00, 0x01, 0x00, 0x00, 0x00, 0x00, 0x00, 0x00, 0x00, 0x00, 0x00, 0x00,
    0x00, 0x43, 0x00, 0x43, 0x00, 0x43, 0x00, 0x43, 0x00, 0xE7, 0x01, 0x4B, 0x01, 0x4A, 0x01, 0x29,
    0x01, 0x28, 0x02, 0x71, 0x02, 0x50, 0x02, 0x50, 0x01, 0xED, 0x01, 0xCD, 0x01, 0xED, 0x01, 0x4A,
    0x01, 0x6B, 0x00, 0xC7, 0x00, 0xC6, 0x00, 0xC6, 0x01, 0xAC, 0x01, 0x8B, 0x01, 0x6A, 0x01, 0x6B,
    0x01, 0x4A, 0x00, 0xE8, 0x00, 0xE8, 0x00, 0xE8, 0x00, 0xE8, 0x01, 0x29, 0x01, 0x49, 0x01, 0xCD,
    0x01, 0x4A, 0x01, 0x4A, 0x01, 0x4A, 0x01, 0x4A, 0x01, 0x29, 0x00, 0x43, 0x00, 0x22, 0x00, 0x01,
    0x58, 0x00, 0x48, 0x00, 0x70, 0x00, 0x78, 0x00, 0xC0, 0x20, 0xD0, 0xC0, 0xD0, 0xA0, 0xF2, 0xA0,
    0xF2, 0xC0, 0xF2, 0xC0, 0xD8, 0x60, 0xD0, 0x80, 0xD8, 0xC0, 0xD8, 0xA0, 0xF2, 0x40, 0xFC, 0x80,
    0xFB, 0xE0, 0xFC, 0x00, 0xFC, 0x00, 0xFC, 0xC0, 0xF1, 0xE0, 0xF2, 0x40, 0xFA, 0xA0, 0xFA, 0x80,
    0xFC, 0x60, 0xFE, 0xA7, 0xFE, 0x26, 0xFE, 0x26, 0xFE, 0x26, 0xFE, 0x04, 0xFB, 0xE0, 0xFC, 0xC0,
    0xF1, 0x60, 0xF1, 0x60, 0xF1, 0x80, 0xFA, 0x60, 0xFA, 0x80, 0xF1, 0x80, 0xE9, 0xA0, 0xE9, 0x40,
    0xE0, 0xE0, 0xE0, 0xE0, 0xFB, 0xA0, 0xFB, 0xC0, 0xFB, 0x40, 0xE1, 0x00, 0xE1, 0x40, 0xB0, 0x00,
    0xB0, 0x00, 0xB8, 0x00, 0x60, 0x00, 0x88, 0x00, 0x50, 0x00, 0x60, 0x00, 0x18, 0x02, 0x00, 0x22,
    0x10, 0x02, 0x00, 0x43, 0x00, 0x23, 0x00, 0x43, 0x00, 0x23, 0x00, 0x43, 0x00, 0x43, 0x00, 0x23,
    0x00, 0x43, 0x00, 0x22, 0x00, 0x22, 0x00, 0x22, 0x00, 0x02, 0x30, 0x00, 0xF9, 0x60, 0xD9, 0x00,
    0xD9, 0x00, 0xE1, 0x00, 0x01, 0x28, 0x00, 0xA6, 0x00, 0xC6, 0x00, 0x85, 0x00, 0x85, 0x00, 0xA6,
    0x00, 0x64, 0x00, 0x64, 0x00, 0x01, 0x00, 0x01, 0x00, 0x01, 0x00, 0x01, 0x00, 0x01, 0x00, 0x21,
    0x00, 0x01, 0x00, 0x01, 0x00, 0xA6, 0x00, 0x85, 0x00, 0xE7, 0x00, 0xC7, 0x00, 0xE7, 0x00, 0xE7,
    0x00, 0xE7, 0x00, 0xA6, 0x00, 0xA5, 0x00, 0x85, 0x00, 0x85, 0x00, 0x85, 0x01, 0x29, 0x01, 0x29,
    0x00, 0xE7, 0x01, 0x29, 0x01, 0x08, 0x01, 0xCD, 0x01, 0xED, 0x01, 0xED, 0x01, 0xCD, 0x01, 0xCD,
    0x01, 0xCD, 0x01, 0xCD, 0x00, 0xC7, 0x00, 0xE7, 0x00, 0xE7, 0x01, 0x29, 0x01, 0x2A, 0x01, 0x8B,
    0x01, 0x08, 0x00, 0xE7, 0x00, 0xC7, 0x00, 0xC6, 0x00, 0xC7, 0x00, 0xC7, 0x01, 0x08, 0x01, 0x6B,
    0x01, 0x4A, 0x01, 0x4A, 0x01, 0x4A, 0x01, 0x29, 0x00, 0x64, 0x00, 0x44, 0x00, 0x01, 0x20, 0x01,
    0x28, 0x01, 0x68, 0x00, 0x68, 0x00, 0x80, 0x00, 0xB0, 0x40, 0xB8, 0x00, 0xC0, 0x80, 0xC8, 0x40,
    0xF2, 0xC0, 0xFB, 0x40, 0xFB, 0x60, 0xD8, 0xC0, 0xD8, 0xC0, 0xD0, 0x40, 0xFB, 0x20, 0xF2, 0x40,
    0xFC, 0x20, 0xFC, 0x40, 0xFC, 0x80, 0xFD, 0x60, 0xFD, 0x80, 0xFA, 0xA0, 0xFA, 0xC0, 0xFB, 0x00,
    0xFB, 0xE1, 0xFB, 0xA0, 0xFB, 0x40, 0xFB, 0x40, 0xFB, 0x20, 0xFA, 0xC0, 0xFB, 0x20, 0xFB, 0xA0,
    0xFB, 0xC0, 0xF1, 0xE0, 0xE9, 0xC0, 0xF1, 0xC0, 0xE9, 0x80, 0xF1, 0xA0, 0xFB, 0x60, 0xFC, 0x20,
    0xFB, 0xA0, 0xFB, 0xC0, 0xFB, 0xC0, 0xF3, 0x20, 0xC8, 0x00, 0xD0, 0x60, 0xA8, 0x00, 0xA0, 0x00,
    0x80, 0x00, 0x50, 0x00, 0x60, 0x00, 0x10, 0x23, 0x00, 0x22, 0x00, 0x22, 0x00, 0x42, 0x00, 0x22,
    0x00, 0x22, 0x00, 0x22, 0x30, 0x01, 0x00, 0x43, 0x00, 0x23, 0x00, 0x43, 0x00, 0x23, 0x00, 0x42,
    0x00, 0x22, 0x00, 0x22, 0x00, 0x22, 0x00, 0x21, 0x30, 0x00, 0xF9, 0x40, 0xD0, 0xA0, 0xD8, 0xE0,
    0xD9, 0x00, 0x01, 0x08, 0x00, 0xE7, 0x00, 0xE7, 0x00, 0x85, 0x00, 0x64, 0x00, 0x22, 0x00, 0x84,
    0x00, 0x64, 0x00, 0x01, 0x00, 0x01, 0x00, 0x01, 0x00, 0x01, 0x00, 0x01, 0x28, 0x01, 0x10, 0x01,
    0x10, 0x01, 0x10, 0xA4, 0x09, 0x06, 0x01, 0x49, 0x01, 0x49, 0x00, 0xC7, 0x00, 0xE7, 0x00, 0xE8,
    0x01, 0x08, 0x00, 0xE8, 0x00, 0xA6, 0x00, 0x85, 0x00, 0x85, 0x00, 0x85, 0x00, 0xA6, 0x01, 0x29,
    0x01, 0x29, 0x01, 0x29, 0x01, 0x08, 0x01, 0x08, 0x01, 0xED, 0x01, 0xCD, 0x01, 0xAD, 0x01, 0xAC,
    0x01, 0xAC, 0x01, 0x8B, 0x00, 0xC7, 0x01, 0x07, 0x00, 0xA6, 0x00, 0xA5, 0x01, 0x8B, 0x01, 0x4A,
    0x01, 0x4A, 0x00, 0x85, 0x00, 0x85, 0x00, 0x85, 0x00, 0x85, 0x00, 0xC6, 0x00, 0xE7, 0x00, 0xC6,
    0x01, 0x6A, 0x01, 0x4A, 0x01, 0x4A, 0x00, 0xE8, 0x00, 0xE7, 0x00, 0x01, 0x38, 0x00, 0x30, 0x01,
    0x68, 0x00, 0x68, 0x00, 0x90, 0x00, 0xC0, 0x20, 0xB0, 0x20, 0xC0, 0x60, 0xC8, 0x60, 0xF2, 0xC0,
    0xFB, 0xA0, 0xFB, 0x80, 0xE0, 0xE0, 0xD8, 0xE0, 0xD0, 0x80, 0xFB, 0xA0, 0xF2, 0x80, 0xFC, 0x20,
    0xFC, 0x00, 0xFC, 0xC0, 0xFD, 0x61, 0xFD, 0x41, 0xF2, 0x80, 0xFA, 0x60, 0xFB, 0x60, 0xFB, 0x20,
    0xFB, 0x00, 0xFA, 0xC0, 0xF2, 0xC0, 0xFA, 0xE0, 0xFB, 0x00, 0xFB, 0x00, 0xFB, 0x60, 0xFB, 0x60,
    0xF2, 0x00, 0xF1, 0xC0, 0xF1, 0xC0, 0xE9, 0xA0, 0xF1, 0xA0, 0xFB, 0x60, 0xFC, 0x00, 0xFB, 0xE0,
    0xFC, 0x40, 0xFC, 0x20, 0xFB, 0x60, 0xC8, 0x00, 0xD0, 0x80, 0xB0, 0x00, 0xA8, 0x00, 0x90, 0x00,
    0x58, 0x00, 0x68, 0x00, 0x00, 0x22, 0x00, 0x22, 0x00, 0x22, 0x00, 0x22, 0x00, 0x22, 0x00, 0x22,
    0x00, 0x43, 0x38, 0x00, 0x00, 0x43, 0x00, 0x23, 0x00, 0x43, 0x00, 0x43, 0x00, 0x43, 0x00, 0x22,
    0x00, 0x23, 0x00, 0x22, 0x00, 0x01, 0x40, 0x00, 0xF9, 0x40, 0xD8, 0xE0, 0xD8, 0xE0, 0xD9, 0x00,
    0x01, 0x28, 0x00, 0xC7, 0x00, 0xE7, 0x00, 0x85, 0x00, 0x64, 0x00, 0x23, 0x00, 0x65, 0x00, 0x64,
    0x00, 0x01, 0x00, 0x01, 0x00, 0x01, 0x00, 0x01, 0x00, 0x01, 0x90, 0x00, 0x90, 0x00, 0x90, 0x00,
    0x28, 0xE6, 0x41, 0x27, 0x01, 0xCC, 0x01, 0xAC, 0x01, 0xAC, 0x01, 0x8B, 0x01, 0x8B, 0x01, 0x4A,
    0x01, 0x2A, 0x00, 0xA6, 0x00, 0x85, 0x00, 0x85, 0x00, 0x85, 0x00, 0x85, 0x01, 0x29, 0x01, 0x29,
    0x01, 0x29, 0x01, 0x29, 0x01, 0x29, 0x01, 0xED, 0x01, 0xCD, 0x01, 0xCD, 0x01, 0xAC, 0x01, 0xAC,
    0x01, 0xAC, 0x00, 0xC6, 0x00, 0xE7, 0x00, 0xA6, 0x00, 0xA6, 0x01, 0x8B, 0x01, 0x4A, 0x01, 0x4A,
    0x00, 0x64, 0x00, 0x85, 0x00, 0x85, 0x00, 0x85, 0x00, 0xC7, 0x00, 0xE8, 0x00, 0xE7, 0x01, 0x8B,
    0x01, 0x6B, 0x01, 0x4A, 0x01, 0x09, 0x01, 0x08, 0x00, 0x01, 0x08, 0x02, 0x00, 0x22, 0x60, 0x00,
    0x60, 0x00, 0x88, 0x00, 0xA8, 0x00, 0xA8, 0x00, 0xB8, 0x20, 0xC0, 0x40, 0xD8, 0xA0, 0xF2, 0xC0,
    0xF2, 0x60, 0xFB, 0xA0, 0xFB, 0x40, 0xD8, 0xA0, 0xD8, 0x60, 0xD8, 0x80, 0xE8, 0x80, 0xE0, 0x80,
    0xF1, 0xC0, 0xFB, 0xA0, 0xFB, 0xA0, 0xFC, 0x80, 0xFC, 0xC0, 0xFE, 0x20, 0xFC, 0xE0, 0xFC, 0x00,
    0xFA, 0xE0, 0xFA, 0xC0, 0xFA, 0xE0, 0xFB, 0x20, 0xFA, 0xE0, 0xFB, 0x40, 0xFB, 0x60, 0xFB, 0x40,
    0xF3, 0xA0, 0xFB, 0x40, 0xFD, 0x00, 0xFD, 0x40, 0xFC, 0x00, 0xFB, 0xE0, 0xFC, 0x20, 0xE9, 0x00,
    0xE9, 0x00, 0xE0, 0xE0, 0xA0, 0x00, 0xA8, 0x00, 0xB0, 0x00, 0xB8, 0x00, 0x98, 0x00, 0x00, 0x21,
    0x00, 0x23, 0x00, 0x22, 0x00, 0x22, 0x00, 0x22, 0x00, 0x22, 0x00, 0x43, 0x78, 0x00, 0x98, 0x00,
    0x00, 0x43, 0x00, 0x43, 0x00, 0x23, 0x00, 0x43, 0x00, 0x43, 0x00, 0x22, 0x00, 0x22, 0x00, 0x22,
    0x00, 0x22, 0x00, 0x22, 0xD0, 0x00, 0xF0, 0xE0, 0xD9, 0x00, 0x01, 0x6B, 0x09, 0x4A, 0x01, 0xAC,
    0x01, 0x49, 0x01, 0x49, 0x00, 0xC6, 0x00, 0xA6, 0x00, 0x23, 0x00, 0x22, 0x00, 0x22, 0x00, 0x22,
    0x00, 0x23, 0x00, 0x43, 0x00, 0x02, 0x00, 0x01, 0x00, 0x21, 0x00, 0x02, 0x00, 0x02, 0x78, 0x20,
    0x88, 0x00, 0x50, 0x00, 0x58, 0x00, 0x01, 0xCD, 0x01, 0x8B, 0x01, 0xCC, 0x01, 0x4A, 0x01, 0x6A,
    0x01, 0x29, 0x01, 0x6B, 0x01, 0x8C, 0x00, 0x85, 0x00, 0x85, 0x01, 0x08, 0x01, 0x4A, 0x01, 0x29,
    0x01, 0x29, 0x01, 0x29, 0x00, 0xC7, 0x01, 0xCC, 0x01, 0xAC, 0x01, 0xAC, 0x01, 0xCC, 0x01, 0xAC,
    0x01, 0x29, 0x01, 0x49, 0x00, 0x84, 0x00, 0x85, 0x00, 0x64, 0x01, 0x29, 0x01, 0x4A, 0x00, 0x22,
    0x00, 0x64, 0x00, 0x64, 0x00, 0x63, 0x00, 0x64, 0x00, 0x85, 0x00, 0x85, 0x01, 0x6A, 0x01, 0x6B,
    0x01, 0x49, 0x01, 0x08, 0x01, 0x08, 0x00, 0x02, 0x00, 0x43, 0x00, 0x23, 0x58, 0x00, 0x60, 0x00,
    0x80, 0x00, 0xA8, 0x00, 0x98, 0x00, 0xC0, 0x40, 0xC0, 0x40, 0xD9, 0x00, 0xFA, 0xE0, 0xF2, 0x40,
    0xF2, 0xA0, 0xF2, 0xC0, 0xD0, 0xA0, 0xE9, 0x40, 0xE1, 0x00, 0xE1, 0x40, 0xE1, 0x20, 0xFB, 0x00,
    0xFB, 0xA0, 0xFB, 0xA0, 0xFC, 0x40, 0xFC, 0x60, 0xFD, 0x41, 0xFC, 0xA0, 0xFC, 0x80, 0xFA, 0xC0,
    0xFA, 0xC0, 0xFA, 0xA0, 0xFA, 0x60, 0xFA, 0xC0, 0xFB, 0x40, 0xFB, 0x60, 0xFB, 0x20, 0xFB, 0x60,
    0xFB, 0x80, 0xFD, 0x21, 0xFD, 0x21, 0xFC, 0xA0, 0xFB, 0x40, 0xFC, 0x20, 0xF2, 0x40, 0xF2, 0x60,
    0xE9, 0x80, 0xA0, 0x00, 0xB0, 0x00, 0xB0, 0x00, 0xB0, 0x00, 0x90, 0x00, 0x00, 0x22, 0x00, 0x43,
    0x00, 0x22, 0x00, 0x43, 0x00, 0x22, 0x00, 0x22, 0x00, 0x02, 0x68, 0x00, 0x68, 0x00, 0x00, 0x22,
    0x00, 0x43, 0x00, 0x43, 0x00, 0x43, 0x00, 0x43, 0x00, 0x23, 0x00, 0x22, 0x00, 0x22, 0x00, 0x02,
    0x00, 0x22, 0xB8, 0x40, 0xE9, 0x80, 0xE1, 0x40, 0x09, 0x8A, 0x21, 0x8A, 0x01, 0x8B, 0x00, 0xE8,
    0x01, 0x29, 0x00, 0xC6, 0x00, 0xC6, 0x00, 0x43, 0x00, 0x23, 0x00, 0x43, 0x00, 0x43, 0x00, 0x23,
    0x00, 0x44, 0x00, 0x01, 0x00, 0x01, 0x00, 0x01, 0x00, 0x01, 0x00, 0x01, 0x88, 0x00, 0x70, 0x00,
    0x88, 0x00, 0x88, 0x00, 0x01, 0xED, 0x01, 0xAC, 0x01, 0xAC, 0x01, 0x4A, 0x01, 0x4A, 0x01, 0x09,
    0x01, 0x4A, 0x01, 0x49, 0x00, 0x85, 0x00, 0x85, 0x01, 0x08, 0x01, 0x29, 0x01, 0x29, 0x01, 0x29,
    0x01, 0x29, 0x01, 0x08, 0x01, 0xCD, 0x01, 0x8C, 0x01, 0xAC, 0x01, 0xAC, 0x01, 0xCC, 0x01, 0x29,
    0x01, 0x29, 0x00, 0x64, 0x00, 0x85, 0x00, 0xA6, 0x01, 0x29, 0x01, 0x4A, 0x00, 0x43, 0x00, 0x64,
    0x00, 0x44, 0x00, 0x64, 0x00, 0x85, 0x00, 0xA6, 0x00, 0xA6, 0x01, 0x6A, 0x01, 0x6B, 0x01, 0x29,
    0x01, 0x08, 0x01, 0x08, 0x00, 0x23, 0x00, 0x22, 0x00, 0x22, 0x00, 0x23, 0x00, 0x23, 0x48, 0x00,
    0x80, 0x00, 0x78, 0x00, 0xA0, 0x00, 0xA0, 0x00, 0xC0, 0x40, 0xFA, 0xA0, 0xF2, 0x40, 0xF2, 0x40,
    0xF2, 0x40, 0xFB, 0x00, 0xE0, 0xA0, 0xE9, 0x40, 0xE1, 0x00, 0xE1, 0x00, 0xE9, 0x20, 0xFB, 0x80,
    0xFB, 0x00, 0xFB, 0xE0, 0xFB, 0xC0, 0xFB, 0xC0, 0xFC, 0xA0, 0xFC, 0xA0, 0xFD, 0xC0, 0xFD, 0xC1,
    0xFE, 0xC6, 0xFE, 0x65, 0xFE, 0xC6, 0xFD, 0x00, 0xFD, 0x00, 0xFC, 0x80, 0xFC, 0x60, 0xFC, 0x40,
    0xFD, 0x00, 0xFD, 0x00, 0xFB, 0x60, 0xD8, 0x00, 0xE1, 0x00, 0xD0, 0x80, 0xD0, 0x60, 0xA0, 0x00,
    0x68, 0x00, 0x78, 0x00, 0x68, 0x00, 0x68, 0x00, 0x00, 0x43, 0x00, 0x22, 0x00, 0x43, 0x00, 0x43,
    0x00, 0x23, 0x00, 0x43, 0x58, 0x00, 0x48, 0x00, 0x00, 0x21, 0x00, 0x02, 0x00, 0x22, 0x00, 0x23,
    0x00, 0x22, 0x00, 0x43, 0x00, 0x43, 0x00, 0x22, 0x00, 0x02, 0x00, 0x01, 0x58, 0x00, 0x48, 0x00,
    0xE9, 0x60, 0xC8, 0xC0, 0xD8, 0xE0, 0x01, 0x8B, 0x01, 0x8B, 0x01, 0x8B, 0x01, 0x29, 0x01, 0x4A,
    0x00, 0xC6, 0x00, 0xC7, 0x00, 0x44, 0x00, 0x64, 0x00, 0x44, 0x00, 0x84, 0x00, 0x64, 0x00, 0x43,
    0x00, 0x64, 0x00, 0x44, 0x00, 0x43, 0x00, 0x43, 0x00, 0x22, 0x00, 0x01, 0x00, 0x02, 0x68, 0x00,
    0x60, 0x00, 0x68, 0x00, 0x01, 0x6B, 0x01, 0x29, 0x01, 0xAC, 0x01, 0x8C, 0x01, 0xAC, 0x01, 0x4A,
    0x01, 0x4A, 0x01, 0x4A, 0x01, 0x6B, 0x00, 0x64, 0x01, 0x4A, 0x01, 0x09, 0x01, 0x29, 0x01, 0x29,
    0x00, 0xE7, 0x01, 0x8C, 0x01, 0x6B, 0x01, 0xAC, 0x01, 0x8C, 0x01, 0x6B, 0x01, 0x6B, 0x01, 0x6B,
    0x01, 0x6B, 0x01, 0x6B, 0x00, 0xA6, 0x00, 0xA5, 0x00, 0x86, 0x01, 0x4A, 0x01, 0x29, 0x00, 0x64,
    0x00, 0x43, 0x00, 0x43, 0x00, 0x22, 0x00, 0x23, 0x00, 0x85, 0x00, 0x64, 0x01, 0x09, 0x01, 0x08,
    0x01, 0x08, 0x00, 0xC7, 0x00, 0x23, 0x00, 0x43, 0x00, 0x43, 0x00, 0x43, 0x58, 0x00, 0x78, 0x00,
    0x78, 0x00, 0x98, 0x00, 0xA0, 0x00, 0xC8, 0x60, 0xFA, 0xC0, 0xF2, 0x40, 0xF2, 0x60, 0xF2, 0x60,
    0xF2, 0xA0, 0xE0, 0xC0, 0xE1, 0x20, 0xE1, 0x20, 0xE1, 0x00, 0xE9, 0xA0, 0xFB, 0xA0, 0xFB, 0x00,
    0xFC, 0x00, 0xFC, 0x00, 0xFC, 0x00, 0xFD, 0x20, 0xFC, 0xE0, 0xFD, 0x00, 0xFD, 0x21, 0xFD, 0xC4,
    0xFD, 0xE4, 0xFD, 0xE4, 0xFC, 0x80, 0xFC, 0x60, 0xFC, 0x40, 0xFC, 0x40, 0xFC, 0x40, 0xFC, 0xE0,
    0xFD, 0x00, 0xFB, 0xC0, 0xD0, 0x20, 0xE1, 0x00, 0xD0, 0x80, 0xD0, 0xA0, 0xB0, 0x00, 0x78, 0x00,
    0x88, 0x00, 0x70, 0x00, 0x68, 0x00, 0x00, 0x43, 0x00, 0x23, 0x00, 0x43, 0x00, 0x42, 0x00, 0x43,
    0x00, 0x23, 0x40, 0x00, 0x40, 0x00, 0x00, 0x22, 0x00, 0x22, 0x00, 0x43, 0x00, 0x23, 0x00, 0x22,
    0x00, 0x43, 0x00, 0x43, 0x00, 0x02, 0x00, 0x22, 0x00, 0x21, 0x90, 0x20, 0x80, 0x00, 0xE1, 0x20,
    0xC8, 0xE0, 0xC9, 0x00, 0x01, 0xCB, 0x01, 0x8B, 0x01, 0x6A, 0x01, 0x29, 0x01, 0x49, 0x00, 0xC7,
    0x00, 0xC7, 0x00, 0x44, 0x00, 0x64, 0x00, 0x64, 0x00, 0x64, 0x00, 0x64, 0x00, 0x64, 0x00, 0x43,
    0x00, 0x44, 0x00, 0x23, 0x00, 0x23, 0x00, 0x22, 0x00, 0x01, 0x00, 0x01, 0x68, 0x00, 0x68, 0x00,
    0x70, 0x00, 0x01, 0x8B, 0x01, 0x4A, 0x01, 0x8B, 0x01, 0x8C, 0x01, 0x8B, 0x01, 0x49, 0x01, 0x4A,
    0x01, 0x29, 0x01, 0x29, 0x00, 0x85, 0x01, 0x4A, 0x01, 0x29, 0x01, 0x29, 0x01, 0x29, 0x00, 0xE7,
    0x01, 0x8C, 0x01, 0x8B, 0x01, 0xAC, 0x01, 0xAC, 0x01, 0x6B, 0x01, 0x6B, 0x01, 0x6B, 0x01, 0x4A,
    0x01, 0x6A, 0x00, 0xA6, 0x00, 0xA6, 0x00, 0xA6, 0x01, 0x29, 0x01, 0x08, 0x00, 0x64, 0x00, 0x44,
    0x00, 0x43, 0x00, 0x43, 0x00, 0x43, 0x00, 0x65, 0x00, 0x64, 0x01, 0x08, 0x01, 0x08, 0x00, 0xE8,
    0x00, 0xE7, 0x00, 0x63, 0x00, 0x43, 0x00, 0x43, 0x00, 0x43, 0x00, 0x43, 0x88, 0x00, 0x98, 0x00,
    0x90, 0x00, 0x90, 0x00, 0xA0, 0x00, 0xA0, 0x00, 0xA8, 0x00, 0xE9, 0xC0, 0xE9, 0xE0, 0xF2, 0x60,
    0xE9, 0xE0, 0xF1, 0xE0, 0xFA, 0xA0, 0xFA, 0xA0, 0xE9, 0xC0, 0xC8, 0x40, 0xD0, 0x20, 0xD0, 0x20,
    0xD0, 0x20, 0xFB, 0x40, 0xFA, 0xC0, 0xF2, 0xA0, 0xFA, 0xE0, 0xFA, 0xC0, 0xFB, 0x60, 0xFB, 0x20,
    0xFB, 0x40, 0xFC, 0x60, 0xFC, 0x40, 0xFC, 0x60, 0xFC, 0x00, 0xFC, 0x00, 0xC0, 0x00, 0xC0, 0x00,
    0xB8, 0x00, 0xB8, 0x00, 0xB8, 0x00, 0x88, 0x00, 0x80, 0x00, 0x18, 0x01, 0x28, 0x00, 0x20, 0x01,
    0x28, 0x00, 0x20, 0x01, 0x28, 0x01, 0x38, 0x00, 0x30, 0x01, 0x28, 0x01, 0x28, 0x01, 0x40, 0x00,
    0x00, 0x43, 0x00, 0x02, 0x00, 0x22, 0x00, 0x43, 0x00, 0x23, 0x00, 0x43, 0x00, 0x43, 0x00, 0x23,
    0x00, 0x22, 0x00, 0x22, 0xD8, 0x20, 0xB8, 0x20, 0xFA, 0x80, 0xFA, 0xA0, 0xE9, 0x80, 0x01, 0x2B,
    0x01, 0x4B, 0x01, 0x6A, 0x01, 0x29, 0x01, 0xCD, 0x00, 0xE8, 0x01, 0x08, 0x00, 0x64, 0x00, 0x64,
    0x00, 0x85, 0x00, 0x85, 0x00, 0x85, 0x00, 0x85, 0x00, 0x85, 0x00, 0x64, 0x00, 0x85, 0x00, 0x85,
    0x00, 0x43, 0x00, 0x43, 0x00, 0x43, 0x00, 0x01, 0x00, 0x01, 0x00, 0x01, 0x00, 0x01, 0x70, 0x00,
    0x00, 0xE8, 0x00, 0xE7, 0x01, 0x08, 0x00, 0xE7, 0x01, 0x8B, 0x01, 0xAC, 0x01, 0xCD, 0x01, 0x6A,
    0x01, 0x8B, 0x00, 0x85, 0x00, 0x64, 0x00, 0x85, 0x01, 0x08, 0x00, 0xE8, 0x01, 0x08, 0x00, 0xE7,
    0x00, 0xE7, 0x01, 0x4A, 0x01, 0x2A, 0x01, 0x08, 0x01, 0x8B, 0x01, 0x6A, 0x01, 0x6B, 0x01, 0x6B,
    0x01, 0x08, 0x00, 0x64, 0x00, 0x43, 0x00, 0xA5, 0x00, 0x64, 0x00, 0x64, 0x00, 0x84, 0x00, 0x64,
    0x00, 0x43, 0x00, 0x43, 0x00, 0x43, 0x00, 0x23, 0x00, 0x64, 0x01, 0x08, 0x00, 0xE8, 0x00, 0xE8,
    0x00, 0x22, 0x00, 0x43, 0x00, 0x43, 0x00, 0x43, 0x00, 0x43, 0x90, 0x00, 0x90, 0x00, 0x90, 0x00,
    0x90, 0x00, 0xA8, 0x00, 0xB0, 0x00, 0xB0, 0x00, 0xE9, 0xC0, 0xE9, 0xE0, 0xF2, 0x60, 0xEA, 0x00,
    0xF1, 0xE0, 0xF2, 0x40, 0xF2, 0x40, 0xE9, 0xC0, 0xD0, 0x80, 0xD8, 0xC0, 0xD8, 0xE0, 0xD8, 0xE0,
    0xFB, 0x60, 0xFA, 0xE0, 0xF2, 0xA0, 0xFB, 0x00, 0xFB, 0x00, 0xFB, 0xC0, 0xFB, 0x60, 0xFB, 0xA0,
    0xFC, 0x60, 0xFC, 0x60, 0xFC, 0x40, 0xFC, 0x00, 0xFB, 0xE0, 0xD0, 0x80, 0xD0, 0x60, 0xC8, 0x20,
    0xB8, 0x00, 0xB8, 0x00, 0x90, 0x00, 0x90, 0x00, 0x30, 0x00, 0x38, 0x00, 0x30, 0x00, 0x30, 0x01,
    0x30, 0x00, 0x28, 0x01, 0x30, 0x00, 0x30, 0x00, 0x30, 0x00, 0x30, 0x00, 0x40, 0x00, 0x00, 0x23,
    0x00, 0x22, 0x00, 0x23, 0x00, 0x23, 0x00, 0x23, 0x00, 0x43, 0x00, 0x43, 0x00, 0x22, 0x00, 0x22,
    0x00, 0x22, 0xC0, 0x00, 0x90, 0x20, 0xF1, 0xC0, 0xEA, 0x00, 0xE1, 0x40, 0x01, 0x2C, 0x01, 0x6A,
    0x01, 0x4A, 0x01, 0x2A, 0x01, 0xCC, 0x01, 0x08, 0x01, 0x08, 0x00, 0x85, 0x00, 0x64, 0x00, 0x85,
    0x00, 0x85, 0x00, 0x85, 0x00, 0x85, 0x00, 0x85, 0x00, 0x85, 0x00, 0x85, 0x00, 0x65, 0x00, 0x43,
    0x00, 0x43, 0x00, 0x43, 0x00, 0x00, 0x00, 0x01, 0x00, 0x01, 0x00, 0x01, 0x68, 0x00, 0x01, 0x08,
    0x00, 0xE7, 0x01, 0x08, 0x01, 0x08, 0x01, 0x8B, 0x01, 0xAB, 0x01, 0xAC, 0x01, 0x8B, 0x01, 0x6B,
    0x00, 0x85, 0x00, 0x85, 0x00, 0x85, 0x01, 0x08, 0x01, 0x08, 0x01, 0x07, 0x00, 0xE8, 0x01, 0x08,
    0x01, 0x4A, 0x01, 0x4A, 0x01, 0x08, 0x01, 0x8B, 0x01, 0x6A, 0x01, 0x6B, 0x01, 0x6A, 0x00, 0xE8,
    0x00, 0x85, 0x00, 0x64, 0x00, 0x85, 0x00, 0x84, 0x00, 0x85, 0x00, 0x64, 0x00, 0x43, 0x00, 0x43,
    0x00, 0x43, 0x00, 0x43, 0x00, 0x43, 0x00, 0x85, 0x01, 0x08, 0x00, 0xE8, 0x00, 0xE8, 0xC8, 0x00,
    0xB8, 0x20, 0x00, 0x43, 0x00, 0x43, 0x00, 0x43, 0x00, 0x43, 0x00, 0x22, 0x78, 0x00, 0x80, 0x00,
    0xB0, 0x00, 0xB8, 0x00, 0xB0, 0x20, 0xB8, 0x00, 0xB8, 0x00, 0xC8, 0x60, 0xFA, 0xC0, 0xF2, 0x20,
    0xEA, 0x00, 0xF2, 0x20, 0xD8, 0xC0, 0xD8, 0xA0, 0xD0, 0xA0, 0xC0, 0x20, 0xC0, 0x20, 0xC0, 0x40,
    0xC0, 0x40, 0xC0, 0x20, 0xD0, 0x60, 0xC8, 0x40, 0xD8, 0x80, 0xD8, 0xC0, 0xD8, 0xC0, 0xE0, 0xA0,
    0xD8, 0x80, 0xE1, 0x20, 0xFA, 0x40, 0xF1, 0xE0, 0xC8, 0x40, 0xC8, 0x40, 0xE1, 0x20, 0x98, 0x00,
    0xB0, 0x00, 0x80, 0x00, 0x80, 0x00, 0x58, 0x00, 0x68, 0x00, 0x70, 0x00, 0x58, 0x00, 0x58, 0x00,
    0x60, 0x00, 0x10, 0x01, 0x28, 0x01, 0x20, 0x01, 0x10, 0x02, 0x00, 0x22, 0x00, 0x23, 0x00, 0x22,
    0x00, 0x43, 0x00, 0x43, 0x00, 0x43, 0x00, 0x22, 0x00, 0x22, 0x00, 0x22, 0x00, 0x22, 0x80, 0x00,
    0xFA, 0xA0, 0xF2, 0x80, 0xF2, 0x60, 0xFA, 0x40, 0xB0, 0xA0, 0x01, 0x8C, 0x01, 0x49, 0x01, 0xCC,
    0x01, 0xAC, 0x01, 0xAC, 0x01, 0x49, 0x01, 0x6B, 0x01, 0x6B, 0x01, 0x6A, 0x00, 0xA6, 0x00, 0x85,
    0x00, 0x85, 0x00, 0x85, 0x00, 0x85, 0x00, 0x84, 0x00, 0x85, 0x00, 0x85, 0x00, 0x43, 0x00, 0x23,
    0x00, 0x23, 0x00, 0x00, 0x00, 0x01, 0x00, 0x01, 0x00, 0x01, 0x00, 0x01, 0x90, 0x20, 0x90, 0x40,
    0x00, 0xA6, 0x00, 0x85, 0x00, 0x85, 0x01, 0xEF, 0x01, 0xAC, 0x01, 0x8B, 0x01, 0x8B, 0x00, 0x85,
    0x00, 0xA6, 0x00, 0xA6, 0x00, 0x43, 0x00, 0x44, 0x01, 0x29, 0x00, 0xE7, 0x00, 0xE7, 0x00, 0xA5,
    0x00, 0x85, 0x00, 0xE7, 0x00, 0xE8, 0x00, 0xE8, 0x01, 0x4A, 0x01, 0x4A, 0x01, 0x4A, 0x00, 0xE7,
    0x00, 0xC7, 0x00, 0x23, 0x00, 0x64, 0x00, 0x64, 0x00, 0x64, 0x00, 0x64, 0x00, 0x22, 0x00, 0x23,
    0x00, 0x22, 0x00, 0x22, 0x00, 0x64, 0x01, 0x08, 0x01, 0x08, 0x00, 0xC7, 0xC0, 0x20, 0xC0, 0x40,
    0x00, 0x43, 0x00, 0x43, 0x00, 0x43, 0x00, 0x23, 0x00, 0x22, 0x80, 0x00, 0x80, 0x00, 0xA8, 0x00,
    0xB8, 0x20, 0xB8, 0x20, 0xB8, 0x00, 0xB8, 0x00, 0xC8, 0x80, 0xFA, 0xE0, 0xF2, 0x00, 0xF2, 0x20,
    0xF2, 0x20, 0xD0, 0xA0, 0xD8, 0xC0, 0xD8, 0xA0, 0xB8, 0x00, 0xB8, 0x20, 0xB8, 0x20, 0xC0, 0x20,
    0xC0, 0x20, 0xC8, 0x20, 0xC8, 0x20, 0xD8, 0xC0, 0xD8, 0xC0, 0xD8, 0xA0, 0xD8, 0xC0, 0xD8, 0xC0,
    0xE1, 0x00, 0xFA, 0x20, 0xF1, 0xE0, 0xC8, 0x60, 0xC8, 0x40, 0xE1, 0x20, 0xA0, 0x00, 0xB8, 0x20,
    0x80, 0x00, 0x80, 0x00, 0x58, 0x00, 0x70, 0x00, 0x70, 0x00, 0x58, 0x00, 0x58, 0x00, 0x60, 0x00,
    0x10, 0x01, 0x20, 0x01, 0x20, 0x01, 0x18, 0x01, 0x00, 0x22, 0x00, 0x23, 0x00, 0x43, 0x00, 0x23,
    0x00, 0x22, 0x00, 0x43, 0x00, 0x02, 0x00, 0x22, 0x00, 0x22, 0x00, 0x22, 0x80, 0x00, 0xFA, 0xA0,
    0xF2, 0x20, 0xEA, 0x00, 0xF2, 0x00, 0xB0, 0x80, 0x01, 0x4A, 0x01, 0x29, 0x01, 0xCD, 0x01, 0xCC,
    0x01, 0xCC, 0x01, 0x4A, 0x01, 0x6B, 0x01, 0x6B, 0x01, 0x6A, 0x00, 0xA5, 0x00, 0x85, 0x00, 0x85,
    0x00, 0x85, 0x00, 0x85, 0x00, 0x64, 0x00, 0x64, 0x00, 0x64, 0x00, 0x43, 0x00, 0x43, 0x00, 0x43,
    0x00, 0x01, 0x00, 0x01, 0x00, 0x01, 0x00, 0x01, 0x00, 0x01, 0x90, 0x00, 0x80, 0x00, 0x00, 0xA5,
    0x00, 0x85, 0x00, 0x85, 0x02, 0x0F, 0x01, 0x8B, 0x01, 0x8B, 0x01, 0x6B, 0x00, 0x85, 0x00, 0xA5,
    0x00, 0xA6, 0x00, 0x23, 0x00, 0x43, 0x00, 0xE8, 0x00, 0xC7, 0x00, 0xC7, 0x00, 0xA5, 0x00, 0x85,
    0x00, 0xC7, 0x00, 0xE8, 0x00, 0xE8, 0x01, 0x4A, 0x01, 0x4A, 0x01, 0x4A, 0x00, 0xC7, 0x00, 0xE7,
    0x00, 0x23, 0x00, 0x64, 0x00, 0x64, 0x00, 0x64, 0x00, 0x64, 0x00, 0x02, 0x00, 0x23, 0x00, 0x22,
    0x00, 0x22, 0x00, 0x44, 0x01, 0x08, 0x01, 0x08, 0x00, 0xC6, 0x40, 0x00, 0x40, 0x00, 0x28, 0x01,
    0x20, 0x01, 0x00, 0x23, 0x00, 0x22, 0x00, 0x43, 0x00, 0x23, 0x00, 0x22, 0x60, 0x00, 0x58, 0x00,
    0x58, 0x00, 0x68, 0x00, 0x68, 0x00, 0x70, 0x00, 0xB8, 0x20, 0xB0, 0x00, 0xD9, 0x20, 0xE1, 0x40,
    0xD8, 0xC0, 0xD0, 0x80, 0xD0, 0x80, 0xE0, 0xE0, 0xE1, 0x00, 0xA0, 0x00, 0x98, 0x00, 0xA0, 0x00,
    0xB8, 0x00, 0xB0, 0x00, 0xB8, 0x00, 0xB0, 0x00, 0xA8, 0x00, 0xC0, 0x20, 0xC0, 0x20, 0xC8, 0x20,
    0x88, 0x00, 0xA0, 0x00, 0xD0, 0x80, 0xD0, 0x80, 0xC0, 0x40, 0xC0, 0x40, 0xC8, 0x40, 0xC8, 0x20,
    0xC0, 0x20, 0xC0, 0x20, 0xA8, 0x00, 0xB0, 0x00, 0x90, 0x00, 0x90, 0x00, 0x90, 0x00, 0x08, 0x02,
    0x20, 0x01, 0x00, 0x22, 0x00, 0x22, 0x00, 0x23, 0x00, 0x22, 0x00, 0x22, 0x00, 0x22, 0x00, 0x22,
    0x00, 0x22, 0x88, 0x00, 0x60, 0x00, 0xA8, 0x20, 0x98, 0x00, 0xE9, 0x80, 0xE1, 0x60, 0xE1, 0xA0,
    0x09, 0x6B, 0x01, 0xCC, 0x01, 0xAC, 0x02, 0x0E, 0x01, 0xED, 0x02, 0x0E, 0x01, 0xED, 0x01, 0xAC,
    0x00, 0x22, 0x00, 0x64, 0x00, 0xE7, 0x00, 0xC6, 0x00, 0xC7, 0x00, 0x22, 0x00, 0x44, 0x00, 0x43,
    0x00, 0x43, 0x00, 0x43, 0x00, 0x43, 0x00, 0x43, 0x00, 0x43, 0x00, 0x43, 0x00, 0x85, 0x00, 0x43,
    0x00, 0x43, 0x00, 0x01, 0x00, 0x01, 0x00, 0x01, 0x80, 0x00, 0x70, 0x00, 0x00, 0xA5, 0x00, 0xA6,
    0x00, 0xA6, 0x00, 0x85, 0x00, 0x85, 0x01, 0x8B, 0x01, 0x8B, 0x01, 0x6B, 0x00, 0x64, 0x00, 0xA6,
    0x00, 0x43, 0x00, 0x43, 0x00, 0x43, 0x00, 0xC6, 0x00, 0xC6, 0x00, 0x64, 0x00, 0x64, 0x00, 0x23,
    0x00, 0xC7, 0x00, 0xC6, 0x01, 0x08, 0x01, 0x08, 0x01, 0x4A, 0x00, 0xE7, 0x00, 0xE7, 0x00, 0x44,
    0x00, 0x64, 0x00, 0x64, 0x00, 0x64, 0x00, 0x43, 0x00, 0x02, 0x00, 0x22, 0x00, 0x22, 0x00, 0x22,
    0x00, 0x22, 0x00, 0x85, 0x00, 0x85, 0x01, 0x08, 0x40, 0x00, 0x38, 0x00, 0x20, 0x01, 0x20, 0x01,
    0x00, 0x23, 0x00, 0x22, 0x00, 0x43, 0x00, 0x23, 0x00, 0x42, 0x60, 0x00, 0x58, 0x00, 0x60, 0x00,
    0x68, 0x00, 0x68, 0x00, 0x70, 0x00, 0xC8, 0x20, 0xA8, 0x00, 0xE1, 0x20, 0xE1, 0x40, 0xD8, 0xC0,
    0xD0, 0xC0, 0xD0, 0xA0, 0xE1, 0x20, 0xE1, 0x20, 0xA0, 0x00, 0xA0, 0x00, 0xA0, 0x00, 0xB8, 0x00,
    0xB0, 0x00, 0xB8, 0x20, 0xA8, 0x00, 0xA8, 0x00, 0xC0, 0x20, 0xC0, 0x20, 0xC0, 0x20, 0x78, 0x00,
    0x90, 0x00, 0xD0, 0x60, 0xD0, 0x60, 0xC8, 0x20, 0xC0, 0x20, 0xC8, 0x20, 0xC8, 0x40, 0xD0, 0x40,
    0xC0, 0x20, 0xA0, 0x00, 0xA8, 0x00, 0x98, 0x00, 0x98, 0x00, 0x90, 0x00, 0x00, 0x02, 0x20, 0x01,
    0x00, 0x22, 0x00, 0x22, 0x00, 0x23, 0x00, 0x22, 0x00, 0x22, 0x00, 0x22, 0x00, 0x22, 0x00, 0x22,
    0x88, 0x20, 0x68, 0x00, 0xA8, 0x20, 0x90, 0x00, 0xE9, 0x80, 0xE1, 0x60, 0xE1, 0xC0, 0x01, 0xAD,
    0x01, 0xCC, 0x01, 0xAC, 0x02, 0x0E, 0x01, 0xED, 0x02, 0x0E, 0x01, 0xED, 0x01, 0xCC, 0x00, 0x01,
    0x00, 0x84, 0x00, 0xC7, 0x00, 0xC6, 0x00, 0xC7, 0x00, 0x22, 0x00, 0x43, 0x00, 0x43, 0x00, 0x43,
    0x00, 0x43, 0x00, 0x43, 0x00, 0x43, 0x00, 0x43, 0x00, 0x43, 0x00, 0x85, 0x00, 0x43, 0x00, 0x43,
    0x00, 0x01, 0x00, 0x01, 0x00, 0x01, 0x90, 0x00, 0x78, 0x00, 0x00, 0x85, 0x00, 0xA6, 0x00, 0xA6,
    0x00, 0x64, 0x00, 0x85, 0x01, 0x8B, 0x01, 0x8B, 0x01, 0x6A, 0x00, 0x64, 0x00, 0xA6, 0x00, 0x43,
    0x00, 0x23, 0x00, 0x43, 0x00, 0xC6, 0x00, 0xA6, 0x00, 0x64, 0x00, 0x64, 0x00, 0x23, 0x00, 0xC7,
    0x00, 0xC6, 0x01, 0x08, 0x01, 0x08, 0x01, 0x4A, 0x00, 0xE8, 0x00, 0xE7, 0x00, 0x44, 0x00, 0x64,
    0x00, 0x64, 0x00, 0x44, 0x00, 0x43, 0x00, 0x22, 0x00, 0x22, 0x00, 0x22, 0x00, 0x22, 0x00, 0x22,
    0x00, 0x65, 0x00, 0xA5, 0x01, 0x08, 0x00, 0x23, 0x00, 0x43, 0x00, 0x22, 0x00, 0x42, 0x00, 0x43,
    0x00, 0x43, 0x00, 0x43, 0x00, 0x43, 0x00, 0x43, 0x00, 0x43, 0x38, 0x00, 0x38, 0x00, 0x68, 0x00,
    0x68, 0x00, 0x60, 0x00, 0x58, 0x00, 0x58, 0x00, 0x58, 0x00, 0x50, 0x00, 0xC0, 0x20, 0xE1, 0x20,
    0xE1, 0x20, 0xE1, 0x40, 0xE1, 0x60, 0xE1, 0x80, 0xE9, 0x80, 0xE9, 0xA0, 0xB8, 0x20, 0xB8, 0x00,
    0x70, 0x00, 0x68, 0x00, 0x68, 0x00, 0x60, 0x00, 0x60, 0x00, 0x68, 0x00, 0x50, 0x00, 0x50, 0x00,
    0x58, 0x00, 0x58, 0x00, 0x98, 0x00, 0x78, 0x00, 0x88, 0x00, 0x78, 0x00, 0x78, 0x00, 0x58, 0x00,
    0x50, 0x00, 0x58, 0x00, 0x48, 0x00, 0x48, 0x00, 0x00, 0x02, 0x00, 0x02, 0x00, 0x22, 0x00, 0x22,
    0x00, 0x22, 0x00, 0x22, 0x00, 0x22, 0x00, 0x23, 0x48, 0x00, 0x50, 0x00, 0x70, 0x00, 0xF9, 0x80,
    0xE1, 0x40, 0xE9, 0xA0, 0xE1, 0x40, 0xE9, 0x80, 0x01, 0x8C, 0x01, 0x6A, 0x01, 0xAC, 0x01, 0xCC,
    0x01, 0xCD, 0x01, 0x6A, 0x01, 0x8B, 0x01, 0x29, 0x00, 0xE8, 0x00, 0x22, 0x00, 0x22, 0x00, 0x43,
    0x00, 0x43, 0x00, 0x43, 0x00, 0x43, 0x00, 0x43, 0x00, 0x43, 0x00, 0x23, 0x00, 0x43, 0x00, 0x64,
    0x00, 0x64, 0x00, 0x43, 0x00, 0x85, 0x00, 0x65, 0x00, 0x43, 0x00, 0x00, 0x00, 0x01, 0x00, 0x01,
    0x00, 0x01, 0x00, 0x01, 0x80, 0x00, 0x60, 0x00, 0x00, 0xA6, 0x00, 0xA5, 0x00, 0xC7, 0x00, 0x44,
    0x00, 0x64, 0x00, 0xC7, 0x00, 0xE7, 0x01, 0x6B, 0x00, 0x44, 0x00, 0xA5, 0x00, 0xA6, 0x00, 0xA6,
    0x00, 0x43, 0x00, 0x23, 0x00, 0x23, 0x00, 0x64, 0x00, 0x64, 0x00, 0x22, 0x00, 0x64, 0x00, 0x64,
    0x01, 0x08, 0x01, 0x08, 0x01, 0x4A, 0x01, 0x4A, 0x01, 0x4A, 0x00, 0x43, 0x00, 0x84, 0x00, 0x43,
    0x00, 0x43, 0x00, 0x43, 0x00, 0x64, 0x00, 0x64, 0x00, 0x43, 0x00, 0x23, 0x00, 0x22, 0x00, 0x23,
    0x00, 0x23, 0x00, 0x85, 0x00, 0x43, 0x00, 0x23, 0x00, 0x23, 0x00, 0x43, 0x00, 0x43, 0x00, 0x43,
    0x00, 0x43, 0x00, 0x43, 0x00, 0x43, 0x00, 0x43, 0x30, 0x01, 0x30, 0x01, 0x68, 0x00, 0x68, 0x00,
    0x58, 0x00, 0x58, 0x00, 0x58, 0x00, 0x58, 0x00, 0x50, 0x00, 0xB8, 0x20, 0xD9, 0x00, 0xD8, 0xE0,
    0xE1, 0x60, 0xE1, 0x60, 0xE9, 0x80, 0xE9, 0xA0, 0xE9, 0xC0, 0xC0, 0x40, 0xB8, 0x00, 0x78, 0x00,
    0x68, 0x00, 0x60, 0x00, 0x60, 0x00, 0x58, 0x00, 0x60, 0x00, 0x48, 0x00, 0x50, 0x00, 0x50, 0x00,
    0x50, 0x00, 0x90, 0x00, 0x78, 0x00, 0x80, 0x00, 0x80, 0x00, 0x80, 0x00, 0x58, 0x00, 0x50, 0x00,
    0x50, 0x00, 0x48, 0x00, 0x48, 0x00, 0x00, 0x22, 0x00, 0x22, 0x00, 0x43, 0x00, 0x22, 0x00, 0x22,
    0x00, 0x22, 0x00, 0x22, 0x00, 0x22, 0x58, 0x00, 0x50, 0x00, 0x78, 0x00, 0xF2, 0x00, 0xE1, 0x40,
    0xE1, 0x40, 0xE1, 0x40, 0xE1, 0x60, 0x01, 0x6D, 0x01, 0x8B, 0x01, 0xAC, 0x01, 0xAC, 0x01, 0xED,
    0x01, 0x6A, 0x01, 0x8A, 0x01, 0x08, 0x01, 0x07, 0x00, 0x43, 0x00, 0x43, 0x00, 0x43, 0x00, 0x43,
    0x00, 0x63, 0x00, 0x64, 0x00, 0x64, 0x00, 0x43, 0x00, 0x43, 0x00, 0x43, 0x00, 0x64, 0x00, 0x64,
    0x00, 0x44, 0x00, 0x85, 0x00, 0x85, 0x00, 0x43, 0x00, 0x00, 0x00, 0x01, 0x00, 0x01, 0x00, 0x01,
    0x00, 0x01, 0x98, 0x00, 0x68, 0x00, 0x00, 0xA6, 0x00, 0xA5, 0x00, 0xC6, 0x00, 0x64, 0x00, 0x65,
    0x00, 0xE7, 0x00, 0xC7, 0x01, 0x8B, 0x00, 0x43, 0x00, 0xA5, 0x00, 0xA6, 0x00, 0xA6, 0x00, 0x43,
    0x00, 0x23, 0x00, 0x43, 0x00, 0x64, 0x00, 0x64, 0x00, 0x22, 0x00, 0x64, 0x00, 0x64, 0x01, 0x29,
    0x01, 0x28, 0x01, 0x4A, 0x01, 0x4A, 0x01, 0x4A, 0x00, 0x23, 0x00, 0x64, 0x00, 0x43, 0x00, 0x23,
    0x00, 0x43, 0x00, 0x64, 0x00, 0x64, 0x00, 0x43, 0x00, 0x43, 0x00, 0x22, 0x00, 0x23, 0x00, 0x22,
    0x00, 0xA5, 0x00, 0x43, 0x00, 0x43, 0x00, 0x43, 0x00, 0x43, 0x00, 0x43, 0x00, 0x43, 0x00, 0x23,
    0x08, 0x22, 0x10, 0x22, 0x00, 0x43, 0x00, 0x23, 0x00, 0x43, 0x00, 0x43, 0x00, 0x43, 0x30, 0x00,
    0x38, 0x00, 0x40, 0x00, 0x00, 0x22, 0x00, 0x22, 0x00, 0x22, 0x68, 0x00, 0x60, 0x00, 0x70, 0x00,
    0x70, 0x00, 0xA0, 0x00, 0xE9, 0x80, 0xE1, 0x60, 0xE1, 0x40, 0xE1, 0x20, 0xF2, 0x40, 0x60, 0x00,
    0x88, 0x00, 0x58, 0x00, 0x50, 0x00, 0x48, 0x00, 0x18, 0x02, 0x20, 0x01, 0x08, 0x22, 0x00, 0x23,
    0x00, 0x42, 0x00, 0x22, 0x00, 0x22, 0x10, 0x22, 0x10, 0x02, 0x18, 0x02, 0x00, 0x23, 0x00, 0x22,
    0x00, 0x22, 0x00, 0x22, 0x00, 0x22, 0x00, 0x23, 0x00, 0x23, 0x00, 0x43, 0x00, 0x43, 0x00, 0x23,
    0xE8, 0x60, 0xB0, 0x40, 0xD0, 0xC0, 0xD8, 0xE0, 0xE9, 0xA0, 0xE9, 0xC0, 0xE1, 0xC0, 0x11, 0xCB,
    0x01, 0xEC, 0x02, 0x4F, 0x01, 0xAC, 0x01, 0xAC, 0x01, 0x8B, 0x01, 0x6B, 0x00, 0xA6, 0x00, 0x02,
    0x00, 0x22, 0x00, 0x23, 0x00, 0x22, 0x00, 0x23, 0x00, 0x85, 0x00, 0x65, 0x00, 0xA5, 0x00, 0x86,
    0x00, 0xA6, 0x00, 0xC6, 0x00, 0xC6, 0x00, 0xA6, 0x00, 0xA5, 0x00, 0x85, 0x00, 0x85, 0x00, 0x85,
    0x00, 0x22, 0x00, 0x23, 0x00, 0x22, 0x00, 0x01, 0x00, 0x01, 0x00, 0x01, 0x00, 0x01, 0x00, 0x01,
    0x00, 0x43, 0x00, 0x22, 0x00, 0xE7, 0x01, 0x08, 0x00, 0xC6, 0x00, 0x64, 0x00, 0x65, 0x00, 0x64,
    0x00, 0x43, 0x01, 0x8B, 0x00, 0xA6, 0x00, 0xE8, 0x00, 0xA6, 0x00, 0xA5, 0x00, 0x64, 0x00, 0x23,
    0x00, 0x43, 0x00, 0x22, 0x00, 0x22, 0x00, 0x02, 0x00, 0x64, 0x00, 0x64, 0x00, 0xE7, 0x00, 0xE7,
    0x00, 0xE8, 0x01, 0x29, 0x01, 0x29, 0x00, 0x85, 0x00, 0xA6, 0x00, 0x44, 0x00, 0x44, 0x00, 0x43,
    0x00, 0x64, 0x00, 0x64, 0x00, 0x23, 0x00, 0x23, 0x00, 0x22, 0x00, 0x01, 0x00, 0x01, 0x00, 0x22,
    0x00, 0x43, 0x00, 0x23, 0x00, 0x43, 0x00, 0x43, 0x00, 0x43, 0x00, 0x23, 0x00, 0x23, 0x10, 0x22,
    0x10, 0x02, 0x00, 0x22, 0x00, 0x43, 0x00, 0x43, 0x00, 0x23, 0x00, 0x43, 0x30, 0x01, 0x40, 0x00,
    0x38, 0x00, 0x00, 0x23, 0x00, 0x22, 0x00, 0x22, 0x80, 0x00, 0x60, 0x00, 0x70, 0x00, 0x70, 0x00,
    0xA8, 0x00, 0xF9, 0xA0, 0xF9, 0xA0, 0xF1, 0xE0, 0xF1, 0xC0, 0xF2, 0xE0, 0x50, 0x00, 0x78, 0x00,
    0x48, 0x00, 0x40, 0x00, 0x48, 0x00, 0x18, 0x02, 0x20, 0x02, 0x08, 0x02, 0x08, 0x22, 0x00, 0x43,
    0x00, 0x23, 0x00, 0x23, 0x20, 0x02, 0x18, 0x01, 0x28, 0x01, 0x00, 0x23, 0x00, 0x23, 0x00, 0x23,
    0x00, 0x22, 0x00, 0x22, 0x00, 0x22, 0x00, 0x23, 0x00, 0x43, 0x00, 0x22, 0x00, 0x22, 0xD0, 0x40,
    0xA0, 0x20, 0xC8, 0xC0, 0xD8, 0xE0, 0xF9, 0xE0, 0xF9, 0x40, 0xF9, 0x60, 0x01, 0xCB, 0x01, 0xAC,
    0x02, 0x2E, 0x01, 0xED, 0x01, 0xED, 0x01, 0xCD, 0x01, 0xAC, 0x00, 0xA6, 0x00, 0x01, 0x00, 0x22,
    0x00, 0x43, 0x00, 0x22, 0x00, 0x22, 0x00, 0x63, 0x00, 0x43, 0x00, 0x64, 0x00, 0x64, 0x00, 0xA6,
    0x00, 0xC6, 0x00, 0xC7, 0x00, 0xC6, 0x00, 0xC7, 0x00, 0xA5, 0x00, 0x85, 0x00, 0x85, 0x00, 0x23,
    0x00, 0x23, 0x00, 0x23, 0x00, 0x00, 0x00, 0x01, 0x00, 0x01, 0x00, 0x01, 0x00, 0x01, 0x00, 0x44,
    0x00, 0x44, 0x01, 0x09, 0x01, 0x08, 0x00, 0xC7, 0x00, 0x64, 0x00, 0x85, 0x00, 0x44, 0x00, 0x43,
    0x01, 0x8B, 0x00, 0xA5, 0x00, 0xA6, 0x00, 0x85, 0x00, 0x85, 0x00, 0x64, 0x00, 0x22, 0x00, 0x23,
    0x00, 0x22, 0x00, 0x22, 0x00, 0x02, 0x00, 0x65, 0x00, 0x64, 0x00, 0xE8, 0x00, 0xC7, 0x00, 0xE8,
    0x01, 0x29, 0x01, 0x29, 0x00, 0x43, 0x00, 0x64, 0x00, 0x64, 0x00, 0x43, 0x00, 0x43, 0x00, 0x64,
    0x00, 0x44, 0x00, 0x23, 0x00, 0x23, 0x00, 0x22, 0x00, 0x01, 0x00, 0x01, 0x00, 0x23, 0x00, 0x23,
    0x00, 0x22, 0x38, 0x01, 0x38, 0x00, 0x00, 0x22, 0x00, 0x43, 0x00, 0x63, 0x00, 0x43, 0x00, 0x43,
    0x00, 0x43, 0x00, 0x43, 0x00, 0x43, 0x00, 0x43, 0x00, 0x23, 0x00, 0x22, 0x00, 0x22, 0x00, 0x22,
    0x00, 0x23, 0x00, 0x43, 0x00, 0x43, 0x38, 0x00, 0x38, 0x00, 0x38, 0x00, 0x38, 0x00, 0x60, 0x00,
    0x60, 0x00, 0x68, 0x00, 0xB0, 0x00, 0xB0, 0x00, 0xD0, 0x80, 0xA8, 0x00, 0xB0, 0x20, 0xE1, 0x60,
    0xE1, 0x40, 0x78, 0x00, 0x08, 0x02, 0x28, 0x01, 0x00, 0x23, 0x00, 0x23, 0x00, 0x43, 0x00, 0x23,
    0x00, 0x43, 0x00, 0x43, 0x00, 0x43, 0x00, 0x43, 0x00, 0x23, 0x00, 0x23, 0x00, 0x22, 0x00, 0x22,
    0x00, 0x23, 0x00, 0x22, 0x00, 0x22, 0x00, 0x22, 0x00, 0x42, 0xC0, 0x80, 0xE9, 0x20, 0xE1, 0x00,
    0xD9, 0x00, 0xD9, 0x20, 0xB8, 0x80, 0x01, 0x4B, 0x01, 0x4A, 0x01, 0x4A, 0x01, 0x6A, 0x02, 0x2E,
    0x00, 0x64, 0x00, 0xA6, 0x00, 0x23, 0x00, 0x43, 0x00, 0x01, 0x00, 0x43, 0x00, 0x22, 0x00, 0x43,
    0x00, 0x44, 0x00, 0xE7, 0x01, 0x29, 0x01, 0x28, 0x01, 0x4A, 0x01, 0x6A, 0x00, 0xC6, 0x00, 0x85,
    0x00, 0x85, 0x00, 0x23, 0x00, 0x22, 0x00, 0x23, 0x00, 0x22, 0x00, 0x22, 0x00, 0x22, 0x00, 0x23,
    0x00, 0x22, 0x00, 0x00, 0x00, 0x01, 0x00, 0x01, 0x00, 0x01, 0x00, 0x01, 0x00, 0x01, 0x00, 0x01,
    0x00, 0xE7, 0x01, 0x08, 0x00, 0xC7, 0x00, 0xA6, 0x00, 0xA6, 0x00, 0x64, 0x00, 0x64, 0x01, 0x6A,
    0x01, 0x08, 0x01, 0x29, 0x01, 0x08, 0x01, 0x08, 0x00, 0xA6, 0x00, 0x85, 0x00, 0x85, 0x00, 0x23,
    0x00, 0x23, 0x00, 0x02, 0x00, 0x01, 0x00, 0x01, 0x00, 0xA5, 0x00, 0x85, 0x00, 0xA6, 0x00, 0xE7,
    0x00, 0xE7, 0x01, 0x4A, 0x01, 0x29, 0x00, 0x64, 0x00, 0x43, 0x00, 0x43, 0x00, 0x43, 0x00, 0x43,
    0x00, 0x44, 0x00, 0x43, 0x00, 0x22, 0x00, 0x01, 0x00, 0x01, 0x00, 0x01, 0x00, 0x23, 0x00, 0x23,
    0x38, 0x01, 0x38, 0x00, 0x00, 0x43, 0x00, 0x44, 0x00, 0x44, 0x00, 0x43, 0x00, 0x43, 0x00, 0x43,
    0x00, 0x43, 0x00, 0x23, 0x00, 0x23, 0x00, 0x43, 0x00, 0x22, 0x00, 0x22, 0x00, 0x23, 0x00, 0x23,
    0x00, 0x43, 0x00, 0x43, 0x40, 0x00, 0x30, 0x01, 0x38, 0x00, 0x38, 0x00, 0x60, 0x00, 0x60, 0x00,
    0x60, 0x00, 0xD0, 0x00, 0xC8, 0x00, 0xE8, 0xC0, 0xC0, 0x20, 0xC0, 0x40, 0xF2, 0x20, 0xF2, 0x00,
    0x78, 0x00, 0x08, 0x21, 0x18, 0x01, 0x00, 0x43, 0x00, 0x44, 0x00, 0x44, 0x00, 0x43, 0x00, 0x23,
    0x00, 0x43, 0x00, 0x43, 0x00, 0x43, 0x00, 0x23, 0x00, 0x22, 0x00, 0x22, 0x00, 0x22, 0x00, 0x22,
    0x00, 0x42, 0x00, 0x02, 0x00, 0x22, 0x00, 0x01, 0xC0, 0x60, 0xF1, 0x00, 0xF9, 0x00, 0xD0, 0xE0,
    0xD1, 0x00, 0xB8, 0x80, 0x01, 0x4B, 0x01, 0x49, 0x01, 0x6A, 0x01, 0x6B, 0x02, 0x90, 0x00, 0x64,
    0x00, 0xC6, 0x00, 0x43, 0x00, 0x43, 0x00, 0x22, 0x00, 0x22, 0x00, 0x02, 0x00, 0x43, 0x00, 0x22,
    0x00, 0xC7, 0x01, 0x28, 0x01, 0x09, 0x01, 0xAC, 0x01, 0xAC, 0x01, 0x08, 0x00, 0xC6, 0x00, 0xA6,
    0x00, 0x43, 0x00, 0x23, 0x00, 0x23, 0x00, 0x22, 0x00, 0x22, 0x00, 0x22, 0x00, 0x02, 0x00, 0x01,
    0x00, 0x00, 0x00, 0x01, 0x00, 0x01, 0x00, 0x01, 0x00, 0x01, 0x00, 0x01, 0x00, 0x01, 0x00, 0xE7,
    0x01, 0x08, 0x00, 0xC7, 0x00, 0xA6, 0x00, 0xA5, 0x00, 0x64, 0x00, 0x43, 0x01, 0x8B, 0x01, 0x29,
    0x01, 0x29, 0x01, 0x08, 0x01, 0x08, 0x00, 0xA6, 0x00, 0x85, 0x00, 0x85, 0x00, 0x43, 0x00, 0x43,
    0x00, 0x02, 0x00, 0x02, 0x00, 0x01, 0x00, 0x86, 0x00, 0x85, 0x00, 0xC6, 0x00, 0xC7, 0x00, 0xE7,
    0x01, 0x29, 0x01, 0x29, 0x00, 0x64, 0x00, 0x43, 0x00, 0x43, 0x00, 0x43, 0x00, 0x43, 0x00, 0x43,
    0x00, 0x43, 0x00, 0x22, 0x00, 0x00, 0x00, 0x01, 0x00, 0x01, 0x00, 0x23, 0x00, 0x43, 0x00, 0x43,
    0x00, 0x23, 0x60, 0x00, 0x88, 0x00, 0x88, 0x00, 0x00, 0x43, 0x00, 0x43, 0x00, 0x43, 0x00, 0x43,
    0x00, 0x43, 0x00, 0x43, 0x00, 0x43, 0x00, 0x43, 0x00, 0x43, 0x00, 0x43, 0x00, 0x43, 0x00, 0x23,
    0x28, 0x01, 0x00, 0x43, 0x00, 0x43, 0x00, 0x43, 0x00, 0x43, 0x50, 0x00, 0x50, 0x00, 0x58, 0x00,
    0x48, 0x00, 0x40, 0x00, 0x60, 0x00, 0x78, 0x00, 0x78, 0x00, 0x98, 0x00, 0x98, 0x00, 0xA0, 0x00,
    0xB8, 0x00, 0xB8, 0x00, 0x78, 0x00, 0x78, 0x00, 0x58, 0x00, 0x40, 0x00, 0x48, 0x00, 0x00, 0x42,
    0x00, 0x42, 0x00, 0x43, 0x00, 0x23, 0x00, 0x22, 0x00, 0x22, 0x00, 0x22, 0x38, 0x00, 0xB8, 0x00,
    0xA0, 0x00, 0xC8, 0x80, 0xC8, 0x80, 0xD9, 0x40, 0x01, 0x0A, 0x01, 0x09, 0xD1, 0x20, 0xD9, 0x40,
    0x01, 0xCC, 0x01, 0x08, 0x01, 0x49, 0x01, 0x08, 0x01, 0x49, 0x00, 0x85, 0x00, 0x00, 0x00, 0x01,
    0x00, 0x01, 0x00, 0x01, 0x00, 0x22, 0x00, 0xC7, 0x00, 0xA6, 0x01, 0x08, 0x01, 0x08, 0x01, 0x49,
    0x01, 0x09, 0x01, 0x29, 0x00, 0x85, 0x00, 0x64, 0x00, 0x01, 0x00, 0x01, 0x00, 0x02, 0x00, 0x22,
    0x00, 0x23, 0x00, 0x02, 0x00, 0x01, 0x00, 0x01, 0x00, 0x01, 0x00, 0x01, 0x00, 0x01, 0x00, 0x01,
    0x00, 0x01, 0x00, 0x01, 0x00, 0x01, 0x00, 0x01, 0x00, 0x01, 0x00, 0x01, 0x00, 0xA6, 0x00, 0xC6,
    0x00, 0xC7, 0x00, 0xA6, 0x00, 0xA6, 0x00, 0x64, 0x00, 0x64, 0x00, 0xA6, 0x01, 0x29, 0x01, 0x08,
    0x01, 0x6B, 0x01, 0x6A, 0x00, 0xC7, 0x00, 0x85, 0x00, 0x85, 0x00, 0x63, 0x00, 0x43, 0x00, 0x02,
    0x00, 0x01, 0x00, 0x01, 0x00, 0x01, 0x00, 0x01, 0x00, 0x85, 0x00, 0x85, 0x00, 0xA6, 0x01, 0x6A,
    0x01, 0x29, 0x00, 0x64, 0x00, 0x65, 0x00, 0x43, 0x00, 0x64, 0x00, 0x44, 0x00, 0x44, 0x00, 0x43,
    0x00, 0x43, 0x00, 0x00, 0x00, 0x01, 0x00, 0x01, 0x00, 0x23, 0x00, 0x43, 0x00, 0x43, 0x00, 0x23,
    0x78, 0x00, 0x88, 0x00, 0x98, 0x00, 0x00, 0x22, 0x00, 0x22, 0x00, 0x43, 0x00, 0x43, 0x00, 0x43,
    0x00, 0x43, 0x00, 0x43, 0x00, 0x43, 0x10, 0x02, 0x00, 0x23, 0x00, 0x23, 0x00, 0x43, 0x10, 0x02,
    0x00, 0x43, 0x00, 0x43, 0x00, 0x43, 0x00, 0x63, 0x48, 0x00, 0x48, 0x00, 0x50, 0x00, 0x48, 0x00,
    0x48, 0x00, 0x60, 0x00, 0x70, 0x00, 0x70, 0x00, 0x90, 0x00, 0x90, 0x00, 0xA8, 0x00, 0xC8, 0x00,
    0xD0, 0x00, 0x78, 0x00, 0x78, 0x00, 0x68, 0x00, 0x48, 0x00, 0x40, 0x00, 0x00, 0x23, 0x00, 0x43,
    0x00, 0x43, 0x00, 0x22, 0x00, 0x42, 0x00, 0x02, 0x00, 0x02, 0x28, 0x00, 0xB0, 0x00, 0xA0, 0x00,
    0xB0, 0x20, 0xB8, 0xA0, 0xF1, 0x40, 0x01, 0x09, 0x01, 0x4A, 0xD0, 0xC0, 0xD8, 0xE0, 0x01, 0x8B,
    0x01, 0x08, 0x01, 0x08, 0x00, 0x43, 0x00, 0x23, 0x00, 0x85, 0x00, 0x00, 0x00, 0x01, 0x00, 0x01,
    0x00, 0x01, 0x00, 0x01, 0x00, 0xC6, 0x00, 0xC6, 0x01, 0x28, 0x00, 0xE8, 0x01, 0x29, 0x01, 0x29,
    0x01, 0x29, 0x00, 0x65, 0x00, 0x85, 0x00, 0x01, 0x00, 0x01, 0x00, 0x01, 0x00, 0x01, 0x00, 0x01,
    0x00, 0x01, 0x00, 0x01, 0x00, 0x01, 0x00, 0x01, 0x00, 0x01, 0x00, 0x01, 0x00, 0x00, 0x00, 0x01,
    0x00, 0x01, 0x00, 0x01, 0x00, 0x01, 0x00, 0x01, 0x00, 0x01, 0x00, 0xA6, 0x00, 0xC7, 0x00, 0xE7,
    0x00, 0x85, 0x00, 0x85, 0x00, 0x65, 0x00, 0x64, 0x00, 0xA6, 0x01, 0x29, 0x01, 0x08, 0x01, 0x4A,
    0x01, 0x49, 0x00, 0xE7, 0x00, 0x43, 0x00, 0x64, 0x00, 0x43, 0x00, 0x23, 0x00, 0x01, 0x00, 0x01,
    0x00, 0x01, 0x00, 0x01, 0x00, 0x01, 0x00, 0x64, 0x00, 0xA5, 0x00, 0xA6, 0x01, 0x6B, 0x01, 0x29,
    0x00, 0x44, 0x00, 0x64, 0x00, 0x43, 0x00, 0x64, 0x00, 0x64, 0x00, 0x43, 0x00, 0x43, 0x00, 0x43,
    0x00, 0x00, 0x00, 0x01, 0x00, 0x01, 0x00, 0x64, 0x00, 0x64, 0x00, 0x64, 0x00, 0x63, 0x00, 0x43,
    0x00, 0x43, 0x00, 0x43, 0x70, 0x00, 0x78, 0x00, 0x00, 0x43, 0x00, 0x43, 0x00, 0x43, 0x00, 0x43,
    0x00, 0x43, 0x00, 0x43, 0x38, 0x00, 0x28, 0x01, 0x00, 0x43, 0x00, 0x43, 0x00, 0x43, 0x00, 0x43,
    0x00, 0x43, 0x00, 0x63, 0x00, 0x43, 0x00, 0x43, 0x28, 0x01, 0x28, 0x01, 0x30, 0x00, 0x28, 0x00,
    0x50, 0x00, 0xA8, 0x00, 0x90, 0x00, 0x90, 0x00, 0x90, 0x00, 0x38, 0x00, 0x30, 0x00, 0x30, 0x00,
    0x30, 0x00, 0x30, 0x00, 0x28, 0x01, 0x00, 0x22, 0x00, 0x22, 0x00, 0x43, 0x00, 0x43, 0x00, 0x43,
    0x00, 0x02, 0x00, 0x02, 0x38, 0x00, 0x38, 0x00, 0xD0, 0xC0, 0xE1, 0x60, 0xE1, 0x00, 0xE1, 0x60,
    0xD9, 0x60, 0x01, 0x6A, 0x01, 0x4A, 0x01, 0x6A, 0x01, 0x4A, 0x01, 0x4A, 0x00, 0xE7, 0x00, 0x64,
    0x00, 0x64, 0x00, 0x01, 0x00, 0x01, 0x00, 0x02, 0x00, 0x22, 0x00, 0x01, 0x00, 0x22, 0x00, 0x22,
    0x00, 0xE7, 0x01, 0x08, 0x01, 0x07, 0x01, 0x08, 0x01, 0x08, 0x01, 0x08, 0x00, 0x00, 0x00, 0x01,
    0x00, 0x01, 0x00, 0x01, 0x00, 0x22, 0x00, 0x01, 0x00, 0x01, 0x00, 0x01, 0x00, 0x01, 0x00, 0x01,
    0x00, 0x01, 0x00, 0x01, 0x00, 0x01, 0x00, 0x01, 0x00, 0x01, 0x00, 0x01, 0x00, 0x01, 0x00, 0x01,
    0x00, 0x01, 0x00, 0x00, 0x00, 0x01, 0x00, 0x01, 0x00, 0x01, 0x00, 0x01, 0x01, 0x08, 0x00, 0xE7,
    0x00, 0xE7, 0x00, 0x85, 0x00, 0x64, 0x00, 0x85, 0x01, 0x08, 0x00, 0xE7, 0x01, 0x08, 0x01, 0x08,
    0x01, 0x29, 0x00, 0x85, 0x00, 0xA5, 0x00, 0x85, 0x00, 0x85, 0x00, 0x02, 0x00, 0x01, 0x00, 0x01,
    0x00, 0x01, 0x00, 0x01, 0x00, 0x01, 0x00, 0x84, 0x00, 0xA6, 0x00, 0xA6, 0x00, 0xC6, 0x00, 0xC7,
    0x00, 0xC6, 0x00, 0x64, 0x00, 0x22, 0x00, 0x22, 0x00, 0x43, 0x00, 0x43, 0x00, 0x43, 0x00, 0x01,
    0x00, 0x01, 0x00, 0x01, 0x00, 0x23, 0x00, 0x23, 0x00, 0x43, 0x00, 0x44, 0x00, 0x43, 0x00, 0x43,
    0x00, 0x23, 0x00, 0x65, 0x00, 0x44, 0x00, 0x43, 0x00, 0x64, 0x00, 0x63, 0x00, 0x43, 0x00, 0x43,
    0x00, 0x43, 0x00, 0x22, 0x00, 0x22, 0x28, 0x01, 0x28, 0x01, 0x28, 0x01, 0x28, 0x01, 0x28, 0x01,
    0x00, 0x23, 0x00, 0x23, 0x00, 0x43, 0x00, 0x44, 0x00, 0x43, 0x00, 0x43, 0x00, 0x23, 0x00, 0x23,
    0x00, 0x22, 0x00, 0x23, 0x00, 0x23, 0x00, 0x23, 0x00, 0x22, 0x00, 0x22, 0x00, 0x22, 0x00, 0x22,
    0x00, 0x23, 0x00, 0x22, 0x00, 0x43, 0x00, 0x43, 0x00, 0x22, 0x00, 0x22, 0x00, 0x22, 0x00, 0x22,
    0x00, 0x23, 0xC0, 0x20, 0xC0, 0x40, 0x98, 0x20, 0x00, 0x66, 0x00, 0xA8, 0x01, 0x2A, 0x00, 0xEA,
    0x01, 0xAC, 0x01, 0xAC, 0x01, 0xAC, 0x00, 0xE8, 0x01, 0x08, 0x00, 0x01, 0x00, 0x00, 0x00, 0x01,
    0x00, 0x01, 0x00, 0x01, 0x00, 0x43, 0x00, 0xA6, 0x00, 0xA6, 0x00, 0xE8, 0x00, 0xE8, 0x00, 0xC6,
    0x00, 0x00, 0x00, 0x00, 0x00, 0x00, 0x00, 0x00, 0x00, 0x00, 0x00, 0x00, 0x00, 0x01, 0x00, 0x23,
    0x00, 0x22, 0x00, 0x23, 0x00, 0x00, 0x00, 0x01, 0x00, 0x01, 0x00, 0x01, 0x00, 0x01, 0x00, 0x01,
    0x00, 0x01, 0x00, 0x01, 0x00, 0x01, 0x00, 0x01, 0x00, 0x01, 0x00, 0x01, 0x00, 0x01, 0x00, 0x01,
    0x00, 0x01, 0x00, 0x01, 0x00, 0x01, 0x00, 0x01, 0x00, 0x00, 0x01, 0x08, 0x00, 0xE7, 0x00, 0xC7,
    0x00, 0xC7, 0x00, 0xC6, 0x00, 0x64, 0x00, 0xC6, 0x00, 0xC6, 0x01, 0x07, 0x00, 0xE8, 0x01, 0x08,
    0x00, 0xC6, 0x00, 0xC7, 0x00, 0x64, 0x00, 0x43, 0x00, 0x64, 0x00, 0x00, 0x00, 0x01, 0x00, 0x01,
    0x00, 0x01, 0x00, 0x01, 0x00, 0x02, 0x00, 0x22, 0x00, 0xC6, 0x00, 0xA6, 0x00, 0xC6, 0x00, 0xA6,
    0x00, 0x85, 0x00, 0x22, 0x00, 0x23, 0x00, 0x43, 0x00, 0x23, 0x00, 0x43, 0x00, 0x23, 0x00, 0x23,
    0x00, 0x01, 0x00, 0x43, 0x00, 0x23, 0x00, 0x44, 0x00, 0x44, 0x00, 0x43, 0x00, 0x43, 0x00, 0x23,
    0x00, 0x43, 0x00, 0x63, 0x00, 0x43, 0x00, 0x64, 0x00, 0x43, 0x00, 0x44, 0x00, 0x43, 0x00, 0x43,
    0x00, 0x22, 0x00, 0x22, 0x20, 0x01, 0x20, 0x01, 0x18, 0x01, 0x28, 0x01, 0x28, 0x01, 0x00, 0x43,
    0x00, 0x43, 0x00, 0x43, 0x00, 0x43, 0x00, 0x43, 0x00, 0x43, 0x00, 0x43, 0x00, 0x43, 0x00, 0x23,
    0x00, 0x23, 0x00, 0x22, 0x00, 0x23, 0x00, 0x22, 0x00, 0x22, 0x00, 0x02, 0x00, 0x22, 0x00, 0x22,
    0x00, 0x22, 0x00, 0x22, 0x00, 0x22, 0x00, 0x22, 0x00, 0x23, 0x00, 0x22, 0x00, 0x22, 0x00, 0x42,
    0xB0, 0x40, 0xB0, 0x40, 0xA8, 0x60, 0x09, 0x09, 0x01, 0x49, 0x01, 0x8C, 0x01, 0x8B, 0x01, 0x8B,
    0x01, 0xAB, 0x01, 0xAC, 0x01, 0x08, 0x00, 0xE8, 0x00, 0x01, 0x00, 0x01, 0x00, 0x01, 0x00, 0x01,
    0x00, 0x01, 0x08, 0x43, 0x00, 0x85, 0x00, 0x85, 0x00, 0xE7, 0x00, 0xE7, 0x00, 0xE7, 0x00, 0x00,
    0x00, 0x01, 0x00, 0x01, 0x00, 0x01, 0x00, 0x01, 0x00, 0x01, 0x00, 0x01, 0x00, 0x43, 0x00, 0x43,
    0x00, 0x23, 0x00, 0x01, 0x00, 0x01, 0x00, 0x01, 0x00, 0x01, 0x00, 0x01, 0x00, 0x01, 0x00, 0x01,
    0x00, 0x01, 0x00, 0x01, 0x00, 0x01, 0x00, 0x01, 0x00, 0x01, 0x00, 0x01, 0x00, 0x01, 0x00, 0x01,
    0x00, 0x00, 0x00, 0x01, 0x00, 0x01, 0x00, 0x01, 0x01, 0x08, 0x00, 0xC7, 0x00, 0xC7, 0x00, 0xC7,
    0x00, 0xC7, 0x00, 0x84, 0x00, 0xC7, 0x00, 0xC7, 0x00, 0xE8, 0x00, 0xE8, 0x01, 0x08, 0x00, 0xC6,
    0x00, 0xC6, 0x00, 0x64, 0x00, 0x64, 0x00, 0x43, 0x00, 0x00, 0x00, 0x01, 0x00, 0x01, 0x00, 0x01,
    0x00, 0x01, 0x00, 0x23, 0x00, 0x43, 0x00, 0xC6, 0x00, 0xA6, 0x00, 0xC6, 0x00, 0xC6, 0x00, 0x85,
    0x00, 0x22, 0x00, 0x43, 0x00, 0x43, 0x00, 0x43, 0x00, 0x43, 0x00, 0x23, 0x00, 0x23, 0x00, 0x01,
    0x00, 0x64, 0x00, 0x64, 0x00, 0x64, 0x00, 0x64, 0x00, 0x64, 0x00, 0x64, 0x00, 0x43, 0x00, 0x64,
    0x00, 0x64, 0x00, 0x43, 0x00, 0x64, 0x00, 0x64, 0x00, 0x43, 0x00, 0x63, 0x00, 0x43, 0x00, 0x43,
    0x00, 0x23, 0x00, 0x43, 0x00, 0x23, 0x00, 0x43, 0xD0, 0x00, 0xB0, 0x20, 0x28, 0x01, 0x28, 0x01,
    0x18, 0x01, 0x00, 0x23, 0x00, 0x22, 0x00, 0x43, 0x00, 0x43, 0x00, 0x43, 0x00, 0x23, 0x00, 0x23,
    0x00, 0x43, 0x00, 0x43, 0x00, 0x43, 0x00, 0x43, 0x00, 0x43, 0x00, 0x63, 0x00, 0x43, 0x00, 0x43,
    0x00, 0x22, 0x00, 0x23, 0x00, 0x23, 0x00, 0x23, 0x00, 0x22, 0x00, 0x22, 0x00, 0x02, 0x00, 0x23,
    0x00, 0x43, 0x00, 0x44, 0x00, 0xC7, 0x01, 0x08, 0x00, 0xC6, 0x00, 0x85, 0x00, 0x00, 0x00, 0x00,
    0x00, 0x00, 0x00, 0x01, 0x00, 0x00, 0x00, 0x01, 0x00, 0x02, 0x00, 0x01, 0x88, 0x20, 0x98, 0x40,
    0x68, 0x00, 0x00, 0xE8, 0x00, 0xE7, 0x00, 0xC7, 0x00, 0xE7, 0x00, 0x00, 0x00, 0x01, 0x00, 0x01,
    0x00, 0x01, 0x00, 0x01, 0x00, 0x43, 0x00, 0x43, 0x00, 0x23, 0x00, 0x43, 0x00, 0x23, 0x00, 0x01,
    0x00, 0x01, 0x00, 0x01, 0x00, 0x01, 0x00, 0x00, 0x00, 0x01, 0x00, 0x01, 0x00, 0x01, 0x00, 0x01,
    0x00, 0x01, 0x00, 0x01, 0x00, 0x01, 0x00, 0x01, 0x00, 0x01, 0x00, 0x01, 0x00, 0x01, 0x00, 0x01,
    0x00, 0x01, 0x00, 0x01, 0x00, 0x01, 0x01, 0x08, 0x01, 0x29, 0x01, 0x29, 0x00, 0xE7, 0x00, 0xC6,
    0x00, 0x44, 0x00, 0x22, 0x00, 0x43, 0x00, 0xC7, 0x01, 0x08, 0x01, 0x08, 0x01, 0x49, 0x01, 0x29,
    0x00, 0x84, 0x00, 0x64, 0x00, 0x64, 0x00, 0x00, 0x00, 0x01, 0x00, 0x01, 0x00, 0x01, 0x00, 0x01,
    0x00, 0x01, 0x00, 0x01, 0x00, 0xA6, 0x00, 0x85, 0x00, 0xA6, 0x00, 0xA6, 0x00, 0x85, 0x00, 0x22,
    0x00, 0x43, 0x00, 0x01, 0x00, 0x01, 0x00, 0x43, 0x00, 0x43, 0x00, 0x43, 0x00, 0x01, 0x00, 0x64,
    0x00, 0x64, 0x00, 0x64, 0x00, 0x63, 0x00, 0x43, 0x00, 0x43, 0x00, 0x43, 0x00, 0x64, 0x00, 0x64,
    0x00, 0x43, 0x00, 0x64, 0x00, 0x43, 0x00, 0x44, 0x00, 0x43, 0x00, 0x43, 0x00, 0x43, 0x00, 0x43,
    0x00, 0x22, 0x00, 0x22, 0x00, 0x43, 0xB8, 0x20, 0xA8, 0x00, 0x28, 0x01, 0x28, 0x00, 0x18, 0x01,
    0x00, 0x23, 0x00, 0x43, 0x00, 0x63, 0x00, 0x43, 0x00, 0x23, 0x00, 0x22, 0x00, 0x22, 0x00, 0x23,
    0x00, 0x23, 0x00, 0x43, 0x00, 0x43, 0x00, 0x43, 0x00, 0x64, 0x00, 0x44, 0x00, 0x43, 0x00, 0x43,
    0x00, 0x23, 0x00, 0x23, 0x00, 0x23, 0x00, 0x22, 0x00, 0x22, 0x00, 0x22, 0x00, 0x22, 0x00, 0x02,
    0x00, 0x63, 0x01, 0x08, 0x00, 0xE7, 0x00, 0xA6, 0x00, 0x85, 0x00, 0x01, 0x00, 0x01, 0x00, 0x01,
    0x00, 0x01, 0x00, 0x01, 0x00, 0x01, 0x00, 0x01, 0x00, 0x02, 0x80, 0x00, 0x80, 0x00, 0x60, 0x00,
    0x00, 0xC7, 0x00, 0xC7, 0x00, 0xC7, 0x00, 0xE7, 0x00, 0x01, 0x00, 0x01, 0x00, 0x01, 0x00, 0x01,
    0x00, 0x01, 0x00, 0x43, 0x00, 0x23, 0x00, 0x43, 0x00, 0x23, 0x00, 0x43, 0x00, 0x01, 0x00, 0x01,
    0x00, 0x01, 0x00, 0x01, 0x00, 0x01, 0x00, 0x01, 0x00, 0x01, 0x00, 0x01, 0x00, 0x01, 0x00, 0x01,
    0x00, 0x01, 0x00, 0x01, 0x00, 0x01, 0x00, 0x01, 0x00, 0x00, 0x00, 0x01, 0x00, 0x01, 0x00, 0x01,
    0x00, 0x01, 0x00, 0x01, 0x01, 0x08, 0x01, 0x29, 0x01, 0x29, 0x00, 0xE7, 0x00, 0xC7, 0x00, 0x44,
    0x00, 0x43, 0x00, 0x43, 0x00, 0xC7, 0x00, 0xE8, 0x01, 0x08, 0x01, 0x29, 0x01, 0x29, 0x00, 0x64,
    0x00, 0x64, 0x00, 0x64, 0x00, 0x43, 0x00, 0x43, 0x00, 0x01, 0x00, 0x01, 0x00, 0x01, 0x00, 0x01,
    0x00, 0x01, 0x00, 0xA6, 0x00, 0x65, 0x00, 0xA6, 0x00, 0xC6, 0x00, 0x84, 0x00, 0x22, 0x00, 0x43,
    0x00, 0x01, 0x00, 0x01, 0x00, 0x43, 0x00, 0x23, 0x00, 0x43, 0x00, 0x01, 0x00, 0x43, 0x00, 0x43,
    0x00, 0x43, 0x00, 0x43, 0x00, 0x64, 0x00, 0x64, 0x00, 0x64, 0x00, 0x64, 0x00, 0x64, 0x00, 0x43,
    0x00, 0x43, 0x00, 0x43, 0x00, 0x23, 0x00, 0x23, 0x00, 0x64, 0x00, 0x43, 0x00, 0x43, 0x00, 0x43,
    0x00, 0x44, 0x00, 0x43, 0x00, 0x23, 0x00, 0x23, 0x18, 0x01, 0x18, 0x01, 0x18, 0x02, 0x00, 0x43,
    0x00, 0x43, 0x00, 0x43, 0x00, 0x43, 0x00, 0x43, 0x00, 0x43, 0x00, 0x64, 0x00, 0x23, 0x00, 0x43,
    0x00, 0x43, 0x00, 0x43, 0x00, 0x43, 0x00, 0x64, 0x00, 0x64, 0x00, 0x43, 0x00, 0x22, 0x00, 0x43,
    0x00, 0x22, 0x00, 0x23, 0x00, 0x23, 0x00, 0x01, 0x00, 0x02, 0x00, 0x21, 0x00, 0x01, 0x00, 0x22,
    0x00, 0x02, 0x00, 0x02, 0x00, 0x01, 0x00, 0x01, 0x00, 0x01, 0x00, 0x01, 0x00, 0x01, 0x00, 0x01,
    0x00, 0x22, 0x50, 0x00, 0xA8, 0x40, 0x90, 0x20, 0x90, 0x20, 0x98, 0x20, 0x00, 0xE8, 0x00, 0x85,
    0x00, 0x85, 0x00, 0x01, 0x00, 0x01, 0x00, 0x01, 0x00, 0x64, 0x00, 0x44, 0x00, 0x64, 0x00, 0x63,
    0x00, 0x01, 0x00, 0x01, 0x00, 0x01, 0x00, 0x01, 0x00, 0x01, 0x00, 0x01, 0x00, 0x01, 0x00, 0x01,
    0x00, 0x23, 0x00, 0x43, 0x00, 0x01, 0x00, 0x01, 0x00, 0x01, 0x00, 0x01, 0x00, 0x01, 0x00, 0x01,
    0x00, 0x01, 0x00, 0x01, 0x00, 0x01, 0x00, 0x01, 0x00, 0x01, 0x00, 0x01, 0x00, 0x01, 0x00, 0x01,
    0x00, 0x01, 0x00, 0x01, 0x01, 0x6B, 0x01, 0x28, 0x00, 0xE7, 0x00, 0xE7, 0x00, 0x43, 0x00, 0x43,
    0x00, 0x43, 0x00, 0x43, 0x00, 0x44, 0x00, 0xE8, 0x01, 0x4A, 0x01, 0x29, 0x00, 0xC6, 0x00, 0xC6,
    0x00, 0x64, 0x00, 0x63, 0x00, 0x43, 0x00, 0x43, 0x00, 0x43, 0x00, 0x01, 0x00, 0x01, 0x00, 0x01,
    0x00, 0x02, 0x00, 0x02, 0x00, 0x85, 0x00, 0x85, 0x00, 0x85, 0x00, 0x64, 0x00, 0x64, 0x00, 0x23,
    0x00, 0x23, 0x00, 0x01, 0x00, 0x23, 0x00, 0x23, 0x00, 0x23, 0x00, 0x43, 0x00, 0x44, 0x00, 0x43,
    0x00, 0x43, 0x00, 0x64, 0x00, 0x64, 0x00, 0x64, 0x00, 0x64, 0x00, 0x64, 0x00, 0x64, 0x00, 0x43,
    0x00, 0x43, 0x00, 0x43, 0x00, 0x43, 0x00, 0x64, 0x00, 0x64, 0x00, 0x64, 0x00, 0x63, 0x00, 0x44,
    0x00, 0x43, 0x00, 0x22, 0x00, 0x22, 0x18, 0x01, 0x18, 0x01, 0x10, 0x02, 0x00, 0x43, 0x00, 0x43,
    0x00, 0x43, 0x00, 0x43, 0x00, 0x22, 0x00, 0x43, 0x00, 0x43, 0x00, 0x23, 0x00, 0x23, 0x00, 0x43,
    0x00, 0x43, 0x00, 0x43, 0x00, 0x63, 0x00, 0x43, 0x00, 0x43, 0x00, 0x22, 0x00, 0x23, 0x00, 0x23,
    0x00, 0x43, 0x00, 0x43, 0x00, 0x22, 0x00, 0x22, 0x00, 0x02, 0x00, 0x02, 0x00, 0x02, 0x00, 0x01,
    0x00, 0x22, 0x00, 0x01, 0x00, 0x01, 0x00, 0x01, 0x00, 0x01, 0x00, 0x21, 0x00, 0x02, 0x00, 0x22,
    0x50, 0x00, 0xA0, 0x20, 0x98, 0x20, 0x90, 0x20, 0xA0, 0x20, 0x00, 0xE7, 0x00, 0x85, 0x00, 0xA5,
    0x00, 0x01, 0x00, 0x01, 0x00, 0x01, 0x00, 0x64, 0x00, 0x64, 0x00, 0x44, 0x00, 0x44, 0x00, 0x01,
    0x00, 0x01, 0x00, 0x01, 0x00, 0x01, 0x00, 0x01, 0x00, 0x01, 0x00, 0x01, 0x00, 0x01, 0x00, 0x23,
    0x00, 0x43, 0x00, 0x01, 0x00, 0x01, 0x00, 0x01, 0x00, 0x01, 0x00, 0x01, 0x00, 0x01, 0x00, 0x01,
    0x00, 0x01, 0x00, 0x01, 0x00, 0x01, 0x00, 0x01, 0x00, 0x01, 0x00, 0x01, 0x00, 0x01, 0x00, 0x01,
    0x00, 0x01, 0x01, 0x6B, 0x01, 0x28, 0x00, 0xE7, 0x00, 0xE7, 0x00, 0x64, 0x00, 0x43, 0x00, 0x43,
    0x00, 0x43, 0x00, 0x43, 0x00, 0xE8, 0x01, 0x6A, 0x01, 0x49, 0x00, 0xC7, 0x00, 0xC7, 0x00, 0x44,
    0x00, 0x43, 0x00, 0x43, 0x00, 0x44, 0x00, 0x43, 0x00, 0x01, 0x00, 0x01, 0x00, 0x01, 0x00, 0x01,
    0x00, 0x01, 0x00, 0x85, 0x00, 0x85, 0x00, 0x85, 0x00, 0x64, 0x00, 0x64, 0x00, 0x23, 0x00, 0x23,
    0x00, 0x01, 0x00, 0x43, 0x00, 0x43, 0x00, 0x23, 0x00, 0xA6, 0x00, 0xC6, 0x00, 0x43, 0x00, 0x63,
    0x00, 0x43, 0x00, 0xA5, 0x00, 0xA5, 0x00, 0x44, 0x00, 0x64, 0x00, 0x43, 0x00, 0x43, 0x00, 0x43,
    0x00, 0x43, 0x00, 0x43, 0x00, 0x43, 0x00, 0x43, 0x00, 0x22, 0x00, 0x23, 0x00, 0x43, 0x00, 0x43,
    0x00, 0x43, 0x00, 0x23, 0x00, 0x43, 0x00, 0x64, 0x00, 0x43, 0x00, 0x43, 0x00, 0x43, 0x00, 0x43,
    0x00, 0x43, 0x50, 0x00, 0x48, 0x00, 0x58, 0x00, 0x48, 0x00, 0x48, 0x00, 0x00, 0x43, 0x00, 0x44,
    0x00, 0x84, 0x00, 0x23, 0x00, 0x23, 0x00, 0x22, 0x00, 0x43, 0x00, 0x43, 0x00, 0x43, 0x00, 0x43,
    0x00, 0x22, 0x00, 0x01, 0x00, 0x22, 0x00, 0x22, 0x00, 0x22, 0x00, 0x02, 0x00, 0x01, 0x00, 0x01,
    0x00, 0x01, 0x00, 0x01, 0x00, 0x01, 0x40, 0x01, 0x40, 0x01, 0x98, 0x20, 0xA8, 0x00, 0xD8, 0x80,
    0xC8, 0x60, 0xD0, 0x60, 0x00, 0x86, 0x01, 0x09, 0x00, 0xC6, 0x00, 0x00, 0x00, 0x00, 0x00, 0x01,
    0x00, 0x01, 0x00, 0x85, 0x00, 0x84, 0x00, 0x84, 0x00, 0x01, 0x00, 0x01, 0x00, 0x02, 0x00, 0x00,
    0x00, 0x01, 0x00, 0x01, 0x00, 0x01, 0x00, 0x01, 0x00, 0x01, 0x00, 0x01, 0x00, 0x44, 0x00, 0x64,
    0x00, 0x01, 0x00, 0x01, 0x00, 0x01, 0x00, 0x01, 0x00, 0x01, 0x00, 0x01, 0x00, 0x01, 0x00, 0x01,
    0x00, 0x01, 0x00, 0x01, 0x00, 0x01, 0x00, 0x01, 0x00, 0x01, 0x00, 0x01, 0x00, 0x01, 0x00, 0x01,
    0x01, 0x4A, 0x01, 0x29, 0x00, 0xE7, 0x00, 0xE7, 0x00, 0xC6, 0x00, 0x23, 0x00, 0x43, 0x00, 0x22,
    0x00, 0x22, 0x00, 0x64, 0x01, 0x29, 0x01, 0x08, 0x01, 0x09, 0x01, 0x08, 0x00, 0x44, 0x00, 0x63,
    0x00, 0x43, 0x00, 0x64, 0x00, 0x64, 0x00, 0x01, 0x00, 0x01, 0x00, 0x01, 0x00, 0x01, 0x00, 0x01,
    0x00, 0x22, 0x00, 0x43, 0x00, 0x64, 0x00, 0x85, 0x00, 0x84, 0x00, 0x43, 0x00, 0x23, 0x00, 0x22,
    0x00, 0x01, 0x00, 0x01, 0x00, 0x23, 0x00, 0x85, 0x00, 0x85, 0x00, 0x43, 0x00, 0x43, 0x00, 0x64,
    0x00, 0x85, 0x00, 0xA5, 0x00, 0x64, 0x00, 0x64, 0x00, 0x43, 0x00, 0x43, 0x00, 0x43, 0x00, 0x43,
    0x00, 0x43, 0x00, 0x64, 0x00, 0x43, 0x00, 0x43, 0x00, 0x23, 0x00, 0x23, 0x00, 0x43, 0x00, 0x43,
    0x00, 0x43, 0x00, 0x43, 0x00, 0x43, 0x00, 0x43, 0x00, 0x43, 0x00, 0x43, 0x00, 0x44, 0x00, 0x43,
    0x40, 0x00, 0x38, 0x00, 0x40, 0x00, 0x38, 0x00, 0x38, 0x00, 0x00, 0x43, 0x00, 0x43, 0x00, 0x64,
    0x00, 0x43, 0x00, 0x22, 0x00, 0x23, 0x00, 0x43, 0x00, 0x43, 0x00, 0x43, 0x00, 0x23, 0x00, 0x02,
    0x00, 0x02, 0x00, 0x22, 0x00, 0x02, 0x00, 0x21, 0x00, 0x22, 0x00, 0x01, 0x00, 0x01, 0x00, 0x01,
    0x00, 0x01, 0x00, 0x02, 0x40, 0x00, 0x30, 0x00, 0x80, 0x00, 0x80, 0x00, 0xA8, 0x40, 0xB8, 0x60,
    0xC0, 0x60, 0x00, 0xE7, 0x00, 0xC7, 0x00, 0xC7, 0x00, 0x00, 0x00, 0x01, 0x00, 0x01, 0x00, 0x01,
    0x00, 0x43, 0x00, 0x64, 0x00, 0x64, 0x00, 0x02, 0x00, 0x22, 0x00, 0x01, 0x00, 0x01, 0x00, 0x01,
    0x00, 0x01, 0x00, 0x01, 0x00, 0x01, 0x00, 0x00, 0x00, 0x01, 0x00, 0x43, 0x00, 0x43, 0x00, 0x01,
    0x00, 0x01, 0x00, 0x01, 0x00, 0x01, 0x00, 0x01, 0x00, 0x01, 0x00, 0x01, 0x00, 0x01, 0x00, 0x01,
    0x00, 0x01, 0x00, 0x01, 0x00, 0x01, 0x00, 0x01, 0x00, 0x01, 0x00, 0x01, 0x00, 0x01, 0x01, 0x6B,
    0x01, 0x08, 0x00, 0xE7, 0x00, 0xC7, 0x00, 0xA6, 0x00, 0x23, 0x00, 0x43, 0x00, 0x22, 0x00, 0x22,
    0x00, 0x85, 0x01, 0x29, 0x01, 0x09, 0x01, 0x08, 0x00, 0xE8, 0x00, 0x44, 0x00, 0x44, 0x00, 0x63,
    0x00, 0x43, 0x00, 0x44, 0x00, 0x01, 0x00, 0x01, 0x00, 0x01, 0x00, 0x01, 0x00, 0x01, 0x00, 0x43,
    0x00, 0x43, 0x00, 0x64, 0x00, 0x85, 0x00, 0x85, 0x00, 0x43, 0x00, 0x23, 0x00, 0x02, 0x00, 0x01,
    0x00, 0x01, 0x00, 0x23, 0x00, 0x64, 0x00, 0x64, 0x00, 0x64, 0x00, 0x64, 0x00, 0x44, 0x00, 0x43,
    0x00, 0x64, 0x00, 0x43, 0x00, 0x43, 0x00, 0x44, 0x00, 0x64, 0x00, 0x64, 0x38, 0x00, 0x38, 0x00,
    0x00, 0x64, 0x00, 0x44, 0x00, 0x64, 0x00, 0x64, 0x00, 0x64, 0x00, 0x43, 0x00, 0x43, 0x00, 0x23,
    0x00, 0x43, 0x00, 0x43, 0x00, 0x64, 0x00, 0x64, 0x00, 0x64, 0x00, 0x64, 0x00, 0x64, 0x00, 0x43,
    0x70, 0x00, 0x50, 0x00, 0x50, 0x00, 0x48, 0x00, 0x00, 0x43, 0x00, 0x23, 0x00, 0x23, 0x00, 0x43,
    0x00, 0x23, 0x00, 0x23, 0x00, 0x43, 0x00, 0x64, 0x00, 0x02, 0x00, 0x02, 0x00, 0x22, 0x18, 0x01,
    0x10, 0x02, 0x30, 0x01, 0x30, 0x01, 0x30, 0x01, 0x00, 0x22, 0x08, 0x02, 0x00, 0x02, 0x00, 0x02,
    0x58, 0x00, 0xA0, 0x00, 0x98, 0x00, 0xA8, 0x40, 0xA8, 0x20, 0x90, 0x00, 0x01, 0x08, 0x01, 0x09,
    0x00, 0x86, 0x00, 0xA5, 0x00, 0x85, 0x00, 0x00, 0x00, 0x01, 0x00, 0x01, 0x00, 0x01, 0x00, 0x01,
    0x00, 0x02, 0x00, 0x22, 0x00, 0x43, 0x00, 0x43, 0x00, 0x23, 0x00, 0x00, 0x00, 0x01, 0x00, 0x01,
    0x00, 0x01, 0x00, 0x01, 0x00, 0x01, 0x00, 0x01, 0x00, 0x64, 0x00, 0x44, 0x00, 0x43, 0x00, 0x00,
    0x00, 0x01, 0x00, 0x01, 0x00, 0x01, 0x00, 0x01, 0x00, 0x01, 0x00, 0x01, 0x00, 0x01, 0x00, 0x01,
    0x00, 0x01, 0x00, 0x01, 0x00, 0x01, 0x00, 0x01, 0x00, 0x01, 0x00, 0x01, 0x00, 0x85, 0x00, 0x64,
    0x01, 0x28, 0x01, 0x08, 0x00, 0xC7, 0x00, 0x43, 0x00, 0x64, 0x00, 0x02, 0x00, 0x02, 0x00, 0x02,
    0x01, 0x09, 0x00, 0xE7, 0x00, 0xE8, 0x00, 0xE7, 0x00, 0xA6, 0x00, 0x42, 0x00, 0x44, 0x00, 0x44,
    0x00, 0x43, 0x00, 0x23, 0x00, 0x01, 0x00, 0x01, 0x00, 0x01, 0x00, 0x01, 0x00, 0x01, 0x00, 0x01,
    0x00, 0x64, 0x00, 0x85, 0x00, 0x85, 0x00, 0x85, 0x00, 0x64, 0x00, 0x22, 0x00, 0x01, 0x00, 0x01,
    0x00, 0x23, 0x00, 0x64, 0x00, 0x44, 0x00, 0x64, 0x00, 0x64, 0x00, 0x64, 0x00, 0x44, 0x00, 0x44,
    0x00, 0x43, 0x00, 0x43, 0x00, 0x64, 0x00, 0x64, 0x00, 0x64, 0x40, 0x00, 0x40, 0x00, 0x00, 0x64,
    0x00, 0x64, 0x00, 0x43, 0x00, 0x64, 0x00, 0x64, 0x00, 0x43, 0x00, 0x43, 0x00, 0x43, 0x00, 0x43,
    0x00, 0x43, 0x00, 0x64, 0x00, 0x64, 0x00, 0x64, 0x00, 0x64, 0x00, 0x64, 0x00, 0x43, 0x68, 0x00,
    0x50, 0x00, 0x50, 0x00, 0x58, 0x00, 0x00, 0x22, 0x00, 0x23, 0x00, 0x23, 0x00, 0x23, 0x00, 0x23,
    0x00, 0x23, 0x00, 0x63, 0x00, 0x63, 0x00, 0x22, 0x00, 0x02, 0x00, 0x22, 0x18, 0x01, 0x10, 0x01,
    0x30, 0x00, 0x30, 0x00, 0x30, 0x00, 0x00, 0x02, 0x10, 0x01, 0x10, 0x01, 0x00, 0x02, 0x68, 0x00,
    0x98, 0x00, 0x90, 0x00, 0xA0, 0x40, 0xA8, 0x40, 0x90, 0x00, 0x01, 0x2B, 0x01, 0x08, 0x00, 0x85,
    0x00, 0xA6, 0x00, 0xA5, 0x00, 0x00, 0x00, 0x01, 0x00, 0x01, 0x00, 0x01, 0x00, 0x01, 0x00, 0x43,
    0x00, 0x22, 0x00, 0x43, 0x00, 0x43, 0x00, 0x43, 0x00, 0x00, 0x00, 0x01, 0x00, 0x01, 0x00, 0x01,
    0x00, 0x01, 0x00, 0x01, 0x00, 0x01, 0x00, 0x84, 0x00, 0x64, 0x00, 0x43, 0x00, 0x00, 0x00, 0x01,
    0x00, 0x01, 0x00, 0x01, 0x00, 0x01, 0x00, 0x01, 0x00, 0x01, 0x00, 0x01, 0x00, 0x01, 0x00, 0x01,
    0x00, 0x01, 0x00, 0x01, 0x00, 0x01, 0x00, 0x01, 0x00, 0x01, 0x00, 0x65, 0x00, 0x44, 0x01, 0x08,
    0x01, 0x29, 0x00, 0xC7, 0x00, 0x63, 0x00, 0x64, 0x00, 0x22, 0x00, 0x02, 0x00, 0x01, 0x01, 0x09,
    0x00, 0xE7, 0x01, 0x08, 0x00, 0xE7, 0x00, 0xC6, 0x00, 0x23, 0x00, 0x43, 0x00, 0x43, 0x00, 0x43,
    0x00, 0x43, 0x00, 0x22, 0x00, 0x01, 0x00, 0x01, 0x00, 0x21, 0x00, 0x01, 0x00, 0x00, 0x00, 0x64,
    0x00, 0x85, 0x00, 0x85, 0x00, 0x85, 0x00, 0x64, 0x00, 0x23, 0x00, 0x01, 0x00, 0x01, 0x00, 0x43,
    0x00, 0x64, 0x00, 0x64, 0x00, 0x64, 0x00, 0x64, 0x00, 0x64, 0x00, 0x43, 0x00, 0x64, 0x00, 0x85,
    0x00, 0x64, 0x00, 0x44, 0x00, 0x84, 0x00, 0x64, 0x00, 0x43, 0x00, 0x43, 0x00, 0x43, 0x00, 0x43,
    0x00, 0x64, 0x00, 0x64, 0x00, 0x44, 0x00, 0x43, 0x00, 0x43, 0x00, 0x43, 0x00, 0x43, 0x00, 0x43,
    0x00, 0x44, 0x00, 0x64, 0x00, 0x64, 0x00, 0x64, 0x00, 0x44, 0x00, 0x43, 0x00, 0x43, 0x00, 0x43,
    0x00, 0x23, 0x00, 0x23, 0x00, 0x22, 0x00, 0x23, 0x00, 0x43, 0x00, 0x43, 0x00, 0x23, 0x00, 0x43,
    0x00, 0x01, 0x00, 0x22, 0x00, 0x02, 0x00, 0x22, 0x38, 0x00, 0x38, 0x00, 0x38, 0x00, 0x40, 0x00,
    0x38, 0x00, 0x00, 0x01, 0x08, 0x02, 0x08, 0x02, 0xA0, 0x00, 0xB8, 0x40, 0xC8, 0x60, 0xC0, 0x60,
    0xC8, 0x80, 0x01, 0x08, 0x00, 0xE8, 0x01, 0x08, 0x00, 0xE7, 0x00, 0xC7, 0x00, 0x01, 0x00, 0x01,
    0x00, 0x21, 0x00, 0x01, 0x00, 0x01, 0x00, 0x01, 0x00, 0x01, 0x00, 0x01, 0x00, 0x43, 0x00, 0x43,
    0x00, 0x43, 0x00, 0x43, 0x00, 0x43, 0x00, 0x00, 0x00, 0x01, 0x00, 0x01, 0x00, 0x01, 0x00, 0x01,
    0x00, 0x01, 0x00, 0x01, 0x00, 0x01, 0x00, 0x01, 0x00, 0xA6, 0x00, 0x00, 0x00, 0x02, 0x00, 0x01,
    0x00, 0x01, 0x00, 0x01, 0x00, 0x01, 0x00, 0x01, 0x00, 0x01, 0x00, 0x01, 0x00, 0x01, 0x00, 0x01,
    0x00, 0x01, 0x00, 0x01, 0x00, 0x01, 0x00, 0x01, 0x00, 0x44, 0x00, 0x43, 0x01, 0x08, 0x00, 0xE8,
    0x00, 0xE7, 0x00, 0xA6, 0x00, 0xC6, 0x00, 0x43, 0x00, 0x43, 0x00, 0x01, 0x00, 0x86, 0x00, 0x85,
    0x01, 0x08, 0x01, 0x08, 0x00, 0xC7, 0x00, 0x22, 0x00, 0x64, 0x00, 0x21, 0x00, 0x22, 0x00, 0x23,
    0x00, 0x02, 0x00, 0x02, 0x00, 0x01, 0x00, 0x01, 0x00, 0x01, 0x00, 0x00, 0x00, 0x44, 0x00, 0xA6,
    0x00, 0x85, 0x00, 0x85, 0x00, 0x85, 0x00, 0x23, 0x00, 0x22, 0x00, 0x23, 0x00, 0x01, 0x00, 0x44,
    0x00, 0x64, 0x00, 0x64, 0x00, 0x44, 0x00, 0x64, 0x00, 0x64, 0x00, 0x44, 0x00, 0x85, 0x00, 0x85,
    0x00, 0x43, 0x00, 0x64, 0x00, 0x64, 0x00, 0x43, 0x00, 0x43, 0x00, 0x43, 0x00, 0x43, 0x00, 0x43,
    0x00, 0x43, 0x00, 0x43, 0x00, 0x43, 0x00, 0x43, 0x00, 0x43, 0x00, 0x43, 0x00, 0x43, 0x00, 0x64,
    0x00, 0x64, 0x00, 0x64, 0x00, 0x64, 0x00, 0x64, 0x00, 0x43, 0x00, 0x23, 0x00, 0x43, 0x00, 0x43,
    0x00, 0x43, 0x00, 0x23, 0x00, 0x22, 0x00, 0x23, 0x00, 0x23, 0x00, 0x43, 0x00, 0x43, 0x00, 0x01,
    0x00, 0x01, 0x00, 0x02, 0x00, 0x22, 0x38, 0x00, 0x40, 0x00, 0x40, 0x00, 0x38, 0x00, 0x38, 0x00,
    0x00, 0x02, 0x10, 0x02, 0x08, 0x22, 0xA0, 0x20, 0xB8, 0x40, 0xD0, 0x80, 0xC8, 0x60, 0xD0, 0x60,
    0x00, 0xE7, 0x01, 0x08, 0x01, 0x08, 0x00, 0xC7, 0x00, 0xC7, 0x00, 0x01, 0x00, 0x01, 0x00, 0x01,
    0x00, 0x01, 0x00, 0x01, 0x00, 0x01, 0x00, 0x01, 0x00, 0x01, 0x00, 0x44, 0x00, 0x43, 0x00, 0x43,
    0x00, 0x43, 0x00, 0x23, 0x00, 0x00, 0x00, 0x01, 0x00, 0x01, 0x00, 0x01, 0x00, 0x01, 0x00, 0x01,
    0x00, 0x01, 0x00, 0x01, 0x00, 0x01, 0x00, 0xA6, 0x00, 0x01, 0x00, 0x22, 0x00, 0x01, 0x00, 0x01,
    0x00, 0x01, 0x00, 0x01, 0x00, 0x01, 0x00, 0x01, 0x00, 0x01, 0x00, 0x01, 0x00, 0x01, 0x00, 0x01,
    0x00, 0x01, 0x00, 0x01, 0x00, 0x01, 0x00, 0x64, 0x00, 0x43, 0x01, 0x08, 0x00, 0xE8, 0x00, 0xE7,
    0x00, 0xA6, 0x00, 0xC6, 0x00, 0x43, 0x00, 0x43, 0x00, 0x01, 0x00, 0x86, 0x00, 0x85, 0x00, 0xE8,
    0x00, 0xE8, 0x00, 0xC7, 0x00, 0x22, 0x00, 0x64, 0x00, 0x00, 0x00, 0x01, 0x00, 0x43, 0x00, 0x22,
    0x00, 0x02, 0x00, 0x00, 0x00, 0x01, 0x00, 0x01, 0x00, 0x01, 0x00, 0x44, 0x00, 0xA5, 0x00, 0x85,
    0x00, 0x85, 0x00, 0x85, 0x00, 0x43, 0x00, 0x22, 0x00, 0x23, 0x00, 0x01, 0x00, 0x43, 0x00, 0x64,
    0x00, 0x64, 0x00, 0x64, 0x00, 0x64, 0x00, 0x64, 0x00, 0x43, 0x00, 0x64, 0x00, 0x84, 0x00, 0x43,
    0x00, 0x43, 0x00, 0x43, 0x00, 0xA5, 0x00, 0x85, 0x00, 0x64, 0x00, 0x43, 0x00, 0x23, 0x90, 0x00,
    0x98, 0x00, 0x00, 0x64, 0x00, 0x43, 0x00, 0x23, 0x00, 0x63, 0x00, 0x64, 0x00, 0x63, 0x00, 0x43,
    0x00, 0x43, 0x00, 0x43, 0x00, 0x43, 0x00, 0x43, 0x00, 0x43, 0x00, 0x43, 0x00, 0x23, 0x00, 0x43,
    0x00, 0x43, 0x00, 0x64, 0x00, 0x63, 0x00, 0x64, 0x00, 0x64, 0x00, 0x01, 0x00, 0x22, 0x00, 0x21,
    0x00, 0x22, 0x00, 0x22, 0x00, 0x22, 0x00, 0x22, 0x00, 0x22, 0x00, 0x22, 0x00, 0x22, 0x00, 0x22,
    0xB8, 0x00, 0x90, 0x40, 0xC8, 0x60, 0xC8, 0x80, 0x01, 0x4A, 0x01, 0x08, 0x01, 0x28, 0x01, 0x07,
    0x00, 0xE7, 0x00, 0xA6, 0x00, 0x00, 0x00, 0x01, 0x00, 0x01, 0x00, 0x01, 0x00, 0x01, 0x00, 0x01,
    0x00, 0x01, 0x00, 0x23, 0x00, 0x43, 0x00, 0x43, 0x00, 0x43, 0x00, 0x43, 0x00, 0x43, 0x00, 0x43,
    0x00, 0x43, 0x00, 0x00, 0x00, 0x01, 0x00, 0x01, 0x00, 0x01, 0x00, 0x01, 0x00, 0x01, 0x00, 0x01,
    0x00, 0x01, 0x00, 0x01, 0x00, 0xA6, 0x00, 0x01, 0x00, 0x22, 0x00, 0x01, 0x00, 0x01, 0x00, 0x01,
    0x00, 0x01, 0x00, 0x01, 0x00, 0x01, 0x00, 0x00, 0x00, 0x01, 0x00, 0x01, 0x00, 0x00, 0x00, 0x01,
    0x00, 0x01, 0x00, 0x01, 0x00, 0x01, 0x00, 0x01, 0x00, 0xE8, 0x01, 0x08, 0x00, 0xE7, 0x00, 0xA6,
    0x00, 0xC6, 0x00, 0x43, 0x00, 0x43, 0x00, 0x01, 0x00, 0x01, 0x00, 0x01, 0x00, 0xC7, 0x00, 0xC7,
    0x00, 0xE7, 0x00, 0x64, 0x00, 0x85, 0x00, 0x00, 0x00, 0x01, 0x00, 0x43, 0x00, 0x23, 0x00, 0x23,
    0x00, 0x00, 0x00, 0x01, 0x00, 0x01, 0x00, 0x01, 0x00, 0x01, 0x00, 0x65, 0x00, 0x43, 0x00, 0x64,
    0x00, 0x84, 0x00, 0x85, 0x00, 0x22, 0x00, 0x22, 0x00, 0x01, 0x00, 0x43, 0x00, 0x64, 0x00, 0x64,
    0x00, 0x64, 0x00, 0x64, 0x00, 0x64, 0x00, 0x44, 0x00, 0x44, 0x00, 0x44, 0x00, 0x64, 0x00, 0x43,
    0x00, 0x43, 0x00, 0x85, 0x00, 0x85, 0x00, 0x44, 0x00, 0x43, 0x00, 0x03, 0x90, 0x00, 0x98, 0x00,
    0x00, 0x43, 0x00, 0x23, 0x00, 0x23, 0x00, 0x44, 0x00, 0x43, 0x00, 0x64, 0x00, 0x64, 0x00, 0x63,
    0x00, 0x43, 0x00, 0x43, 0x00, 0x43, 0x00, 0x43, 0x00, 0x23, 0x00, 0x43, 0x00, 0x43, 0x00, 0x22,
    0x00, 0x44, 0x00, 0x43, 0x00, 0x64, 0x00, 0x64, 0x00, 0x02, 0x00, 0x02, 0x00, 0x21, 0x00, 0x02,
    0x00, 0x02, 0x00, 0x22, 0x00, 0x22, 0x00, 0x22, 0x00, 0x22, 0x00, 0x22, 0x00, 0x22, 0xC0, 0x00,
    0x98, 0x00, 0xD0, 0x20, 0xD0, 0x60, 0x01, 0x6A, 0x01, 0x08, 0x01, 0x29, 0x00, 0xC7, 0x00, 0xC7,
    0x00, 0xA6, 0x00, 0x00, 0x00, 0x01, 0x00, 0x01, 0x00, 0x01, 0x00, 0x01, 0x00, 0x01, 0x00, 0x01,
    0x00, 0x43, 0x00, 0x43, 0x00, 0x23, 0x00, 0x43, 0x00, 0x43, 0x00, 0x44, 0x00, 0x43, 0x00, 0x43,
    0x00, 0x00, 0x00, 0x01, 0x00, 0x01, 0x00, 0x01, 0x00, 0x01, 0x00, 0x01, 0x00, 0x01, 0x00, 0x01,
    0x00, 0x01, 0x00, 0xA6, 0x00, 0x01, 0x00, 0x23, 0x00, 0x01, 0x00, 0x01, 0x00, 0x01, 0x00, 0x01,
    0x00, 0x01, 0x00, 0x01, 0x00, 0x01, 0x00, 0x01, 0x00, 0x01, 0x00, 0x01, 0x00, 0x01, 0x00, 0x01,
    0x00, 0x01, 0x00, 0x01, 0x00, 0x01, 0x01, 0x08, 0x01, 0x08, 0x00, 0xE7, 0x00, 0xA6, 0x00, 0xC6,
    0x00, 0x44, 0x00, 0x43, 0x00, 0x01, 0x00, 0x01, 0x00, 0x01, 0x00, 0xE7, 0x00, 0xE7, 0x00, 0xE7,
    0x00, 0xA6, 0x00, 0x64, 0x00, 0x00, 0x00, 0x01, 0x00, 0x43, 0x00, 0x23, 0x00, 0x23, 0x00, 0x01,
    0x00, 0x01, 0x00, 0x01, 0x00, 0x01, 0x00, 0x01, 0x00, 0x64, 0x00, 0x64, 0x00, 0x65, 0x00, 0x65,
    0x00, 0x65, 0x00, 0x22, 0x00, 0x02, 0x00, 0x01, 0x00, 0x85, 0x00, 0x85, 0x00, 0x64, 0x00, 0x64,
    0x00, 0x84, 0x00, 0x64, 0x00, 0x44, 0x00, 0x64, 0x00, 0x64, 0x00, 0x44, 0x00, 0x43, 0x00, 0x44,
    0x00, 0x64, 0x00, 0x64, 0x00, 0x44, 0x00, 0x64, 0x00, 0x44, 0x00, 0x64, 0x00, 0x64, 0x00, 0x64,
    0x00, 0x64, 0x00, 0x64, 0x00, 0x43, 0x00, 0x43, 0x20, 0x01, 0x20, 0x01, 0x20, 0x01, 0x00, 0x43,
    0x00, 0x43, 0x00, 0x43, 0x00, 0x64, 0x00, 0x64, 0x00, 0x44, 0x00, 0x64, 0x00, 0x85, 0x00, 0x64,
    0x00, 0x64, 0x00, 0x22, 0x00, 0x22, 0x00, 0x22, 0x00, 0x22, 0x00, 0x02, 0x00, 0x01, 0x00, 0x01,
    0x00, 0x01, 0x00, 0x01, 0x00, 0x21, 0x00, 0x01, 0x00, 0x01, 0x00, 0x01, 0xB8, 0x00, 0x90, 0x00,
    0x01, 0x29, 0x01, 0x28, 0x01, 0x4A, 0x00, 0xC7, 0x00, 0xE7, 0x00, 0x01, 0x00, 0x01, 0x00, 0x01,
    0x00, 0x01, 0x00, 0x01, 0x00, 0x01, 0x00, 0x01, 0x00, 0x01, 0x00, 0x44, 0x00, 0x43, 0x00, 0x43,
    0x00, 0x43, 0x00, 0x43, 0x00, 0x43, 0x00, 0x43, 0x00, 0x44, 0x00, 0x43, 0x00, 0x01, 0x00, 0x01,
    0x00, 0x01, 0x00, 0x01, 0x00, 0x01, 0x00, 0x01, 0x00, 0x01, 0x00, 0x01, 0x00, 0x01, 0x00, 0x01,
    0x00, 0xC7, 0x00, 0x85, 0x00, 0x85, 0x00, 0x01, 0x00, 0x01, 0x00, 0x01, 0x00, 0x01, 0x00, 0x01,
    0x00, 0x01, 0x00, 0x01, 0x00, 0x01, 0x00, 0x01, 0x00, 0x01, 0x00, 0x01, 0x00, 0x01, 0x00, 0x01,
    0x00, 0x01, 0x00, 0x01, 0x00, 0x85, 0x00, 0x85, 0x01, 0x4A, 0x00, 0xC6, 0x00, 0xC7, 0x00, 0x65,
    0x00, 0x64, 0x00, 0x01, 0x00, 0x01, 0x00, 0x01, 0x00, 0xA5, 0x00, 0x85, 0x00, 0xE7, 0x00, 0xE7,
    0x00, 0xC7, 0x00, 0x01, 0x00, 0x01, 0x00, 0x01, 0x00, 0x22, 0x00, 0x23, 0x00, 0x23, 0x00, 0x23,
    0x00, 0x01, 0x00, 0x01, 0x00, 0x01, 0x00, 0x01, 0x00, 0x01, 0x00, 0x44, 0x00, 0x44, 0x00, 0x84,
    0x00, 0x64, 0x00, 0x64, 0x00, 0x23, 0x00, 0xA6, 0x00, 0xA5, 0x00, 0x64, 0x00, 0x64, 0x00, 0x64,
    0x00, 0x65, 0x00, 0x64, 0x00, 0x44, 0x00, 0x64, 0x00, 0x64, 0x00, 0x64, 0x00, 0x64, 0x00, 0x43,
    0x00, 0x44, 0x00, 0x64, 0x00, 0x44, 0x00, 0x64, 0x00, 0x64, 0x00, 0x64, 0x00, 0x64, 0x00, 0x64,
    0x00, 0x44, 0x00, 0x43, 0x00, 0x43, 0x28, 0x00, 0x20, 0x01, 0x20, 0x01, 0x00, 0x63, 0x00, 0x44,
    0x00, 0x43, 0x00, 0x64, 0x00, 0x84, 0x00, 0x44, 0x00, 0x64, 0x00, 0x85, 0x00, 0x85, 0x00, 0x64,
    0x00, 0x23, 0x00, 0x22, 0x00, 0x02, 0x00, 0x01, 0x00, 0x01, 0x00, 0x01, 0x00, 0x02, 0x00, 0x22,
    0x00, 0x22, 0x00, 0x01, 0x00, 0x01, 0x00, 0x01, 0x00, 0x01, 0xD8, 0x80, 0xB8, 0x40, 0x09, 0x48,
    0x01, 0x4A, 0x01, 0x8C, 0x01, 0x09, 0x01, 0x6A, 0x00, 0x01, 0x00, 0x01, 0x00, 0x01, 0x00, 0x01,
    0x00, 0x01, 0x00, 0x01, 0x00, 0x01, 0x00, 0x01, 0x00, 0x64, 0x00, 0x43, 0x00, 0x43, 0x00, 0x43,
    0x00, 0x43, 0x00, 0x43, 0x00, 0x43, 0x00, 0x64, 0x00, 0x64, 0x00, 0x01, 0x00, 0x01, 0x00, 0x01,
    0x00, 0x01, 0x00, 0x01, 0x00, 0x01, 0x00, 0x01, 0x00, 0x01, 0x00, 0x01, 0x00, 0x01, 0x00, 0xE7,
    0x00, 0x86, 0x00, 0x85, 0x00, 0x00, 0x00, 0x00, 0x00, 0x01, 0x00, 0x01, 0x00, 0x01, 0x00, 0x01,
    0x00, 0x01, 0x00, 0x01, 0x00, 0x01, 0x00, 0x01, 0x00, 0x01, 0x00, 0x01, 0x00, 0x01, 0x00, 0x01,
    0x00, 0x01, 0x00, 0xA7, 0x00, 0xA6, 0x01, 0x29, 0x00, 0xA6, 0x00, 0xC7, 0x00, 0x64, 0x00, 0x44,
    0x00, 0x01, 0x00, 0x01, 0x00, 0x01, 0x00, 0xC7, 0x00, 0xC6, 0x00, 0xE7, 0x00, 0xE7, 0x00, 0xC7,
    0x00, 0x01, 0x00, 0x01, 0x00, 0x01, 0x00, 0x23, 0x00, 0x43, 0x00, 0x23, 0x00, 0x22, 0x00, 0x00,
    0x00, 0x01, 0x00, 0x01, 0x00, 0x01, 0x00, 0x01, 0x00, 0x64, 0x00, 0x64, 0x00, 0x64, 0x00, 0x64,
    0x00, 0x64, 0x00, 0x02, 0x00, 0x44, 0x00, 0x64, 0x00, 0x85, 0x00, 0x85, 0x00, 0x64, 0x00, 0x65,
    0x00, 0x64, 0x00, 0x64, 0x00, 0x64, 0x00, 0x64, 0x00, 0x64, 0x00, 0x84, 0x00, 0x85, 0x00, 0x85,
    0x00, 0x64, 0x00, 0x64, 0x00, 0x64, 0x00, 0x64, 0x00, 0x43, 0x00, 0x43, 0x00, 0x85, 0x00, 0x85,
    0x00, 0x64, 0x00, 0x64, 0x00, 0x43, 0x28, 0x01, 0x30, 0x01, 0x30, 0x01, 0x30, 0x01, 0x00, 0x43,
    0x00, 0x64, 0x00, 0x64, 0x00, 0x43, 0x00, 0x43, 0x00, 0x43, 0x00, 0x22, 0x00, 0x23, 0x00, 0x22,
    0x00, 0x23, 0x00, 0x22, 0x00, 0x23, 0x00, 0x22, 0x00, 0x02, 0x00, 0x02, 0x00, 0x22, 0x00, 0x01,
    0x00, 0x01, 0x00, 0x01, 0x00, 0x01, 0x00, 0x01, 0x00, 0x02, 0x00, 0x02, 0x00, 0xA6, 0x00, 0xA6,
    0x00, 0x64, 0x00, 0x00, 0x00, 0x21, 0x00, 0x01, 0x00, 0x01, 0x00, 0x01, 0x00, 0x01, 0x00, 0x01,
    0x00, 0x01, 0x00, 0x01, 0x00, 0x02, 0x00, 0x43, 0x00, 0x43, 0x00, 0x43, 0x00, 0x43, 0x00, 0x43,
    0x00, 0x23, 0x00, 0x43, 0x00, 0x01, 0x00, 0x01, 0x00, 0x01, 0x00, 0x01, 0x00, 0x01, 0x00, 0x01,
    0x00, 0x01, 0x00, 0x01, 0x00, 0x01, 0x00, 0x01, 0x00, 0x01, 0x00, 0x01, 0x00, 0x01, 0x01, 0x09,
    0x00, 0xE7, 0x00, 0x85, 0x00, 0x85, 0x00, 0x01, 0x00, 0x01, 0x00, 0x01, 0x00, 0x01, 0x00, 0x01,
    0x00, 0x01, 0x00, 0x01, 0x00, 0x01, 0x00, 0x01, 0x00, 0x01, 0x00, 0x01, 0x00, 0x01, 0x00, 0x01,
    0x00, 0x02, 0x00, 0x22, 0x01, 0x29, 0x00, 0xA6, 0x00, 0xE7, 0x00, 0xC6, 0x00, 0xA6, 0x00, 0x22,
    0x00, 0x01, 0x00, 0x01, 0x00, 0x01, 0x00, 0x02, 0x00, 0xA6, 0x00, 0xC6, 0x00, 0xA6, 0x00, 0x85,
    0x00, 0x84, 0x00, 0x01, 0x00, 0x01, 0x00, 0x01, 0x00, 0x23, 0x00, 0x22, 0x00, 0x02, 0x00, 0x22,
    0x00, 0x01, 0x00, 0x01, 0x00, 0x01, 0x00, 0x43, 0x00, 0x43, 0x00, 0x64, 0x00, 0x64, 0x00, 0x64,
    0x00, 0x22, 0x00, 0x64, 0x00, 0x64, 0x00, 0x85, 0x00, 0x84, 0x00, 0x85, 0x00, 0x64, 0x00, 0x64,
    0x00, 0x64, 0x00, 0x64, 0x00, 0x64, 0x00, 0x64, 0x00, 0x64, 0x00, 0x85, 0x00, 0x85, 0x00, 0x64,
    0x00, 0x64, 0x00, 0x64, 0x00, 0x64, 0x00, 0x64, 0x00, 0x43, 0x00, 0xA5, 0x00, 0x85, 0x00, 0x44,
    0x00, 0x43, 0x00, 0x64, 0x08, 0x22, 0x30, 0x00, 0x38, 0x00, 0x38, 0x00, 0x00, 0x43, 0x00, 0x64,
    0x00, 0x64, 0x00, 0x43, 0x00, 0x43, 0x00, 0x44, 0x00, 0x23, 0x00, 0x23, 0x00, 0x43, 0x00, 0x23,
    0x00, 0x23, 0x00, 0x22, 0x00, 0x22, 0x00, 0x22, 0x00, 0x22, 0x00, 0x22, 0x00, 0x01, 0x00, 0x01,
    0x00, 0x01, 0x00, 0x01, 0x00, 0x01, 0x00, 0x22, 0x00, 0x01, 0x00, 0x85, 0x00, 0x85, 0x00, 0x65,
    0x00, 0x00, 0x00, 0x01, 0x00, 0x01, 0x00, 0x01, 0x00, 0x01, 0x00, 0x01, 0x00, 0x00, 0x00, 0x01,
    0x00, 0x00, 0x00, 0x22, 0x00, 0x43, 0x00, 0x43, 0x00, 0x43, 0x00, 0x43, 0x00, 0x43, 0x00, 0x43,
    0x00, 0x43, 0x00, 0x01, 0x00, 0x01, 0x00, 0x01, 0x00, 0x01, 0x00, 0x01, 0x00, 0x01, 0x00, 0x01,
    0x00, 0x01, 0x00, 0x01, 0x00, 0x01, 0x00, 0x01, 0x00, 0x01, 0x00, 0x01, 0x00, 0xE7, 0x00, 0xA5,
    0x00, 0x85, 0x00, 0xA5, 0x00, 0x01, 0x00, 0x01, 0x00, 0x01, 0x00, 0x01, 0x00, 0x01, 0x00, 0x01,
    0x00, 0x01, 0x00, 0x01, 0x00, 0x01, 0x00, 0x01, 0x00, 0x01, 0x00, 0x01, 0x00, 0x01, 0x00, 0x01,
    0x00, 0x01, 0x01, 0x29, 0x00, 0xA6, 0x00, 0xC6, 0x00, 0xC6, 0x00, 0xA6, 0x00, 0x23, 0x00, 0x01,
    0x00, 0x02, 0x00, 0x01, 0x00, 0x01, 0x00, 0xA6, 0x00, 0xC6, 0x00, 0xA6, 0x00, 0xA6, 0x00, 0x85,
    0x00, 0x01, 0x00, 0x01, 0x00, 0x01, 0x00, 0x02, 0x00, 0x01, 0x00, 0x22, 0x00, 0x01, 0x00, 0x01,
    0x00, 0x01, 0x00, 0x01, 0x00, 0x43, 0x00, 0x43, 0x00, 0x64, 0x00, 0x64, 0x00, 0x44, 0x00, 0x22,
    0x00, 0xA6, 0x00, 0xA6, 0x00, 0xA6, 0x00, 0xE7, 0x00, 0xA5, 0x00, 0x64, 0x00, 0x64, 0x00, 0x64,
    0x00, 0x64, 0x00, 0x44, 0x00, 0x64, 0x00, 0x64, 0x00, 0x85, 0x00, 0x85, 0x00, 0x64, 0x00, 0x64,
    0x00, 0x64, 0x00, 0x85, 0x00, 0x85, 0x00, 0x64, 0x00, 0xA6, 0x00, 0x85, 0x00, 0x43, 0x00, 0x64,
    0x00, 0x64, 0x00, 0x64, 0x00, 0x64, 0x00, 0x63, 0x00, 0x43, 0x00, 0x43, 0x00, 0x43, 0x00, 0x43,
    0x00, 0x43, 0x00, 0x43, 0x00, 0x22, 0x00, 0x23, 0x00, 0x23, 0x00, 0x43, 0x00, 0x43, 0x00, 0x43,
    0x00, 0x23, 0x00, 0x22, 0x00, 0x22, 0x00, 0x22, 0x00, 0x23, 0x00, 0x23, 0x00, 0x23, 0x00, 0x01,
    0x00, 0x02, 0x00, 0x01, 0x00, 0x01, 0x00, 0x01, 0x00, 0x01, 0x00, 0x01, 0x00, 0x01, 0x00, 0x01,
    0x00, 0x01, 0x00, 0x01, 0x00, 0x01, 0x00, 0x01, 0x00, 0x64, 0x00, 0x43, 0x00, 0x44, 0x00, 0x43,
    0x00, 0x43, 0x00, 0x43, 0x00, 0x43, 0x00, 0x64, 0x00, 0x44, 0x00, 0x43, 0x00, 0x43, 0x00, 0x43,
    0x00, 0x01, 0x00, 0x01, 0x00, 0x01, 0x00, 0x01, 0x00, 0x01, 0x00, 0x01, 0x00, 0x01, 0x00, 0x01,
    0x00, 0x23, 0x00, 0x22, 0x00, 0x01, 0x00, 0x01, 0x00, 0x01, 0x00, 0x64, 0x00, 0x43, 0x00, 0xE8,
    0x01, 0x08, 0x00, 0x01, 0x00, 0x01, 0x00, 0x01, 0x00, 0x01, 0x00, 0x01, 0x00, 0x01, 0x00, 0x01,
    0x00, 0x01, 0x00, 0x00, 0x00, 0x01, 0x00, 0x01, 0x00, 0x01, 0x00, 0x01, 0x00, 0x01, 0x00, 0x01,
    0x01, 0x09, 0x00, 0xA5, 0x00, 0xA6, 0x00, 0xC6, 0x00, 0xC6, 0x00, 0x43, 0x00, 0x22, 0x00, 0x22,
    0x00, 0x01, 0x00, 0x01, 0x00, 0x85, 0x00, 0xC6, 0x00, 0xA6, 0x00, 0xA6, 0x00, 0xA6, 0x00, 0x01,
    0x00, 0x01, 0x00, 0x01, 0x00, 0x01, 0x00, 0x01, 0x00, 0x22, 0x00, 0x02, 0x00, 0x01, 0x00, 0x01,
    0x00, 0x01, 0x00, 0x01, 0x00, 0x00, 0x00, 0x64, 0x00, 0x64, 0x00, 0x64, 0x00, 0x64, 0x00, 0xA6,
    0x00, 0xA6, 0x00, 0x64, 0x00, 0x85, 0x00, 0xA6, 0x00, 0xA6, 0x00, 0xA6, 0x00, 0x64, 0x00, 0x64,
    0x00, 0x64, 0x00, 0xA6, 0x00, 0xA5, 0x00, 0x63, 0x00, 0x64, 0x00, 0x64, 0x00, 0xE7, 0x00, 0xC6,
    0x00, 0x85, 0x00, 0xA5, 0x00, 0xA5, 0x00, 0x85, 0x00, 0x85, 0x00, 0xA5, 0x00, 0xA5, 0x00, 0x64,
    0x00, 0xA6, 0x00, 0xA5, 0x00, 0xA5, 0x00, 0xA5, 0x00, 0xA5, 0x00, 0x43, 0x00, 0x43, 0x00, 0x85,
    0x00, 0x85, 0x00, 0x44, 0x00, 0x22, 0x00, 0x43, 0x00, 0x43, 0x00, 0x43, 0x00, 0x43, 0x00, 0x43,
    0x00, 0x43, 0x00, 0x23, 0x00, 0x43, 0x00, 0x43, 0x00, 0x43, 0x00, 0x43, 0x00, 0x43, 0x00, 0x43,
    0x00, 0x22, 0x00, 0x22, 0x00, 0x22, 0x00, 0x23, 0x00, 0x22, 0x00, 0x01, 0x00, 0x01, 0x00, 0x01,
    0x00, 0x44, 0x00, 0x64, 0x00, 0x64, 0x00, 0x64, 0x00, 0x64, 0x00, 0x64, 0x00, 0x64, 0x00, 0x43,
    0x00, 0x43, 0x00, 0x43, 0x00, 0x64, 0x00, 0x64, 0x00, 0x43, 0x00, 0x00, 0x00, 0x00, 0x00, 0x01,
    0x00, 0x01, 0x00, 0x01, 0x00, 0x01, 0x00, 0x01, 0x00, 0x01, 0x00, 0x01, 0x00, 0x22, 0x00, 0x22,
    0x00, 0x22, 0x00, 0x01, 0x00, 0x01, 0x00, 0x01, 0x00, 0x01, 0x00, 0x00, 0x01, 0x08, 0x01, 0x08,
    0x00, 0x85, 0x00, 0x00, 0x00, 0x01, 0x00, 0x22, 0x00, 0x02, 0x00, 0x01, 0x00, 0x01, 0x00, 0x01,
    0x00, 0x01, 0x00, 0x01, 0x00, 0x01, 0x00, 0x01, 0x00, 0x01, 0x00, 0x01, 0x00, 0x01, 0x01, 0x08,
    0x01, 0x29, 0x01, 0x29, 0x00, 0xC7, 0x00, 0xC6, 0x00, 0xC6, 0x00, 0x22, 0x00, 0x23, 0x00, 0x01,
    0x00, 0x01, 0x00, 0x00, 0x00, 0xA6, 0x00, 0x85, 0x00, 0xE7, 0x00, 0xC6, 0x00, 0x64, 0x00, 0x22,
    0x00, 0x01, 0x00, 0x01, 0x00, 0x00, 0x00, 0x01, 0x00, 0x22, 0x00, 0x22, 0x00, 0x00, 0x00, 0x01,
    0x00, 0x01, 0x00, 0x00, 0x00, 0x01, 0x00, 0x84, 0x00, 0x64, 0x00, 0x64, 0x00, 0xA6, 0x00, 0xA5,
    0x00, 0x85, 0x00, 0x85, 0x00, 0xA6, 0x00, 0xA6, 0x00, 0xA6, 0x00, 0x64, 0x00, 0x64, 0x00, 0x64,
    0x00, 0x85, 0x00, 0x85, 0x00, 0x64, 0x00, 0x44, 0x00, 0x64, 0x00, 0xE7, 0x00, 0xC6, 0x00, 0xA5,
    0x00, 0xA5, 0x00, 0xA5, 0x00, 0x85, 0x00, 0xA5, 0x00, 0x85, 0x00, 0x85, 0x00, 0x64, 0x00, 0xA6,
    0x00, 0xA5, 0x00, 0xA5, 0x00, 0xA5, 0x00, 0x85, 0x00, 0x23, 0x00, 0x43, 0x00, 0x84, 0x00, 0x85,
    0x00, 0x64, 0x00, 0x22, 0x00, 0x43, 0x00, 0x43, 0x00, 0x43, 0x00, 0x43, 0x00, 0x43, 0x00, 0x63,
    0x00, 0x23, 0x00, 0x43, 0x00, 0x43, 0x00, 0x43, 0x00, 0x43, 0x00, 0x43, 0x00, 0x43, 0x00, 0x22,
    0x00, 0x22, 0x00, 0x22, 0x00, 0x22, 0x00, 0x02, 0x00, 0x01, 0x00, 0x01, 0x00, 0x01, 0x00, 0x43,
    0x00, 0x43, 0x00, 0x64, 0x00, 0x64, 0x00, 0x64, 0x00, 0x64, 0x00, 0x44, 0x00, 0x64, 0x00, 0x43,
    0x00, 0x43, 0x00, 0x64, 0x00, 0x44, 0x00, 0x43, 0x00, 0x00, 0x00, 0x01, 0x00, 0x01, 0x00, 0x01,
    0x00, 0x01, 0x00, 0x01, 0x00, 0x01, 0x00, 0x01, 0x00, 0x01, 0x00, 0x22, 0x00, 0x23, 0x00, 0x22,
    0x00, 0x01, 0x00, 0x01, 0x00, 0x01, 0x00, 0x01, 0x00, 0x01, 0x01, 0x08, 0x01, 0x08, 0x00, 0x64,
    0x00, 0x00, 0x00, 0x01, 0x00, 0x02, 0x00, 0x02, 0x00, 0x01, 0x00, 0x01, 0x00, 0x01, 0x00, 0x01,
    0x00, 0x01, 0x00, 0x01, 0x00, 0x01, 0x00, 0x01, 0x00, 0x01, 0x00, 0x01, 0x01, 0x08, 0x01, 0x29,
    0x01, 0x08, 0x00, 0xC6, 0x00, 0xA6, 0x00, 0xA6, 0x00, 0x02, 0x00, 0x23, 0x00, 0x01, 0x00, 0x01,
    0x00, 0x01, 0x00, 0x86, 0x00, 0xA5, 0x00, 0xE7, 0x00, 0xC6, 0x00, 0x64, 0x00, 0x01, 0x00, 0x01,
    0x00, 0x01, 0x00, 0x01, 0x00, 0x01, 0x00, 0x01, 0x00, 0x22, 0x00, 0x01, 0x00, 0x01, 0x00, 0x01,
    0x00, 0x01, 0x00, 0x01, 0x00, 0x64, 0x00, 0x64, 0x00, 0x85, 0x00, 0xA6, 0x00, 0xA6, 0x00, 0xC6,
    0x00, 0xA6, 0x00, 0xA6, 0x00, 0xA6, 0x00, 0xA6, 0x00, 0xA6, 0x00, 0xC6, 0x00, 0x64, 0x00, 0x64,
    0x00, 0x64, 0x00, 0x64, 0x00, 0x85, 0x00, 0x84, 0x00, 0xC7, 0x00, 0xA6, 0x00, 0xA5, 0x00, 0xA6,
    0x00, 0xA6, 0x00, 0xA5, 0x00, 0xA5, 0x00, 0x85, 0x00, 0x85, 0x00, 0x85, 0x00, 0x85, 0x00, 0x85,
    0x00, 0x63, 0x00, 0x63, 0x00, 0x64, 0x00, 0x64, 0x00, 0x43, 0x00, 0x63, 0x00, 0x43, 0x00, 0x44,
    0x00, 0x64, 0x00, 0x64, 0x00, 0x43, 0x00, 0x43, 0x00, 0x85, 0x00, 0x22, 0x00, 0x63, 0x00, 0x43,
    0x00, 0x43, 0x00, 0x43, 0x00, 0x43, 0x00, 0x43, 0x00, 0x43, 0x00, 0x43, 0x00, 0x44, 0x00, 0x43,
    0x00, 0x43, 0x00, 0x64, 0x00, 0x64, 0x00, 0x44, 0x00, 0x63, 0x00, 0x43, 0x00, 0x44, 0x00, 0x64,
    0x00, 0x64, 0x00, 0x43, 0x00, 0x44, 0x00, 0x44, 0x00, 0x64, 0x00, 0x43, 0x00, 0x44, 0x00, 0x43,
    0x00, 0x64, 0x00, 0x44, 0x00, 0x01, 0x00, 0x01, 0x00, 0x01, 0x00, 0x01, 0x00, 0x01, 0x00, 0x01,
    0x00, 0x01, 0x00, 0x01, 0x00, 0x01, 0x00, 0x01, 0x00, 0x22, 0x00, 0x22, 0x00, 0x22, 0x00, 0x01,
    0x00, 0x01, 0x00, 0x01, 0x00, 0x01, 0x00, 0x01, 0x00, 0xC7, 0x00, 0xE7, 0x01, 0x08, 0x00, 0x00,
    0x00, 0x01, 0x00, 0x02, 0x00, 0x22, 0x00, 0x22, 0x00, 0x00, 0x00, 0x01, 0x00, 0x01, 0x00, 0x01,
    0x00, 0x01, 0x00, 0x01, 0x00, 0x01, 0x00, 0x01, 0x00, 0x01, 0x00, 0x43, 0x01, 0x6B, 0x01, 0x28,
    0x00, 0x64, 0x00, 0x64, 0x00, 0xA6, 0x00, 0x02, 0x00, 0x23, 0x00, 0x01, 0x00, 0x01, 0x00, 0x01,
    0x00, 0x64, 0x00, 0x64, 0x00, 0xE8, 0x00, 0xC7, 0x00, 0xC6, 0x00, 0x22, 0x00, 0x01, 0x00, 0x01,
    0x00, 0x01, 0x00, 0x01, 0x00, 0x00, 0x00, 0x01, 0x00, 0x01, 0x00, 0x01, 0x00, 0x00, 0x00, 0x01,
    0x00, 0x01, 0x00, 0x01, 0x00, 0x01, 0x00, 0x85, 0x00, 0xA6, 0x00, 0xA6, 0x00, 0xC6, 0x00, 0xC6,
    0x00, 0x85, 0x00, 0xA6, 0x00, 0xA6, 0x00, 0xC6, 0x00, 0xC6, 0x00, 0x84, 0x00, 0x64, 0x00, 0x64,
    0x00, 0x64, 0x00, 0x84, 0x00, 0x85, 0x00, 0xC6, 0x00, 0xA6, 0x00, 0xA6, 0x00, 0xA6, 0x00, 0xA5,
    0x00, 0xA6, 0x00, 0xA5, 0x00, 0xA5, 0x00, 0xA5, 0x00, 0x85, 0x00, 0x85, 0x00, 0x85, 0x00, 0x43,
    0x00, 0x44, 0x00, 0x64, 0x00, 0x64, 0x00, 0x63, 0x00, 0x64, 0x00, 0x64, 0x00, 0x64, 0x00, 0x44,
    0x00, 0x64, 0x00, 0x43, 0x00, 0x43, 0x00, 0x85, 0x00, 0x22, 0x00, 0x43, 0x00, 0x43, 0x00, 0x44,
    0x00, 0x43, 0x00, 0x43, 0x00, 0x43, 0x00, 0x43, 0x00, 0x43, 0x00, 0x43, 0x00, 0x43, 0x00, 0x43,
    0x00, 0x44, 0x00, 0x44, 0x00, 0x43, 0x00, 0x43, 0x00, 0x43, 0x00, 0x43, 0x00, 0x43, 0x00, 0x64,
    0x00, 0x43, 0x00, 0x64, 0x00, 0x64, 0x00, 0x43, 0x00, 0x43, 0x00, 0x44, 0x00, 0x43, 0x00, 0x64,
    0x00, 0x64, 0x00, 0x01, 0x00, 0x01, 0x00, 0x01, 0x00, 0x01, 0x00, 0x01, 0x00, 0x01, 0x00, 0x01,
    0x00, 0x01, 0x00, 0x01, 0x00, 0x01, 0x00, 0x22, 0x00, 0x22, 0x00, 0x22, 0x00, 0x01, 0x00, 0x01,
    0x00, 0x01, 0x00, 0x01, 0x00, 0x01, 0x00, 0xC7, 0x00, 0xE7, 0x01, 0x08, 0x00, 0x00, 0x00, 0x01,
    0x00, 0x02, 0x00, 0x02, 0x00, 0x22, 0x00, 0x00, 0x00, 0x01, 0x00, 0x01, 0x00, 0x01, 0x00, 0x01,
    0x00, 0x01, 0x00, 0x01, 0x00, 0x01, 0x00, 0x01, 0x00, 0x44, 0x01, 0x4A, 0x01, 0x28, 0x00, 0x64,
    0x00, 0x64, 0x00, 0x85, 0x00, 0x22, 0x00, 0x43, 0x00, 0x01, 0x00, 0x01, 0x00, 0x01, 0x00, 0x64,
    0x00, 0x64, 0x00, 0xE7, 0x00, 0xE7, 0x00, 0xC6, 0x00, 0x22, 0x00, 0x01, 0x00, 0x01, 0x00, 0x01,
    0x00, 0x01, 0x00, 0x01, 0x00, 0x01, 0x00, 0x01, 0x00, 0x01, 0x00, 0x01, 0x00, 0x01, 0x00, 0x01,
    0x00, 0x01, 0x00, 0x01, 0x00, 0x84, 0x00, 0xA6, 0x00, 0xA6, 0x00, 0xE8, 0x00, 0xE7, 0x00, 0x85,
    0x00, 0xE7, 0x00, 0xE7, 0x00, 0xE7, 0x00, 0xC7, 0x00, 0xE7, 0x00, 0x64, 0x00, 0x64, 0x00, 0x64,
    0x00, 0x85, 0x00, 0x65, 0x00, 0x64, 0x00, 0x64, 0x00, 0xA5, 0x00, 0xA6, 0x00, 0xC7, 0x01, 0x08,
    0x01, 0x08, 0x00, 0x85, 0x00, 0x85, 0x00, 0x85, 0x00, 0x64, 0x00, 0x64, 0x00, 0x85, 0x00, 0x85,
    0x00, 0x64, 0x00, 0x64, 0x00, 0x64, 0x00, 0x64, 0x00, 0x64, 0x00, 0x64, 0x00, 0x64, 0x00, 0x64,
    0x00, 0xA5, 0x00, 0x85, 0x00, 0xA6, 0x00, 0xA5, 0x00, 0xA5, 0x00, 0x44, 0x00, 0x64, 0x00, 0x43,
    0x00, 0x43, 0x00, 0x64, 0x00, 0x64, 0x00, 0x65, 0x00, 0x43, 0x00, 0x44, 0x00, 0x63, 0x00, 0x43,
    0x00, 0x43, 0x00, 0x64, 0x00, 0x63, 0x00, 0x64, 0x00, 0x64, 0x00, 0x44, 0x00, 0x64, 0x00, 0x44,
    0x00, 0x44, 0x00, 0x64, 0x00, 0x64, 0x00, 0x64, 0x00, 0x23, 0x00, 0x43, 0x00, 0x64, 0x00, 0x44,
    0x00, 0x01, 0x00, 0x01, 0x00, 0x01, 0x00, 0x01, 0x00, 0x01, 0x00, 0x01, 0x00, 0x01, 0x00, 0x01,
    0x00, 0x02, 0x00, 0x22, 0x00, 0x22, 0x00, 0x01, 0x00, 0x01, 0x00, 0x01, 0x00, 0x01, 0x00, 0x01,
    0x00, 0x01, 0x00, 0x01, 0x00, 0xA6, 0x00, 0xA5, 0x01, 0x08, 0x00, 0x22, 0x00, 0x64, 0x00, 0x01,
    0x00, 0x01, 0x00, 0x22, 0x00, 0x00, 0x00, 0x01, 0x00, 0x01, 0x00, 0x01, 0x00, 0x01, 0x00, 0x01,
    0x00, 0x01, 0x00, 0x01, 0x00, 0x01, 0x00, 0x01, 0x01, 0x4A, 0x01, 0x08, 0x00, 0x64, 0x00, 0x44,
    0x00, 0x64, 0x00, 0x22, 0x00, 0x23, 0x00, 0x22, 0x00, 0x23, 0x00, 0x01, 0x00, 0x01, 0x00, 0x01,
    0x00, 0x64, 0x00, 0x64, 0x01, 0x08, 0x00, 0x64, 0x00, 0x43, 0x00, 0x00, 0x00, 0x01, 0x00, 0x01,
    0x00, 0x01, 0x00, 0x01, 0x00, 0x01, 0x00, 0x01, 0x00, 0x01, 0x00, 0x01, 0x00, 0x01, 0x00, 0x01,
    0x00, 0x01, 0x00, 0x01, 0x00, 0xA6, 0x00, 0xC6, 0x00, 0xE7, 0x00, 0xE7, 0x00, 0xA6, 0x00, 0xC7,
    0x00, 0xC7, 0x00, 0xE7, 0x00, 0xC7, 0x00, 0xC7, 0x00, 0x84, 0x00, 0x85, 0x00, 0x84, 0x00, 0x64,
    0x00, 0x85, 0x00, 0x64, 0x00, 0x64, 0x00, 0x85, 0x00, 0x85, 0x00, 0xC7, 0x01, 0x08, 0x01, 0x08,
    0x00, 0x85, 0x00, 0x85, 0x00, 0x65, 0x00, 0x84, 0x00, 0x64, 0x00, 0x85, 0x00, 0x85, 0x00, 0x64,
    0x00, 0x44, 0x00, 0x64, 0x00, 0x64, 0x00, 0x64, 0x00, 0x64, 0x00, 0x64, 0x00, 0x64, 0x00, 0x85,
    0x00, 0x85, 0x00, 0xA6, 0x00, 0x86, 0x00, 0xA5, 0x00, 0x64, 0x00, 0x44, 0x00, 0x64, 0x00, 0x64,
    0x00, 0x44, 0x00, 0x85, 0x00, 0x85, 0x00, 0x43, 0x00, 0x64, 0x00, 0x44, 0x00, 0x64, 0x00, 0x43,
    0x00, 0x64, 0x00, 0x44, 0x00, 0x44, 0x00, 0x44, 0x00, 0x64, 0x00, 0x64, 0x00, 0x43, 0x00, 0x43,
    0x00, 0x64, 0x00, 0x64, 0x00, 0x64, 0x00, 0x44, 0x00, 0x43, 0x00, 0x43, 0x00, 0x43, 0x00, 0x01,
    0x00, 0x01, 0x00, 0x01, 0x00, 0x01, 0x00, 0x01, 0x00, 0x01, 0x00, 0x01, 0x00, 0x01, 0x00, 0x22,
    0x00, 0x22, 0x00, 0x23, 0x00, 0x00, 0x00, 0x01, 0x00, 0x01, 0x00, 0x01, 0x00, 0x01, 0x00, 0x01,
    0x00, 0x01, 0x00, 0x85, 0x00, 0x85, 0x01, 0x28, 0x00, 0x43, 0x00, 0x64, 0x00, 0x01, 0x00, 0x01,
    0x00, 0x22, 0x00, 0x00, 0x00, 0x01, 0x00, 0x01, 0x00, 0x01, 0x00, 0x01, 0x00, 0x01, 0x00, 0x01,
    0x00, 0x01, 0x00, 0x01, 0x00, 0x01, 0x01, 0x4A, 0x01, 0x08, 0x00, 0x64, 0x00, 0x44, 0x00, 0x64,
    0x00, 0x22, 0x00, 0x43, 0x00, 0x22, 0x00, 0x23, 0x00, 0x01, 0x00, 0x01, 0x00, 0x01, 0x00, 0x64,
    0x00, 0x64, 0x01, 0x28, 0x00, 0x64, 0x00, 0x43, 0x00, 0x01, 0x00, 0x01, 0x00, 0x01, 0x00, 0x01,
    0x00, 0x01, 0x00, 0x01, 0x00, 0x01, 0x00, 0x01, 0x00, 0x01, 0x00, 0x01, 0x00, 0x01, 0x00, 0x01,
    0x00, 0x01, 0x00, 0xA6, 0x00, 0xA6, 0x00, 0xC7, 0x00, 0xC7, 0x00, 0xC7, 0x00, 0xC6, 0x00, 0xC7,
    0x00, 0xC6, 0x00, 0xC7, 0x00, 0xC7, 0x00, 0xC7, 0x00, 0xC7, 0x00, 0x85, 0x00, 0x85, 0x00, 0x65,
    0x00, 0x64, 0x00, 0x64, 0x00, 0x85, 0x00, 0x85, 0x00, 0x85, 0x01, 0x29, 0x01, 0x08, 0x00, 0xC7,
    0x00, 0xC7, 0x00, 0x84, 0x00, 0x85, 0x00, 0x85, 0x00, 0x85, 0x00, 0x85, 0x00, 0xE7, 0x00, 0xA5,
    0x00, 0xA5, 0x00, 0xA6, 0x00, 0xA6, 0x00, 0xA6, 0x00, 0x43, 0x00, 0x44, 0x00, 0x44, 0x00, 0x64,
    0x00, 0x85, 0x00, 0x64, 0x00, 0x64, 0x00, 0xA6, 0x00, 0xA6, 0x00, 0x64, 0x00, 0x43, 0x00, 0x43,
    0x00, 0x43, 0x00, 0x43, 0x00, 0x63, 0x00, 0x43, 0x00, 0x43, 0x00, 0x64, 0x00, 0x44, 0x00, 0x85,
    0x00, 0x43, 0x00, 0x64, 0x00, 0x44, 0x00, 0x43, 0x00, 0x85, 0x00, 0x43, 0x00, 0x44, 0x00, 0x64,
    0x00, 0x44, 0x00, 0x64, 0x00, 0x43, 0x00, 0x43, 0x00, 0x01, 0x00, 0x01, 0x00, 0x01, 0x00, 0x01,
    0x00, 0x01, 0x00, 0x01, 0x00, 0x01, 0x00, 0x01, 0x00, 0x22, 0x00, 0x22, 0x00, 0x22, 0x00, 0x22,
    0x00, 0x01, 0x00, 0x01, 0x00, 0x01, 0x00, 0x01, 0x00, 0x01, 0x00, 0x01, 0x00, 0x01, 0x00, 0x01,
    0x00, 0x01, 0x00, 0x01, 0x01, 0x29, 0x00, 0x85, 0x00, 0xA6, 0x00, 0x01, 0x00, 0x01, 0x00, 0x23,
    0x00, 0x22, 0x00, 0x22, 0x00, 0x01, 0x00, 0x01, 0x00, 0x01, 0x00, 0x01, 0x00, 0x01, 0x00, 0x01,
    0x00, 0x01, 0x00, 0x01, 0x01, 0x4A, 0x00, 0xE7, 0x01, 0x08, 0x00, 0xE7, 0x00, 0x43, 0x00, 0x44,
    0x00, 0x64, 0x00, 0x23, 0x00, 0x23, 0x00, 0x01, 0x00, 0x01, 0x00, 0x01, 0x00, 0x23, 0x00, 0x22,
    0x00, 0xC7, 0x00, 0xC6, 0x00, 0xC7, 0x00, 0x01, 0x00, 0x43, 0x00, 0x01, 0x00, 0x01, 0x00, 0x01,
    0x00, 0x01, 0x00, 0x01, 0x00, 0x01, 0x00, 0x01, 0x00, 0x01, 0x00, 0x01, 0x00, 0x01, 0x00, 0x01,
    0x00, 0xC7, 0x00, 0xA6, 0x00, 0xC7, 0x00, 0xE7, 0x00, 0xE7, 0x00, 0xC6, 0x00, 0xE7, 0x00, 0xE7,
    0x00, 0xC6, 0x00, 0xC7, 0x00, 0xE7, 0x00, 0xC7, 0x00, 0x85, 0x00, 0x85, 0x00, 0x85, 0x00, 0x65,
    0x00, 0x64, 0x00, 0x85, 0x00, 0x85, 0x00, 0x85, 0x01, 0x29, 0x01, 0x08, 0x00, 0xE7, 0x00, 0xC7,
    0x00, 0x85, 0x00, 0x85, 0x00, 0x85, 0x00, 0x85, 0x00, 0x85, 0x00, 0xE7, 0x00, 0xA5, 0x00, 0xA6,
    0x00, 0xA6, 0x00, 0xA6, 0x00, 0xA6, 0x00, 0x43, 0x00, 0x64, 0x00, 0x44, 0x00, 0x64, 0x00, 0x64,
    0x00, 0x64, 0x00, 0x64, 0x00, 0xA6, 0x00, 0x85, 0x00, 0x64, 0x00, 0x64, 0x00, 0x43, 0x00, 0x43,
    0x00, 0x43, 0x00, 0x44, 0x00, 0x64, 0x00, 0x64, 0x00, 0x44, 0x00, 0x64, 0x00, 0x85, 0x00, 0x43,
    0x00, 0x64, 0x00, 0x64, 0x00, 0x44, 0x00, 0x85, 0x00, 0x43, 0x00, 0x44, 0x00, 0x64, 0x00, 0x44,
    0x00, 0x64, 0x00, 0x43, 0x00, 0x44, 0x00, 0x01, 0x00, 0x01, 0x00, 0x01, 0x00, 0x01, 0x00, 0x01,
    0x00, 0x01, 0x00, 0x01, 0x00, 0x01, 0x00, 0x23, 0x00, 0x23, 0x00, 0x23, 0x00, 0x22, 0x00, 0x01,
    0x00, 0x01, 0x00, 0x01, 0x00, 0x01, 0x00, 0x01, 0x00, 0x01, 0x00, 0x01, 0x00, 0x01, 0x00, 0x01,
    0x00, 0x01, 0x01, 0x29, 0x00, 0x85, 0x00, 0xA6, 0x00, 0x01, 0x00, 0x01, 0x00, 0x43, 0x00, 0x22,
    0x00, 0x22, 0x00, 0x01, 0x00, 0x01, 0x00, 0x01, 0x00, 0x01, 0x00, 0x01, 0x00, 0x01, 0x00, 0x01,
    0x00, 0x01, 0x01, 0x4A, 0x00, 0xE7, 0x01, 0x08, 0x01, 0x08, 0x00, 0x43, 0x00, 0x44, 0x00, 0x44,
    0x00, 0x23, 0x00, 0x23, 0x00, 0x01, 0x00, 0x01, 0x00, 0x01, 0x00, 0x23, 0x00, 0x22, 0x00, 0xC7,
    0x00, 0xC7, 0x00, 0xC7, 0x00, 0x22, 0x00, 0x43, 0x00, 0x01, 0x00, 0x01, 0x00, 0x01, 0x00, 0x01,
    0x00, 0x01, 0x00, 0x01, 0x00, 0x01, 0x00, 0x01, 0x00, 0x01, 0x00, 0x01, 0x00, 0x01, 0x00, 0xA6,
    0x00, 0xA6, 0x00, 0xC6, 0x00, 0xC6, 0x00, 0xC7, 0x00, 0xE7, 0x01, 0x08, 0x00, 0xE7, 0x00, 0xE8,
    0x00, 0xC6, 0x00, 0xC6, 0x00, 0xC7, 0x00, 0x85, 0x00, 0x85, 0x00, 0x85, 0x00, 0x64, 0x00, 0x85,
    0x00, 0x84, 0x00, 0x85, 0x00, 0x85, 0x00, 0x85, 0x00, 0x85, 0x00, 0x85, 0x00, 0x85, 0x00, 0x64,
    0x00, 0xC6, 0x00, 0xC6, 0x00, 0xE7, 0x00, 0xE7, 0x00, 0xE7, 0x00, 0x85, 0x00, 0x85, 0x00, 0xA5,
    0x00, 0xA5, 0x00, 0xA6, 0x00, 0x85, 0x00, 0xA5, 0x00, 0x64, 0x00, 0x64, 0x00, 0x64, 0x00, 0x85,
    0x00, 0x85, 0x00, 0x64, 0x00, 0x64, 0x00, 0x64, 0x00, 0x43, 0x00, 0x64, 0x00, 0x64, 0x00, 0x43,
    0x00, 0x64, 0x00, 0x85, 0x00, 0x84, 0x00, 0x43, 0x00, 0x64, 0x00, 0x64, 0x00, 0x63, 0x00, 0x44,
    0x00, 0x64, 0x00, 0x64, 0x00, 0x64, 0x00, 0x44, 0x00, 0x64, 0x00, 0x43, 0x00, 0x43, 0x00, 0x64,
    0x00, 0x00, 0x00, 0x01, 0x00, 0x01, 0x00, 0x01, 0x00, 0x01, 0x00, 0x01, 0x00, 0x01, 0x00, 0x01,
    0x00, 0x01, 0x00, 0x01, 0x00, 0x23, 0x00, 0x43, 0x00, 0x22, 0x00, 0x22, 0x00, 0x01, 0x00, 0x01,
    0x00, 0x01, 0x00, 0x01, 0x00, 0x01, 0x00, 0x01, 0x00, 0x01, 0x00, 0x01, 0x00, 0x01, 0x00, 0x01,
    0x01, 0x08, 0x01, 0x29, 0x01, 0x28, 0x00, 0x23, 0x00, 0x43, 0x00, 0x01, 0x00, 0x23, 0x00, 0x22,
    0x00, 0x01, 0x00, 0x01, 0x00, 0x01, 0x00, 0x01, 0x00, 0x01, 0x00, 0x01, 0x00, 0x01, 0x00, 0x01,
    0x00, 0x85, 0x00, 0xA5, 0x01, 0x08, 0x01, 0x08, 0x00, 0x43, 0x00, 0x43, 0x00, 0x44, 0x00, 0x43,
    0x00, 0x43, 0x00, 0x01, 0x00, 0x01, 0x00, 0x01, 0x00, 0x01, 0x00, 0x01, 0x00, 0x64, 0x00, 0xC7,
    0x00, 0xC7, 0x00, 0xA6, 0x00, 0xA6, 0x00, 0x43, 0x00, 0x23, 0x00, 0x01, 0x00, 0x01, 0x00, 0x01,
    0x00, 0x01, 0x00, 0x01, 0x00, 0x01, 0x00, 0x01, 0x00, 0x01, 0x00, 0x01, 0x00, 0xC6, 0x00, 0xA6,
    0x00, 0xA6, 0x00, 0xC6, 0x00, 0xA6, 0x00, 0xE8, 0x01, 0x08, 0x00, 0xE7, 0x00, 0xE7, 0x00, 0xC7,
    0x00, 0xC7, 0x00, 0xC7, 0x00, 0x85, 0x00, 0x85, 0x00, 0x85, 0x00, 0x64, 0x00, 0x64, 0x00, 0x65,
    0x00, 0x64, 0x00, 0x85, 0x00, 0x65, 0x00, 0x84, 0x00, 0x84, 0x00, 0x85, 0x00, 0x64, 0x00, 0xA6,
    0x00, 0xC6, 0x01, 0x08, 0x01, 0x08, 0x00, 0xE7, 0x00, 0x85, 0x00, 0x85, 0x00, 0xA6, 0x00, 0xA5,
    0x00, 0xA6, 0x00, 0x85, 0x00, 0xA5, 0x00, 0x84, 0x00, 0x85, 0x00, 0x64, 0x00, 0x85, 0x00, 0x85,
    0x00, 0x64, 0x00, 0x44, 0x00, 0x64, 0x00, 0x44, 0x00, 0x64, 0x00, 0x64, 0x00, 0x64, 0x00, 0x43,
    0x00, 0x85, 0x00, 0x64, 0x00, 0x44, 0x00, 0x64, 0x00, 0x64, 0x00, 0x44, 0x00, 0x43, 0x00, 0x64,
    0x00, 0x64, 0x00, 0x64, 0x00, 0x64, 0x00, 0x44, 0x00, 0x43, 0x00, 0x43, 0x00, 0x43, 0x00, 0x00,
    0x00, 0x01, 0x00, 0x01, 0x00, 0x01, 0x00, 0x01, 0x00, 0x01, 0x00, 0x01, 0x00, 0x01, 0x00, 0x01,
    0x00, 0x01, 0x00, 0x23, 0x00, 0x23, 0x00, 0x23, 0x00, 0x22, 0x00, 0x01, 0x00, 0x01, 0x00, 0x01,
    0x00, 0x01, 0x00, 0x01, 0x00, 0x01, 0x00, 0x01, 0x00, 0x01, 0x00, 0x01, 0x00, 0x01, 0x01, 0x08,
    0x01, 0x29, 0x01, 0x29, 0x00, 0x23, 0x00, 0x23, 0x00, 0x01, 0x00, 0x23, 0x00, 0x22, 0x00, 0x01,
    0x00, 0x01, 0x00, 0x01, 0x00, 0x01, 0x00, 0x01, 0x00, 0x00, 0x00, 0x01, 0x00, 0x01, 0x00, 0xA6,
    0x00, 0x85, 0x00, 0xE8, 0x00, 0xE8, 0x00, 0x43, 0x00, 0x43, 0x00, 0x43, 0x00, 0x43, 0x00, 0x43,
    0x00, 0x02, 0x00, 0x01, 0x00, 0x01, 0x00, 0x01, 0x00, 0x01, 0x00, 0x64, 0x00, 0xC7, 0x00, 0xC7,
    0x00, 0xA6, 0x00, 0xC6, 0x00, 0x44, 0x00, 0x23, 0x00, 0x01, 0x00, 0x01, 0x00, 0x01, 0x00, 0x01,
    0x00, 0x01, 0x00, 0x01, 0x00, 0x01, 0x00, 0x01, 0x00, 0x01, 0x00, 0x84, 0x00, 0x85, 0x00, 0x65,
    0x00, 0x64, 0x00, 0xA6, 0x00, 0x64, 0x00, 0x64, 0x00, 0xC7, 0x00, 0xE7, 0x00, 0xC7, 0x01, 0x08,
    0x01, 0x08, 0x00, 0x85, 0x00, 0x85, 0x00, 0x85, 0x00, 0x84, 0x00, 0x85, 0x00, 0x65, 0x00, 0x85,
    0x00, 0x85, 0x00, 0x85, 0x00, 0x85, 0x00, 0x85, 0x00, 0x85, 0x00, 0xC6, 0x00, 0xC6, 0x00, 0xE7,
    0x00, 0xE7, 0x00, 0xE7, 0x00, 0xC7, 0x01, 0x08, 0x01, 0x08, 0x00, 0xA6, 0x00, 0xA6, 0x00, 0xA6,
    0x00, 0xC6, 0x00, 0xC6, 0x00, 0xA6, 0x00, 0xA6, 0x00, 0x64, 0x00, 0x85, 0x00, 0x84, 0x00, 0x85,
    0x00, 0x85, 0x00, 0x44, 0x00, 0xA6, 0x00, 0xA6, 0x00, 0x64, 0x00, 0x44, 0x00, 0x64, 0x00, 0x64,
    0x00, 0x64, 0x00, 0xA6, 0x00, 0xA6, 0x00, 0x64, 0x00, 0x44, 0x00, 0x64, 0x00, 0x63, 0x00, 0x64,
    0x00, 0x44, 0x00, 0x43, 0x00, 0x44, 0x00, 0x44, 0x00, 0x43, 0x00, 0x22, 0x00, 0x00, 0x00, 0x01,
    0x00, 0x01, 0x00, 0x01, 0x00, 0x01, 0x00, 0x01, 0x00, 0x01, 0x00, 0x01, 0x00, 0x01, 0x00, 0x22,
    0x00, 0x22, 0x00, 0x43, 0x00, 0x23, 0x00, 0x22, 0x00, 0x01, 0x00, 0x01, 0x00, 0x01, 0x00, 0x01,
    0x00, 0x01, 0x00, 0x23, 0x00, 0x01, 0x00, 0x01, 0x00, 0x01, 0x00, 0x01, 0x00, 0x22, 0x01, 0x6B,
    0x01, 0x29, 0x00, 0xC7, 0x00, 0xA6, 0x00, 0x01, 0x00, 0x01, 0x00, 0x01, 0x00, 0x43, 0x00, 0x23,
    0x00, 0x01, 0x00, 0x01, 0x00, 0x01, 0x00, 0x01, 0x00, 0x01, 0x00, 0x01, 0x00, 0x01, 0x00, 0x01,
    0x00, 0xC7, 0x00, 0xE7, 0x00, 0xA6, 0x00, 0x23, 0x00, 0x43, 0x00, 0x43, 0x00, 0x43, 0x00, 0x43,
    0x00, 0x00, 0x00, 0x01, 0x00, 0x01, 0x00, 0x01, 0x00, 0x01, 0x00, 0x85, 0x00, 0x85, 0x00, 0xC7,
    0x00, 0xA6, 0x00, 0x64, 0x00, 0x44, 0x00, 0x22, 0x00, 0x00, 0x00, 0x01, 0x00, 0x01, 0x00, 0x01,
    0x00, 0x01, 0x00, 0x01, 0x00, 0x01, 0x00, 0x01, 0x00, 0x84, 0x00, 0x85, 0x00, 0x64, 0x00, 0x64,
    0x00, 0xC6, 0x00, 0x85, 0x00, 0x85, 0x00, 0xC7, 0x00, 0xE7, 0x00, 0xC7, 0x01, 0x08, 0x01, 0x08,
    0x00, 0x85, 0x00, 0x85, 0x00, 0x85, 0x00, 0x85, 0x00, 0x85, 0x00, 0x85, 0x00, 0x85, 0x00, 0x85,
    0x00, 0x85, 0x00, 0x85, 0x00, 0x85, 0x00, 0x85, 0x00, 0xC7, 0x00, 0xC7, 0x00, 0xC7, 0x00, 0xE7,
    0x00, 0xE7, 0x00, 0xA6, 0x01, 0x08, 0x01, 0x07, 0x00, 0xA6, 0x00, 0xA6, 0x00, 0xA6, 0x00, 0xC6,
    0x00, 0xC6, 0x00, 0xA6, 0x00, 0xA6, 0x00, 0x64, 0x00, 0x85, 0x00, 0x64, 0x00, 0xA5, 0x00, 0xA5,
    0x00, 0x64, 0x00, 0xA6, 0x00, 0xA6, 0x00, 0x44, 0x00, 0x44, 0x00, 0x64, 0x00, 0x44, 0x00, 0x64,
    0x00, 0xA6, 0x00, 0xA6, 0x00, 0x64, 0x00, 0x64, 0x00, 0x64, 0x00, 0x64, 0x00, 0x64, 0x00, 0x64,
    0x00, 0x44, 0x00, 0x64, 0x00, 0x64, 0x00, 0x43, 0x00, 0x22, 0x00, 0x00, 0x00, 0x01, 0x00, 0x01,
    0x00, 0x01, 0x00, 0x01, 0x00, 0x01, 0x00, 0x01, 0x00, 0x01, 0x00, 0x01, 0x00, 0x22, 0x00, 0x22,
    0x00, 0x43, 0x00, 0x22, 0x00, 0x22, 0x00, 0x01, 0x00, 0x01, 0x00, 0x01, 0x00, 0x01, 0x00, 0x01,
    0x00, 0x23, 0x00, 0x01, 0x00, 0x01, 0x00, 0x01, 0x00, 0x01, 0x00, 0x22, 0x01, 0x6B, 0x01, 0x29,
    0x00, 0xC6, 0x00, 0xA6, 0x00, 0x01, 0x00, 0x01, 0x00, 0x01, 0x00, 0x22, 0x00, 0x22, 0x00, 0x01,
    0x00, 0x01, 0x00, 0x01, 0x00, 0x01, 0x00, 0x01, 0x00, 0x01, 0x00, 0x01, 0x00, 0x01, 0x00, 0xE7,
    0x00, 0xC7, 0x00, 0xC6, 0x00, 0x23, 0x00, 0x43, 0x00, 0x43, 0x00, 0x43, 0x00, 0x43, 0x00, 0x00,
    0x00, 0x01, 0x00, 0x01, 0x00, 0x01, 0x00, 0x01, 0x00, 0x85, 0x00, 0x85, 0x00, 0xE7, 0x00, 0xC6,
    0x00, 0x85, 0x00, 0x64, 0x00, 0x22, 0x00, 0x01, 0x00, 0x01, 0x00, 0x01, 0x00, 0x01, 0x00, 0x01,
    0x00, 0x01, 0x00, 0x01, 0x00, 0x01, 0x00, 0x85, 0x00, 0x85, 0x00, 0xE7, 0x00, 0xE7, 0x00, 0x85,
    0x01, 0x08, 0x00, 0xE7, 0x00, 0xE7, 0x00, 0xE7, 0x00, 0xE8, 0x00, 0xE7, 0x00, 0xE7, 0x01, 0x09,
    0x01, 0x08, 0x00, 0xE7, 0x00, 0xE7, 0x00, 0xE7, 0x00, 0xA5, 0x00, 0xA5, 0x00, 0x85, 0x00, 0x85,
    0x00, 0xA5, 0x00, 0xC7, 0x00, 0xC6, 0x00, 0xE7, 0x00, 0x64, 0x00, 0x85, 0x00, 0x85, 0x00, 0x85,
    0x00, 0xE7, 0x00, 0xE7, 0x01, 0x08, 0x01, 0x08, 0x01, 0x08, 0x01, 0x08, 0x00, 0x64, 0x00, 0x85,
    0x00, 0xA6, 0x00, 0x85, 0x00, 0xA6, 0x00, 0x65, 0x00, 0x85, 0x00, 0x85, 0x00, 0x85, 0x00, 0xA6,
    0x00, 0x64, 0x00, 0x85, 0x00, 0xA6, 0x00, 0xA6, 0x00, 0xA6, 0x00, 0x65, 0x00, 0x65, 0x00, 0x64,
    0x00, 0x64, 0x00, 0x64, 0x00, 0x44, 0x00, 0x64, 0x00, 0x64, 0x00, 0x64, 0x00, 0x44, 0x00, 0x44,
    0x00, 0x43, 0x00, 0x23, 0x00, 0x01, 0x00, 0x01, 0x00, 0x01, 0x00, 0x01, 0x00, 0x01, 0x00, 0x01,
    0x00, 0x01, 0x00, 0x01, 0x00, 0x01, 0x00, 0x02, 0x00, 0x22, 0x00, 0x23, 0x00, 0x22, 0x00, 0x22,
    0x00, 0x01, 0x00, 0x01, 0x00, 0x01, 0x00, 0x01, 0x00, 0x01, 0x00, 0x43, 0x00, 0x23, 0x00, 0x43,
    0x00, 0x00, 0x00, 0x01, 0x00, 0x01, 0x00, 0x01, 0x00, 0x01, 0x00, 0xE8, 0x00, 0xA6, 0x01, 0x08,
    0x01, 0x28, 0x00, 0x63, 0x00, 0x00, 0x00, 0x01, 0x00, 0x22, 0x00, 0x22, 0x00, 0x01, 0x00, 0x01,
    0x00, 0x01, 0x00, 0x01, 0x00, 0x01, 0x00, 0x01, 0x00, 0x01, 0x00, 0x01, 0x00, 0xC6, 0x00, 0xC6,
    0x00, 0xC6, 0x00, 0x23, 0x00, 0x43, 0x00, 0x43, 0x00, 0x43, 0x00, 0x44, 0x00, 0x00, 0x00, 0x01,
    0x00, 0x01, 0x00, 0x01, 0x00, 0x01, 0x00, 0x44, 0x00, 0x64, 0x01, 0x08, 0x00, 0xC6, 0x00, 0xC7,
    0x00, 0xC7, 0x00, 0x64, 0x00, 0x01, 0x00, 0x02, 0x00, 0x01, 0x00, 0x01, 0x00, 0x01, 0x00, 0x01,
    0x00, 0x01, 0x00, 0x01, 0x00, 0x85, 0x00, 0x85, 0x00, 0xE7, 0x00, 0xE7, 0x00, 0x84, 0x00, 0xE8,
    0x01, 0x08, 0x00, 0xE7, 0x00, 0xE7, 0x00, 0xE7, 0x00, 0xE7, 0x00, 0xC7, 0x01, 0x08, 0x01, 0x08,
    0x00, 0xC6, 0x00, 0xE7, 0x00, 0xC7, 0x00, 0x85, 0x00, 0x85, 0x00, 0x85, 0x00, 0x85, 0x00, 0x85,
    0x00, 0xC6, 0x00, 0xC7, 0x01, 0x08, 0x00, 0x64, 0x00, 0x64, 0x00, 0x64, 0x00, 0x64, 0x00, 0xE7,
    0x00, 0xE7, 0x00, 0xE8, 0x01, 0x08, 0x01, 0x08, 0x01, 0x08, 0x00, 0x43, 0x00, 0x85, 0x00, 0xA5,
    0x00, 0x85, 0x00, 0xC6, 0x00, 0x65, 0x00, 0x85, 0x00, 0x85, 0x00, 0x85, 0x00, 0xA6, 0x00, 0x85,
    0x00, 0x85, 0x00, 0xC6, 0x00, 0xA6, 0x00, 0xA6, 0x00, 0x64, 0x00, 0x84, 0x00, 0x64, 0x00, 0x44,
    0x00, 0x64, 0x00, 0x43, 0x00, 0x43, 0x00, 0x64, 0x00, 0x64, 0x00, 0x64, 0x00, 0x44, 0x00, 0x44,
    0x00, 0x23, 0x00, 0x01, 0x00, 0x01, 0x00, 0x01, 0x00, 0x01, 0x00, 0x01, 0x00, 0x01, 0x00, 0x01,
    0x00, 0x01, 0x00, 0x01, 0x00, 0x22, 0x00, 0x22, 0x00, 0x23, 0x00, 0x22, 0x00, 0x43, 0x00, 0x01,
    0x00, 0x01, 0x00, 0x01, 0x00, 0x01, 0x00, 0x01, 0x00, 0x43, 0x00, 0x23, 0x00, 0x43, 0x00, 0x00,
    0x00, 0x01, 0x00, 0x01, 0x00, 0x01, 0x00, 0x01, 0x00, 0xC8, 0x00, 0xA6, 0x01, 0x09, 0x01, 0x08,
    0x00, 0x22, 0x00, 0x01, 0x00, 0x01, 0x00, 0x23, 0x00, 0x22, 0x00, 0x00, 0x00, 0x01, 0x00, 0x01,
    0x00, 0x01, 0x00, 0x01, 0x00, 0x01, 0x00, 0x01, 0x00, 0x01, 0x00, 0xC7, 0x00, 0xE8, 0x00, 0xC7,
    0x00, 0x43, 0x00, 0x43, 0x00, 0x43, 0x00, 0x43, 0x00, 0x64, 0x00, 0x00, 0x00, 0x00, 0x00, 0x01,
    0x00, 0x01, 0x00, 0x01, 0x00, 0x65, 0x00, 0x64, 0x01, 0x09, 0x00, 0xE7, 0x00, 0xC6, 0x00, 0xA6,
    0x00, 0x44, 0x00, 0x01, 0x00, 0x01, 0x00, 0x01, 0x00, 0x01, 0x00, 0x01, 0x00, 0x01, 0x00, 0x01,
    0x00, 0x01, 0x00, 0xC6, 0x00, 0xC7, 0x00, 0xC7, 0x00, 0xC7, 0x00, 0xE7, 0x00, 0xE7, 0x00, 0xE7,
    0x00, 0xE7, 0x00, 0xC7, 0x00, 0xE8, 0x01, 0x08, 0x01, 0x08, 0x01, 0x49, 0x01, 0x49, 0x01, 0x29,
    0x01, 0x08, 0x01, 0x08, 0x01, 0x08, 0x01, 0x08, 0x00, 0xA6, 0x00, 0xE7, 0x00, 0xE7, 0x00, 0xA6,
    0x00, 0xA6, 0x00, 0x85, 0x00, 0xC7, 0x00, 0xC6, 0x00, 0xC6, 0x00, 0xC6, 0x00, 0xE7, 0x01, 0x07,
    0x00, 0xE7, 0x00, 0xE7, 0x00, 0xE7, 0x01, 0x08, 0x00, 0xE7, 0x00, 0xE7, 0x00, 0xA6, 0x00, 0xA6,
    0x00, 0xA6, 0x00, 0xE7, 0x00, 0xE7, 0x00, 0xE7, 0x00, 0xE7, 0x00, 0xA6, 0x00, 0x85, 0x00, 0x85,
    0x00, 0xA5, 0x00, 0x85, 0x00, 0xC7, 0x00, 0x85, 0x00, 0x85, 0x00, 0xC6, 0x00, 0xC6, 0x00, 0x64,
    0x00, 0x64, 0x00, 0x44, 0x00, 0x44, 0x00, 0x44, 0x00, 0x64, 0x00, 0x01, 0x00, 0x02, 0x00, 0x01,
    0x00, 0x01, 0x00, 0x01, 0x00, 0x01, 0x00, 0x01, 0x00, 0x22, 0x00, 0x23, 0x00, 0x22, 0x00, 0x22,
    0x00, 0x23, 0x00, 0x22, 0x00, 0x22, 0x00, 0x23, 0x00, 0x00, 0x00, 0x01, 0x00, 0x01, 0x00, 0x01,
    0x00, 0x01, 0x00, 0x01, 0x00, 0x01, 0x00, 0x23, 0x00, 0x23, 0x00, 0x23, 0x00, 0x00, 0x00, 0x01,
    0x00, 0x01, 0x00, 0x01, 0x00, 0x01, 0x00, 0xA6, 0x00, 0x85, 0x01, 0x08, 0x01, 0x08, 0x00, 0xC7,
    0x00, 0x00, 0x00, 0x01, 0x00, 0x01, 0x00, 0x01, 0x00, 0x02, 0x00, 0x00, 0x00, 0x01, 0x00, 0x01,
    0x00, 0x01, 0x00, 0x01, 0x00, 0x01, 0x00, 0x01, 0x00, 0x01, 0x00, 0x01, 0x00, 0xC7, 0x00, 0x43,
    0x00, 0x43, 0x00, 0x43, 0x00, 0x23, 0x00, 0x23, 0x00, 0x23, 0x00, 0x23, 0x00, 0x00, 0x00, 0x01,
    0x00, 0x01, 0x00, 0x01, 0x00, 0x01, 0x00, 0xA6, 0x00, 0x85, 0x00, 0xC7, 0x00, 0xC7, 0x00, 0xC7,
    0x00, 0x01, 0x00, 0x23, 0x00, 0x22, 0x00, 0x01, 0x00, 0x01, 0x00, 0x01, 0x00, 0x01, 0x00, 0x01,
    0x00, 0xC7, 0x00, 0xC7, 0x00, 0xC7, 0x00, 0xC7, 0x00, 0xC6, 0x00, 0xC7, 0x00, 0xC7, 0x00, 0xE7,
    0x00, 0xE7, 0x00, 0xE7, 0x01, 0x08, 0x01, 0x08, 0x01, 0x29, 0x01, 0x49, 0x01, 0x29, 0x01, 0x08,
    0x01, 0x28, 0x01, 0x08, 0x01, 0x08, 0x00, 0xC6, 0x00, 0xE7, 0x00, 0xE8, 0x00, 0xA5, 0x00, 0xA5,
    0x00, 0x85, 0x00, 0xC7, 0x00, 0xC6, 0x00, 0xA6, 0x00, 0xA6, 0x00, 0xE7, 0x00, 0xE8, 0x00, 0xE7,
    0x00, 0xE7, 0x00, 0xE7, 0x01, 0x08, 0x00, 0xE7, 0x00, 0xE7, 0x00, 0xA6, 0x00, 0xA6, 0x00, 0x85,
    0x00, 0xE7, 0x00, 0xC7, 0x00, 0xC7, 0x00, 0xC7, 0x00, 0xA5, 0x00, 0xA5, 0x00, 0xA5, 0x00, 0x85,
    0x00, 0x85, 0x00, 0xC6, 0x00, 0xA6, 0x00, 0x85, 0x00, 0x85, 0x00, 0x85, 0x00, 0x64, 0x00, 0x64,
    0x00, 0x44, 0x00, 0x43, 0x00, 0x64, 0x00, 0x64, 0x00, 0x00, 0x00, 0x01, 0x00, 0x01, 0x00, 0x01,
    0x00, 0x01, 0x00, 0x01, 0x00, 0x01, 0x00, 0x43, 0x00, 0x43, 0x00, 0x22, 0x00, 0x43, 0x00, 0x43,
    0x00, 0x22, 0x00, 0x22, 0x00, 0x23, 0x00, 0x00, 0x00, 0x01, 0x00, 0x01, 0x00, 0x01, 0x00, 0x01,
    0x00, 0x01, 0x00, 0x01, 0x00, 0x23, 0x00, 0x43, 0x00, 0x22, 0x00, 0x01, 0x00, 0x01, 0x00, 0x01,
    0x00, 0x01, 0x00, 0x01, 0x00, 0x86, 0x00, 0x85, 0x01, 0x08, 0x01, 0x08, 0x00, 0xC6, 0x00, 0x00,
    0x00, 0x01, 0x00, 0x01, 0x00, 0x01, 0x00, 0x22, 0x00, 0x01, 0x00, 0x01, 0x00, 0x01, 0x00, 0x01,
    0x00, 0x01, 0x00, 0x00, 0x00, 0x01, 0x00, 0x01, 0x00, 0x01, 0x00, 0xC6, 0x00, 0x43, 0x00, 0x64,
    0x00, 0x43, 0x00, 0x43, 0x00, 0x23, 0x00, 0x23, 0x00, 0x23, 0x00, 0x01, 0x00, 0x01, 0x00, 0x01,
    0x00, 0x01, 0x00, 0x01, 0x00, 0x86, 0x00, 0x85, 0x00, 0xC7, 0x00, 0xC6, 0x00, 0xC6, 0x00, 0x22,
    0x00, 0x23, 0x00, 0x02, 0x00, 0x22, 0x00, 0x01, 0x00, 0x01, 0x00, 0x01, 0x00, 0x01, 0x00, 0xE8,
    0x00, 0xE7, 0x00, 0xC7, 0x00, 0xC7, 0x00, 0xC7, 0x00, 0xA5, 0x00, 0xA6, 0x00, 0xC6, 0x00, 0xA6,
    0x00, 0xA6, 0x00, 0xE8, 0x00, 0xE7, 0x01, 0x08, 0x00, 0xE7, 0x01, 0x08, 0x01, 0x08, 0x01, 0x08,
    0x00, 0xC7, 0x00, 0xC6, 0x00, 0xC6, 0x01, 0x08, 0x00, 0xE7, 0x00, 0x85, 0x00, 0x85, 0x00, 0x85,
    0x00, 0xA6, 0x00, 0xC6, 0x00, 0xE8, 0x01, 0x08, 0x00, 0xE7, 0x00, 0xE7, 0x00, 0xE7, 0x01, 0x28,
    0x01, 0x08, 0x00, 0xE7, 0x00, 0xE7, 0x00, 0xE7, 0x00, 0xE7, 0x00, 0xE7, 0x00, 0xA5, 0x00, 0x85,
    0x00, 0x85, 0x00, 0xA5, 0x00, 0x85, 0x00, 0x85, 0x00, 0xA6, 0x00, 0xA6, 0x00, 0x85, 0x00, 0x85,
    0x00, 0x85, 0x00, 0xC6, 0x00, 0xA5, 0x00, 0x85, 0x00, 0x64, 0x00, 0x64, 0x00, 0x64, 0x00, 0x64,
    0x00, 0x64, 0x00, 0x64, 0x00, 0x01, 0x00, 0x01, 0x00, 0x01, 0x00, 0x01, 0x00, 0x01, 0x00, 0x01,
    0x00, 0x01, 0x00, 0x01, 0x00, 0x43, 0x00, 0x43, 0x00, 0x23, 0x00, 0x23, 0x00, 0x43, 0x00, 0x43,
    0x00, 0x43, 0x00, 0x01, 0x00, 0x01, 0x00, 0x01, 0x00, 0x01, 0x00, 0x01, 0x00, 0x01, 0x00, 0x23,
    0x00, 0x22, 0x00, 0x43, 0x00, 0x23, 0x00, 0x01, 0x00, 0x01, 0x00, 0x01, 0x00, 0x01, 0x00, 0x01,
    0x00, 0x01, 0x00, 0x01, 0x00, 0x01, 0x00, 0xE7, 0x00, 0xE7, 0x01, 0x08, 0x00, 0x43, 0x00, 0x43,
    0x00, 0x01, 0x00, 0x01, 0x00, 0x01, 0x00, 0x01, 0x00, 0x01, 0x00, 0x01, 0x00, 0x01, 0x00, 0x01,
    0x00, 0x01, 0x00, 0x01, 0x00, 0x01, 0x00, 0x01, 0x00, 0x85, 0x00, 0xE8, 0x00, 0xE7, 0x00, 0x43,
    0x00, 0x64, 0x00, 0x43, 0x00, 0x23, 0x00, 0x23, 0x00, 0x00, 0x00, 0x01, 0x00, 0x01, 0x00, 0x01,
    0x00, 0x01, 0x00, 0x22, 0x00, 0x22, 0x00, 0xC6, 0x00, 0xC6, 0x00, 0xC7, 0x00, 0x63, 0x00, 0x64,
    0x00, 0x22, 0x00, 0x22, 0x00, 0x22, 0x00, 0x00, 0x00, 0x01, 0x00, 0x01, 0x01, 0x08, 0x00, 0xE7,
    0x00, 0xE7, 0x00, 0xC6, 0x00, 0xC7, 0x00, 0xA6, 0x00, 0xA6, 0x00, 0xA6, 0x00, 0xA6, 0x00, 0xA5,
    0x00, 0xE8, 0x00, 0xE7, 0x01, 0x08, 0x01, 0x08, 0x01, 0x08, 0x01, 0x08, 0x00, 0xE8, 0x00, 0xC6,
    0x00, 0xC6, 0x00, 0xA6, 0x00, 0xE7, 0x00, 0xE7, 0x00, 0xA5, 0x00, 0x85, 0x00, 0x85, 0x00, 0xC6,
    0x00, 0xC7, 0x01, 0x08, 0x01, 0x08, 0x00, 0xE8, 0x01, 0x08, 0x00, 0xE7, 0x01, 0x08, 0x01, 0x08,
    0x00, 0xE7, 0x00, 0xE7, 0x00, 0xE7, 0x00, 0xC7, 0x00, 0xC7, 0x00, 0xA6, 0x00, 0xA5, 0x00, 0x85,
    0x00, 0x85, 0x00, 0xA6, 0x00, 0x85, 0x00, 0xA6, 0x00, 0xA5, 0x00, 0x85, 0x00, 0x85, 0x00, 0xA5,
    0x00, 0x85, 0x00, 0xA5, 0x00, 0x64, 0x00, 0x65, 0x00, 0x64, 0x00, 0x64, 0x00, 0x64, 0x00, 0x64,
    0x00, 0x85, 0x00, 0x01, 0x00, 0x01, 0x00, 0x01, 0x00, 0x01, 0x00, 0x01, 0x00, 0x01, 0x00, 0x01,
    0x00, 0x01, 0x00, 0x43, 0x00, 0x44, 0x00, 0x22, 0x00, 0x43, 0x00, 0x23, 0x00, 0x43, 0x00, 0x44,
    0x00, 0x01, 0x00, 0x01, 0x00, 0x01, 0x00, 0x01, 0x00, 0x01, 0x00, 0x01, 0x00, 0x02, 0x00, 0x22,
    0x00, 0x43, 0x00, 0x23, 0x00, 0x01, 0x00, 0x01, 0x00, 0x01, 0x00, 0x01, 0x00, 0x01, 0x00, 0x01,
    0x00, 0x01, 0x00, 0x01, 0x00, 0xE7, 0x00, 0xE7, 0x01, 0x08, 0x00, 0x22, 0x00, 0x43, 0x00, 0x01,
    0x00, 0x01, 0x00, 0x01, 0x00, 0x00, 0x00, 0x01, 0x00, 0x01, 0x00, 0x01, 0x00, 0x01, 0x00, 0x01,
    0x00, 0x01, 0x00, 0x01, 0x00, 0x01, 0x00, 0x85, 0x00, 0xE8, 0x00, 0xC7, 0x00, 0x43, 0x00, 0x63,
    0x00, 0x23, 0x00, 0x23, 0x00, 0x23, 0x00, 0x00, 0x00, 0x01, 0x00, 0x01, 0x00, 0x01, 0x00, 0x01,
    0x00, 0x01, 0x00, 0x22, 0x00, 0xC7, 0x00, 0xC7, 0x00, 0xC7, 0x00, 0x22, 0x00, 0x43, 0x00, 0x22,
    0x00, 0x22, 0x00, 0x22, 0x00, 0x00, 0x00, 0x01, 0x00, 0x01, 0x00, 0xA6, 0x00, 0xA6, 0x01, 0x08,
    0x01, 0x08, 0x00, 0xC7, 0x00, 0xA6, 0x00, 0xA6, 0x00, 0xE7, 0x00, 0xE7, 0x00, 0xE7, 0x00, 0x85,
    0x00, 0xA5, 0x01, 0x08, 0x01, 0x08, 0x01, 0x08, 0x00, 0xE7, 0x01, 0x08, 0x01, 0x08, 0x01, 0x08,
    0x01, 0x08, 0x00, 0xE7, 0x01, 0x07, 0x00, 0xC7, 0x00, 0xC7, 0x00, 0xC7, 0x00, 0xA6, 0x00, 0xC7,
    0x01, 0x08, 0x00, 0xE8, 0x00, 0xE7, 0x00, 0xE7, 0x00, 0xE7, 0x01, 0x28, 0x01, 0x28, 0x01, 0x08,
    0x00, 0x85, 0x00, 0xA6, 0x00, 0xE7, 0x00, 0xE7, 0x00, 0xA6, 0x00, 0xA6, 0x00, 0xA5, 0x00, 0xA5,
    0x00, 0xA5, 0x00, 0xA6, 0x00, 0xA6, 0x00, 0x85, 0x00, 0x85, 0x00, 0x85, 0x00, 0x85, 0x00, 0x85,
    0x00, 0x85, 0x00, 0x85, 0x00, 0x65, 0x00, 0x64, 0x00, 0x64, 0x00, 0x44, 0x00, 0x01, 0x00, 0x01,
    0x00, 0x01, 0x00, 0x01, 0x00, 0x01, 0x00, 0x01, 0x00, 0x01, 0x00, 0x01, 0x00, 0x43, 0x00, 0x43,
    0x00, 0x43, 0x00, 0x43, 0x00, 0x23, 0x00, 0x43, 0x00, 0x43, 0x00, 0x01, 0x00, 0x01, 0x00, 0x01,
    0x00, 0x01, 0x00, 0x01, 0x00, 0x01, 0x00, 0x01, 0x00, 0x01, 0x00, 0x43, 0x00, 0x43, 0x00, 0x23,
    0x00, 0x22, 0x00, 0x01, 0x00, 0x01, 0x00, 0x01, 0x00, 0x01, 0x00, 0x01, 0x00, 0x01, 0x00, 0x01,
    0x00, 0x01, 0x00, 0xC6, 0x00, 0xC6, 0x01, 0x29, 0x00, 0xC6, 0x00, 0xC6, 0x00, 0x01, 0x00, 0x01,
    0x00, 0x01, 0x00, 0x01, 0x00, 0x01, 0x00, 0x01, 0x00, 0x01, 0x00, 0x01, 0x00, 0x01, 0x00, 0x01,
    0x00, 0x01, 0x00, 0x01, 0x00, 0x01, 0x01, 0x09, 0x00, 0xE7, 0x00, 0x64, 0x00, 0x64, 0x00, 0x43,
    0x00, 0x43, 0x00, 0x23, 0x00, 0x22, 0x00, 0x22, 0x00, 0x01, 0x00, 0x01, 0x00, 0x01, 0x00, 0x01,
    0x00, 0x01, 0x00, 0x01, 0x00, 0x01, 0x00, 0xE7, 0x00, 0xE7, 0x00, 0xE7, 0x00, 0x43, 0x00, 0x22,
    0x00, 0x22, 0x00, 0x23, 0x00, 0x22, 0x00, 0x01, 0x00, 0xA6, 0x00, 0x85, 0x01, 0x08, 0x00, 0xE8,
    0x00, 0xA6, 0x00, 0xA6, 0x00, 0xA6, 0x00, 0xE7, 0x00, 0xE7, 0x00, 0xC7, 0x00, 0x85, 0x00, 0xA6,
    0x01, 0x08, 0x01, 0x08, 0x01, 0x08, 0x00, 0xE7, 0x00, 0xE7, 0x00, 0xE7, 0x00, 0xE7, 0x01, 0x29,
    0x01, 0x08, 0x00, 0xE8, 0x00, 0xC7, 0x00, 0xC7, 0x00, 0xC7, 0x00, 0xC7, 0x00, 0xC6, 0x01, 0x08,
    0x01, 0x08, 0x00, 0xE7, 0x00, 0xE8, 0x01, 0x08, 0x01, 0x28, 0x01, 0x28, 0x01, 0x29, 0x00, 0xA5,
    0x00, 0xA6, 0x00, 0xE7, 0x00, 0xE7, 0x00, 0xA5, 0x00, 0x85, 0x00, 0x85, 0x00, 0x85, 0x00, 0xA5,
    0x00, 0xA6, 0x00, 0xA5, 0x00, 0x85, 0x00, 0x85, 0x00, 0x85, 0x00, 0x85, 0x00, 0x85, 0x00, 0x85,
    0x00, 0x64, 0x00, 0x64, 0x00, 0x64, 0x00, 0x64, 0x00, 0x64, 0x00, 0x01, 0x00, 0x01, 0x00, 0x01,
    0x00, 0x01, 0x00, 0x01, 0x00, 0x01, 0x00, 0x01, 0x00, 0x01, 0x00, 0x43, 0x00, 0x23, 0x00, 0x43,
    0x00, 0x23, 0x00, 0x23, 0x00, 0x43, 0x00, 0x43, 0x00, 0x01, 0x00, 0x01, 0x00, 0x01, 0x00, 0x01,
    0x00, 0x01, 0x00, 0x01, 0x00, 0x01, 0x00, 0x00, 0x00, 0x43, 0x00, 0x23, 0x00, 0x23, 0x00, 0x23,
    0x00, 0x01, 0x00, 0x01, 0x00, 0x01, 0x00, 0x01, 0x00, 0x00, 0x00, 0x01, 0x00, 0x01, 0x00, 0x01,
    0x00, 0xC7, 0x00, 0xE8, 0x01, 0x2A, 0x00, 0xA6, 0x00, 0xC6, 0x00, 0x00, 0x00, 0x00, 0x00, 0x01,
    0x00, 0x01, 0x00, 0x01, 0x00, 0x01, 0x00, 0x01, 0x00, 0x01, 0x00, 0x01, 0x00, 0x01, 0x00, 0x01,
    0x00, 0x01, 0x00, 0x02, 0x01, 0x2A, 0x00, 0xE8, 0x00, 0x64, 0x00, 0x64, 0x00, 0x23, 0x00, 0x23,
    0x00, 0x23, 0x00, 0x22, 0x00, 0x22, 0x00, 0x01, 0x00, 0x01, 0x00, 0x01, 0x00, 0x01, 0x00, 0x01,
    0x00, 0x01, 0x00, 0x01, 0x01, 0x09, 0x00, 0xE8, 0x00, 0xE7, 0x00, 0x22, 0x00, 0x22, 0x00, 0x22,
    0x00, 0x23, 0x00, 0x22, 0x00, 0x01, 0x00, 0xE7, 0x01, 0x08, 0x01, 0x08, 0x01, 0x08, 0x00, 0xE8,
    0x00, 0xE7, 0x00, 0xE7, 0x00, 0xC7, 0x00, 0xC7, 0x00, 0xC7, 0x00, 0xA6, 0x00, 0xA6, 0x00, 0xA6,
    0x00, 0xA6, 0x00, 0xE8, 0x00, 0xE8, 0x00, 0xE8, 0x00, 0xE7, 0x00, 0xC7, 0x00, 0x85, 0x00, 0xE8,
    0x00, 0xE7, 0x00, 0xC7, 0x00, 0xC7, 0x00, 0xC7, 0x00, 0xC7, 0x00, 0xA6, 0x00, 0xA6, 0x00, 0xA6,
    0x00, 0x85, 0x01, 0x09, 0x00, 0xE8, 0x01, 0x29, 0x01, 0x29, 0x00, 0xC6, 0x00, 0xC7, 0x00, 0xC7,
    0x00, 0xE7, 0x00, 0xE7, 0x00, 0xC7, 0x00, 0xE8, 0x00, 0xE8, 0x00, 0xE7, 0x00, 0xE7, 0x00, 0xC6,
    0x00, 0x85, 0x00, 0x85, 0x00, 0x85, 0x00, 0x85, 0x00, 0x85, 0x00, 0x44, 0x00, 0x64, 0x00, 0x64,
    0x00, 0x64, 0x00, 0x64, 0x00, 0x00, 0x00, 0x01, 0x00, 0x01, 0x00, 0x01, 0x00, 0x01, 0x00, 0x01,
    0x00, 0x01, 0x00, 0x01, 0x00, 0x01, 0x00, 0x23, 0x00, 0x23, 0x00, 0x23, 0x00, 0x22, 0x00, 0x23,
    0x00, 0x43, 0x00, 0x02, 0x00, 0x22, 0x00, 0x01, 0x00, 0x01, 0x00, 0x01, 0x00, 0x01, 0x00, 0x01,
    0x00, 0x01, 0x00, 0x01, 0x00, 0x23, 0x00, 0x22, 0x00, 0x43, 0x00, 0x23, 0x00, 0x22, 0x00, 0x01,
    0x00, 0x01, 0x00, 0x01, 0x00, 0x01, 0x00, 0x01, 0x00, 0x01, 0x00, 0x01, 0x00, 0x01, 0x00, 0x01,
    0x00, 0x00, 0x00, 0xE7, 0x00, 0xE7, 0x00, 0xE7, 0x00, 0x44, 0x00, 0x43, 0x00, 0x01, 0x00, 0x01,
    0x00, 0x01, 0x00, 0x01, 0x00, 0x01, 0x00, 0x01, 0x00, 0x01, 0x00, 0x01, 0x00, 0x01, 0x00, 0x01,
    0x00, 0x01, 0x01, 0x08, 0x00, 0xC7, 0x00, 0xC7, 0x00, 0xC7, 0x00, 0x64, 0x00, 0x43, 0x00, 0x43,
    0x00, 0x22, 0x00, 0x22, 0x00, 0x01, 0x00, 0x01, 0x00, 0x01, 0x00, 0x01, 0x00, 0x01, 0x00, 0x01,
    0x00, 0x22, 0x00, 0x85, 0x01, 0x08, 0x00, 0xC7, 0x00, 0xA6, 0x00, 0x85, 0x00, 0x22, 0x00, 0x23,
    0x00, 0x23, 0x00, 0x22, 0x00, 0xE7, 0x00, 0xE7, 0x01, 0x08, 0x00, 0xE7, 0x00, 0xE7, 0x01, 0x08,
    0x01, 0x08, 0x00, 0xE7, 0x00, 0xE7, 0x00, 0xE7, 0x00, 0xA5, 0x00, 0xA6, 0x00, 0xA6, 0x00, 0xA6,
    0x00, 0xC7, 0x00, 0xC6, 0x00, 0xC6, 0x00, 0xE7, 0x00, 0xE7, 0x00, 0xA5, 0x00, 0x85, 0x00, 0x85,
    0x00, 0xE7, 0x00, 0xC7, 0x00, 0x64, 0x00, 0xA6, 0x00, 0xC7, 0x00, 0xA5, 0x00, 0x85, 0x00, 0x85,
    0x00, 0x85, 0x00, 0x84, 0x00, 0x64, 0x00, 0x64, 0x00, 0xA5, 0x00, 0xC6, 0x00, 0xC7, 0x00, 0xC7,
    0x00, 0xC7, 0x00, 0xC7, 0x00, 0x86, 0x00, 0xA6, 0x00, 0xA5, 0x00, 0xA6, 0x00, 0xC6, 0x00, 0xA5,
    0x00, 0xA6, 0x00, 0xC7, 0x00, 0xC6, 0x00, 0x85, 0x00, 0x44, 0x00, 0x64, 0x00, 0x23, 0x00, 0x22,
    0x00, 0x01, 0x00, 0x00, 0x00, 0x01, 0x00, 0x01, 0x00, 0x01, 0x00, 0x01, 0x00, 0x01, 0x00, 0x01,
    0x00, 0x22, 0x00, 0x02, 0x00, 0x22, 0x00, 0x43, 0x00, 0x43, 0x00, 0x43, 0x00, 0x43, 0x00, 0x01,
    0x00, 0x01, 0x00, 0x01, 0x00, 0x01, 0x00, 0x01, 0x00, 0x01, 0x00, 0x01, 0x00, 0x01, 0x00, 0x22,
    0x00, 0x22, 0x00, 0x22, 0x00, 0x22, 0x00, 0x22, 0x00, 0x01, 0x00, 0x01, 0x00, 0x00, 0x00, 0x01,
    0x00, 0x01, 0x00, 0x01, 0x00, 0x01, 0x00, 0x01, 0x00, 0x01, 0x00, 0x01, 0x00, 0x01, 0x00, 0x00,
    0x00, 0x64, 0x01, 0x29, 0x01, 0x08, 0x00, 0xE7, 0x00, 0xC7, 0x00, 0x23, 0x00, 0x00, 0x00, 0x01,
    0x00, 0x01, 0x00, 0x01, 0x00, 0x01, 0x00, 0x01, 0x00, 0x01, 0x00, 0x01, 0x00, 0x01, 0x00, 0x01,
    0x00, 0x43, 0x00, 0x22, 0x00, 0xC7, 0x00, 0xC7, 0x00, 0xA6, 0x00, 0x43, 0x00, 0x44, 0x00, 0x43,
    0x00, 0x43, 0x00, 0x23, 0x00, 0x01, 0x00, 0x01, 0x00, 0x01, 0x00, 0x01, 0x00, 0x01, 0x00, 0x00,
    0x00, 0x01, 0x00, 0xE7, 0x00, 0xA5, 0x00, 0xC7, 0x00, 0xC7, 0x00, 0x23, 0x00, 0x23, 0x00, 0x22,
    0x00, 0x23, 0x00, 0xE7, 0x00, 0xE7, 0x00, 0xE7, 0x00, 0xE8, 0x00, 0xE7, 0x01, 0x08, 0x00, 0xE8,
    0x00, 0xE7, 0x00, 0xE7, 0x00, 0xE8, 0x00, 0xC6, 0x00, 0xA6, 0x00, 0xA6, 0x00, 0xA6, 0x00, 0xC6,
    0x00, 0xA6, 0x00, 0xC6, 0x00, 0xE7, 0x00, 0xC7, 0x00, 0xA6, 0x00, 0x85, 0x00, 0x85, 0x00, 0xC7,
    0x00, 0xE7, 0x00, 0x85, 0x00, 0xA6, 0x00, 0xC6, 0x00, 0x85, 0x00, 0x85, 0x00, 0x85, 0x00, 0xA5,
    0x00, 0xA5, 0x00, 0x85, 0x00, 0x85, 0x00, 0xA6, 0x00, 0xA6, 0x00, 0xA6, 0x00, 0xC6, 0x00, 0xC6,
    0x00, 0xE7, 0x00, 0xA5, 0x00, 0xA6, 0x00, 0xA6, 0x00, 0xA6, 0x00, 0xA6, 0x00, 0x85, 0x00, 0xA5,
    0x00, 0xC6, 0x00, 0xA6, 0x00, 0x84, 0x00, 0x43, 0x00, 0x64, 0x00, 0x43, 0x00, 0x22, 0x00, 0x01,
    0x00, 0x01, 0x00, 0x01, 0x00, 0x01, 0x00, 0x01, 0x00, 0x01, 0x00, 0x01, 0x00, 0x21, 0x00, 0x22,
    0x00, 0x22, 0x00, 0x22, 0x00, 0x23, 0x00, 0x43, 0x00, 0x43, 0x00, 0x23, 0x00, 0x01, 0x00, 0x01,
    0x00, 0x01, 0x00, 0x01, 0x00, 0x01, 0x00, 0x01, 0x00, 0x01, 0x00, 0x01, 0x00, 0x22, 0x00, 0x23,
    0x00, 0x23, 0x00, 0x22, 0x00, 0x22, 0x00, 0x01, 0x00, 0x01, 0x00, 0x01, 0x00, 0x01, 0x00, 0x01,
    0x00, 0x01, 0x00, 0x01, 0x00, 0x01, 0x00, 0x01, 0x00, 0x01, 0x00, 0x01, 0x00, 0x00, 0x00, 0x64,
    0x01, 0x29, 0x01, 0x08, 0x00, 0xC7, 0x00, 0xA6, 0x00, 0x23, 0x00, 0x01, 0x00, 0x01, 0x00, 0x01,
    0x00, 0x01, 0x00, 0x01, 0x00, 0x01, 0x00, 0x01, 0x00, 0x01, 0x00, 0x01, 0x00, 0x01, 0x00, 0x44,
    0x00, 0x43, 0x00, 0xC7, 0x00, 0xC7, 0x00, 0xA6, 0x00, 0x23, 0x00, 0x44, 0x00, 0x43, 0x00, 0x23,
    0x00, 0x23, 0x00, 0x01, 0x00, 0x01, 0x00, 0x01, 0x00, 0x01, 0x00, 0x01, 0x00, 0x01, 0x00, 0x01,
    0x00, 0xC7, 0x00, 0xA5, 0x00, 0xC7, 0x00, 0xC6, 0x00, 0x43, 0x00, 0x23, 0x00, 0x22, 0x00, 0x22,
    0x01, 0x08, 0x00, 0xE7, 0x00, 0xE8, 0x00, 0xE7, 0x01, 0x28, 0x00, 0xC6, 0x00, 0xC6, 0x01, 0x08,
    0x01, 0x08, 0x01, 0x08, 0x00, 0xE7, 0x00, 0xE7, 0x00, 0xC6, 0x00, 0xA6, 0x01, 0x29, 0x01, 0x08,
    0x01, 0x29, 0x00, 0xE7, 0x00, 0xE7, 0x00, 0xA6, 0x00, 0xC6, 0x00, 0xC7, 0x00, 0xC6, 0x00, 0xA6,
    0x00, 0xA5, 0x00, 0x85, 0x00, 0x85, 0x00, 0x85, 0x00, 0x85, 0x00, 0x85, 0x00, 0xA5, 0x00, 0xA6,
    0x00, 0x85, 0x00, 0x85, 0x00, 0xA6, 0x00, 0xC6, 0x00, 0xA6, 0x00, 0xC7, 0x00, 0xE7, 0x00, 0xE7,
    0x00, 0xA5, 0x00, 0xA6, 0x00, 0x85, 0x00, 0x85, 0x00, 0xA6, 0x00, 0x85, 0x00, 0xA5, 0x00, 0x85,
    0x00, 0x85, 0x00, 0x64, 0x00, 0x64, 0x00, 0x85, 0x00, 0x22, 0x00, 0x22, 0x00, 0x01, 0x00, 0x01,
    0x00, 0x01, 0x00, 0x01, 0x00, 0x01, 0x00, 0x01, 0x00, 0x22, 0x00, 0x22, 0x00, 0x22, 0x00, 0x22,
    0x00, 0x43, 0x00, 0x23, 0x00, 0x23, 0x00, 0x01, 0x00, 0x01, 0x00, 0x01, 0x00, 0x01, 0x00, 0x01,
    0x00, 0x01, 0x00, 0x01, 0x00, 0x01, 0x00, 0x01, 0x00, 0x01, 0x00, 0x22, 0x00, 0x23, 0x00, 0x43,
    0x00, 0x01, 0x00, 0x22, 0x00, 0x01, 0x00, 0x01, 0x00, 0x01, 0x00, 0x01, 0x00, 0x01, 0x00, 0x01,
    0x00, 0x01, 0x00, 0x01, 0x00, 0x01, 0x00, 0x01, 0x00, 0x01, 0x00, 0x01, 0x00, 0x43, 0x00, 0xC6,
    0x00, 0x85, 0x00, 0xC6, 0x00, 0xC6, 0x00, 0x85, 0x00, 0x01, 0x00, 0x01, 0x00, 0x01, 0x00, 0x01,
    0x00, 0x01, 0x00, 0x01, 0x00, 0x01, 0x00, 0x01, 0x00, 0x01, 0x00, 0x01, 0x00, 0x01, 0x00, 0x00,
    0x00, 0x64, 0x00, 0x64, 0x00, 0xA6, 0x00, 0x85, 0x00, 0x85, 0x00, 0x22, 0x00, 0x22, 0x00, 0x64,
    0x00, 0x01, 0x00, 0x01, 0x00, 0x01, 0x00, 0x01, 0x00, 0x01, 0x00, 0x01, 0x00, 0x01, 0x00, 0x01,
    0x00, 0x00, 0x00, 0xA6, 0x00, 0xA5, 0x00, 0xA6, 0x00, 0x22, 0x00, 0x23, 0x00, 0x23, 0x01, 0x08,
    0x00, 0xE7, 0x00, 0xE7, 0x00, 0xE7, 0x01, 0x28, 0x00, 0xE7, 0x00, 0xC6, 0x01, 0x08, 0x01, 0x08,
    0x01, 0x08, 0x01, 0x08, 0x00, 0xE7, 0x00, 0xC7, 0x00, 0xC6, 0x01, 0x29, 0x01, 0x28, 0x01, 0x29,
    0x00, 0xE7, 0x00, 0xE7, 0x00, 0xE7, 0x00, 0xC7, 0x00, 0xC7, 0x00, 0xC7, 0x00, 0xC7, 0x00, 0x85,
    0x00, 0x85, 0x00, 0x85, 0x00, 0x85, 0x00, 0x85, 0x00, 0x85, 0x00, 0xA6, 0x00, 0xA5, 0x00, 0x85,
    0x00, 0x85, 0x00, 0xA5, 0x00, 0xC7, 0x00, 0xC6, 0x00, 0xE7, 0x00, 0xE7, 0x00, 0xE7, 0x00, 0x85,
    0x00, 0xA6, 0x00, 0x85, 0x00, 0x85, 0x00, 0xC7, 0x00, 0xA5, 0x00, 0xA5, 0x00, 0x85, 0x00, 0x65,
    0x00, 0x65, 0x00, 0x64, 0x00, 0x64, 0x00, 0x01, 0x00, 0x02, 0x00, 0x01, 0x00, 0x01, 0x00, 0x01,
    0x00, 0x01, 0x00, 0x01, 0x00, 0x01, 0x00, 0x22, 0x00, 0x23, 0x00, 0x22, 0x00, 0x22, 0x00, 0x43,
    0x00, 0x23, 0x00, 0x43, 0x00, 0x01, 0x00, 0x01, 0x00, 0x01, 0x00, 0x01, 0x00, 0x01, 0x00, 0x01,
    0x00, 0x01, 0x00, 0x01, 0x00, 0x01, 0x00, 0x01, 0x00, 0x23, 0x00, 0x23, 0x00, 0x43, 0x00, 0x22,
    0x00, 0x22, 0x00, 0x01, 0x00, 0x01, 0x00, 0x01, 0x00, 0x01, 0x00, 0x01, 0x00, 0x01, 0x00, 0x01,
    0x00, 0x01, 0x00, 0x01, 0x00, 0x01, 0x00, 0x01, 0x00, 0x01, 0x00, 0x43, 0x00, 0xC7, 0x00, 0xA6,
    0x00, 0xC6, 0x00, 0xC6, 0x00, 0x85, 0x00, 0x00, 0x00, 0x01, 0x00, 0x01, 0x00, 0x01, 0x00, 0x01,
    0x00, 0x01, 0x00, 0x01, 0x00, 0x01, 0x00, 0x01, 0x00, 0x01, 0x00, 0x01, 0x00, 0x01, 0x00, 0x64,
    0x00, 0x64, 0x00, 0xA6, 0x00, 0xA5, 0x00, 0x85, 0x00, 0x22, 0x00, 0x22, 0x00, 0x64, 0x00, 0x01,
    0x00, 0x01, 0x00, 0x01, 0x00, 0x01, 0x00, 0x01, 0x00, 0x01, 0x00, 0x01, 0x00, 0x01, 0x00, 0x01,
    0x00, 0x85, 0x00, 0xA6, 0x00, 0xA6, 0x00, 0x22, 0x00, 0x22, 0x00, 0x22, 0x00, 0x85, 0x00, 0xA5,
    0x00, 0x85, 0x00, 0x85, 0x00, 0xC6, 0x01, 0x08, 0x01, 0x08, 0x00, 0xE7, 0x00, 0xC7, 0x00, 0xE7,
    0x00, 0xE7, 0x00, 0xE7, 0x00, 0xE7, 0x00, 0xE7, 0x01, 0x29, 0x01, 0x29, 0x01, 0x29, 0x01, 0x29,
    0x01, 0x29, 0x00, 0xE7, 0x00, 0xE7, 0x00, 0xE7, 0x00, 0xA6, 0x00, 0xA6, 0x00, 0xC6, 0x00, 0xA6,
    0x00, 0xA6, 0x00, 0xC7, 0x00, 0xC7, 0x00, 0x85, 0x00, 0x85, 0x00, 0x85, 0x00, 0x85, 0x00, 0x85,
    0x00, 0xE8, 0x00, 0xA6, 0x00, 0xA6, 0x00, 0xE7, 0x00, 0xE7, 0x00, 0xC7, 0x00, 0xC7, 0x00, 0xE7,
    0x00, 0xE7, 0x00, 0xE7, 0x00, 0x85, 0x00, 0x85, 0x00, 0x85, 0x00, 0x64, 0x00, 0x64, 0x00, 0x01,
    0x00, 0x01, 0x00, 0x01, 0x00, 0x01, 0x00, 0x01, 0x00, 0x01, 0x00, 0x01, 0x00, 0x01, 0x00, 0x01,
    0x00, 0x01, 0x00, 0x23, 0x00, 0x22, 0x00, 0x23, 0x00, 0x22, 0x00, 0x23, 0x00, 0x43, 0x00, 0x00,
    0x00, 0x01, 0x00, 0x01, 0x00, 0x01, 0x00, 0x01, 0x00, 0x01, 0x00, 0x01, 0x00, 0x01, 0x00, 0x01,
    0x00, 0x01, 0x00, 0x43, 0x00, 0x43, 0x00, 0x43, 0x00, 0x23, 0x00, 0x43, 0x00, 0x00, 0x00, 0x01,
    0x00, 0x01, 0x00, 0x01, 0x00, 0x01, 0x00, 0x01, 0x00, 0x01, 0x00, 0x01, 0x00, 0x01, 0x00, 0x01,
    0x00, 0x01, 0x00, 0x01, 0x00, 0x01, 0x00, 0x01, 0x00, 0x01, 0x00, 0xC6, 0x00, 0xA6, 0x00, 0xE7,
    0x00, 0xE7, 0x00, 0x85, 0x00, 0xA6, 0x00, 0x85, 0x00, 0x22, 0x00, 0x22, 0x00, 0x01, 0x00, 0x01,
    0x00, 0x01, 0x00, 0x00, 0x00, 0x01, 0x00, 0x01, 0x00, 0x01, 0x00, 0x01, 0x00, 0x01, 0x00, 0x01,
    0x00, 0xA5, 0x00, 0x85, 0x00, 0x85, 0x00, 0x44, 0x00, 0x43, 0x00, 0x22, 0x00, 0x43, 0x00, 0x43,
    0x00, 0x00, 0x00, 0x01, 0x00, 0x01, 0x00, 0x00, 0x00, 0x01, 0x00, 0x01, 0x00, 0x01, 0x00, 0x22,
    0x00, 0x22, 0x00, 0xA6, 0x00, 0xA6, 0x00, 0xA5, 0x00, 0x22, 0x00, 0xA6, 0x00, 0xA6, 0x00, 0xA6,
    0x00, 0xA6, 0x00, 0xC6, 0x00, 0xE7, 0x01, 0x08, 0x00, 0xE7, 0x00, 0xE7, 0x00, 0xE7, 0x00, 0xE7,
    0x00, 0xA6, 0x01, 0x08, 0x00, 0xE8, 0x01, 0x29, 0x01, 0x29, 0x01, 0x29, 0x01, 0x29, 0x01, 0x29,
    0x00, 0xE7, 0x00, 0xE7, 0x00, 0xE7, 0x00, 0xA6, 0x00, 0xA5, 0x00, 0xA6, 0x00, 0xA6, 0x00, 0xA6,
    0x00, 0xC6, 0x00, 0xC7, 0x00, 0x65, 0x00, 0x85, 0x00, 0xA5, 0x00, 0x85, 0x00, 0x85, 0x00, 0xE7,
    0x00, 0xA6, 0x00, 0xA6, 0x00, 0xC7, 0x00, 0xE7, 0x00, 0xE7, 0x00, 0xE7, 0x00, 0xC7, 0x00, 0xE7,
    0x00, 0xE7, 0x00, 0x85, 0x00, 0x85, 0x00, 0x85, 0x00, 0x64, 0x00, 0x64, 0x00, 0x01, 0x00, 0x01,
    0x00, 0x01, 0x00, 0x01, 0x00, 0x01, 0x00, 0x01, 0x00, 0x01, 0x00, 0x01, 0x00, 0x01, 0x00, 0x01,
    0x00, 0x43, 0x00, 0x22, 0x00, 0x23, 0x00, 0x22, 0x00, 0x23, 0x00, 0x43, 0x00, 0x00, 0x00, 0x01,
    0x00, 0x01, 0x00, 0x01, 0x00, 0x01, 0x00, 0x01, 0x00, 0x01, 0x00, 0x01, 0x00, 0x01, 0x00, 0x01,
    0x00, 0x43, 0x00, 0x43, 0x00, 0x43, 0x00, 0x43, 0x00, 0x43, 0x00, 0x00, 0x00, 0x01, 0x00, 0x01,
    0x00, 0x01, 0x00, 0x01, 0x00, 0x01, 0x00, 0x01, 0x00, 0x02, 0x00, 0x02, 0x00, 0x01, 0x00, 0x01,
    0x00, 0x01, 0x00, 0x01, 0x00, 0x01, 0x00, 0x01, 0x00, 0xC6, 0x00, 0xC6, 0x00, 0xE7, 0x00, 0xE7,
    0x00, 0xA5, 0x00, 0xA6, 0x00, 0x85, 0x00, 0x43, 0x00, 0x23, 0x00, 0x01, 0x00, 0x01, 0x00, 0x01,
    0x00, 0x01, 0x00, 0x01, 0x00, 0x01, 0x00, 0x01, 0x00, 0x01, 0x00, 0x02, 0x00, 0x01, 0x00, 0x85,
    0x00, 0xA5, 0x00, 0xA5, 0x00, 0x85, 0x00, 0x85, 0x00, 0x23, 0x00, 0x43, 0x00, 0x43, 0x00, 0x00,
    0x00, 0x01, 0x00, 0x01, 0x00, 0x01, 0x00, 0x01, 0x00, 0x01, 0x00, 0x01, 0x00, 0x22, 0x00, 0x22,
    0x00, 0xA6, 0x00, 0xA6, 0x00, 0xA6, 0x00, 0x23, 0x00, 0xE8, 0x00, 0xC7, 0x00, 0x85, 0x00, 0xA6,
    0x00, 0xA6, 0x00, 0xC6, 0x00, 0xA6, 0x00, 0xC7, 0x00, 0xE7, 0x01, 0x08, 0x01, 0x29, 0x01, 0x08,
    0x01, 0x29, 0x01, 0x29, 0x01, 0x29, 0x00, 0xE7, 0x01, 0x08, 0x01, 0x28, 0x01, 0x08, 0x01, 0x29,
    0x01, 0x08, 0x01, 0x08, 0x01, 0x08, 0x01, 0x08, 0x00, 0xC6, 0x00, 0xC6, 0x00, 0xA6, 0x00, 0xA6,
    0x00, 0xA6, 0x00, 0xC7, 0x00, 0xC7, 0x00, 0xC6, 0x00, 0xA6, 0x00, 0xA6, 0x00, 0xA6, 0x01, 0x08,
    0x00, 0xE7, 0x00, 0xA6, 0x00, 0xC6, 0x00, 0xA6, 0x00, 0xC6, 0x00, 0xC6, 0x00, 0xC6, 0x00, 0xC6,
    0x00, 0x64, 0x00, 0x43, 0x00, 0x43, 0x00, 0x21, 0x00, 0x01, 0x00, 0x01, 0x00, 0x01, 0x00, 0x01,
    0x00, 0x01, 0x00, 0x01, 0x00, 0x01, 0x00, 0x01, 0x00, 0x01, 0x00, 0x23, 0x00, 0x23, 0x00, 0x22,
    0x00, 0x23, 0x00, 0x23, 0x00, 0x01, 0x00, 0x01, 0x00, 0x01, 0x00, 0x01, 0x00, 0x01, 0x00, 0x01,
    0x00, 0x01, 0x00, 0x01, 0x00, 0x01, 0x00, 0x01, 0x00, 0x01, 0x00, 0x01, 0x00, 0x43, 0x00, 0x23,
    0x00, 0x23, 0x00, 0x43, 0x00, 0x23, 0x00, 0x01, 0x00, 0x01, 0x00, 0x01, 0x00, 0x01, 0x00, 0x01,
    0x00, 0x01, 0x00, 0x01, 0x00, 0x02, 0x00, 0x22, 0x00, 0x02, 0x00, 0x01, 0x00, 0x01, 0x00, 0x01,
    0x00, 0x01, 0x00, 0x01, 0x00, 0x01, 0x00, 0x64, 0x00, 0x64, 0x00, 0xE7, 0x00, 0xE7, 0x00, 0x85,
    0x00, 0xA6, 0x00, 0xA6, 0x00, 0x85, 0x00, 0x85, 0x00, 0x22, 0x00, 0x00, 0x00, 0x01, 0x00, 0x01,
    0x00, 0x01, 0x00, 0x01, 0x00, 0x01, 0x00, 0x01, 0x00, 0x01, 0x00, 0x01, 0x00, 0x02, 0x00, 0x86,
    0x00, 0x85, 0x00, 0x85, 0x00, 0x85, 0x00, 0x43, 0x00, 0x43, 0x00, 0x23, 0x00, 0x23, 0x00, 0x22,
    0x00, 0x01, 0x00, 0x01, 0x00, 0x01, 0x00, 0x01, 0x00, 0x01, 0x00, 0x01, 0x00, 0x00, 0x00, 0x43,
    0x00, 0xA6, 0x00, 0x85, 0x00, 0x64, 0x00, 0xE7, 0x00, 0xE7, 0x00, 0x85, 0x00, 0xA5, 0x00, 0xA5,
    0x00, 0xC6, 0x00, 0xA6, 0x00, 0xC7, 0x00, 0xE7, 0x01, 0x08, 0x01, 0x08, 0x01, 0x08, 0x01, 0x29,
    0x01, 0x29, 0x01, 0x29, 0x00, 0xC7, 0x01, 0x08, 0x01, 0x08, 0x01, 0x08, 0x01, 0x29, 0x01, 0x08,
    0x01, 0x08, 0x01, 0x08, 0x00, 0xE8, 0x00, 0xA6, 0x00, 0xA6, 0x00, 0xC6, 0x00, 0xA6, 0x00, 0xA6,
    0x00, 0xC6, 0x00, 0xC6, 0x00, 0xC6, 0x00, 0xA5, 0x00, 0xA5, 0x00, 0xA6, 0x00, 0xE8, 0x00, 0xE7,
    0x00, 0xA6, 0x00, 0xA6, 0x00, 0xA6, 0x00, 0xC6, 0x00, 0xC6, 0x00, 0xC6, 0x00, 0xA6, 0x00, 0x64,
    0x00, 0x43, 0x00, 0x43, 0x00, 0x01, 0x00, 0x02, 0x00, 0x01, 0x00, 0x01, 0x00, 0x01, 0x00, 0x01,
    0x00, 0x01, 0x00, 0x01, 0x00, 0x01, 0x00, 0x01, 0x00, 0x23, 0x00, 0x43, 0x00, 0x23, 0x00, 0x23,
    0x00, 0x43, 0x00, 0x01, 0x00, 0x01, 0x00, 0x01, 0x00, 0x01, 0x00, 0x01, 0x00, 0x01, 0x00, 0x01,
    0x00, 0x01, 0x00, 0x01, 0x00, 0x01, 0x00, 0x01, 0x00, 0x01, 0x00, 0x43, 0x00, 0x22, 0x00, 0x22,
    0x00, 0x23, 0x00, 0x23, 0x00, 0x01, 0x00, 0x01, 0x00, 0x01, 0x00, 0x01, 0x00, 0x01, 0x00, 0x01,
    0x00, 0x02, 0x00, 0x02, 0x00, 0x22, 0x00, 0x02, 0x00, 0x01, 0x00, 0x01, 0x00, 0x01, 0x00, 0x01,
    0x00, 0x01, 0x00, 0x01, 0x00, 0x64, 0x00, 0x64, 0x00, 0xE7, 0x00, 0xE7, 0x00, 0x85, 0x00, 0xA6,
    0x00, 0xA6, 0x00, 0x85, 0x00, 0x85, 0x00, 0x22, 0x00, 0x00, 0x00, 0x01, 0x00, 0x01, 0x00, 0x01,
    0x00, 0x01, 0x00, 0x01, 0x00, 0x01, 0x00, 0x01, 0x00, 0x01, 0x00, 0x02, 0x00, 0xA5, 0x00, 0x85,
    0x00, 0x85, 0x00, 0x85, 0x00, 0x43, 0x00, 0x23, 0x00, 0x23, 0x00, 0x23, 0x00, 0x23, 0x00, 0x01,
    0x00, 0x01, 0x00, 0x01, 0x00, 0x01, 0x00, 0x01, 0x00, 0x01, 0x00, 0x00, 0x00, 0x43, 0x00, 0x85,
    0x00, 0x85, 0x00, 0x64, 0x00, 0xA6, 0x00, 0xC6, 0x00, 0xE7, 0x00, 0xE8, 0x00, 0xA6, 0x00, 0xA5,
    0x00, 0xA6, 0x00, 0xC7, 0x00, 0xC7, 0x00, 0xC6, 0x00, 0xE7, 0x00, 0xE7, 0x01, 0x29, 0x01, 0x29,
    0x01, 0x29, 0x01, 0x29, 0x01, 0x29, 0x01, 0x08, 0x01, 0x08, 0x01, 0x08, 0x01, 0x29, 0x01, 0x29,
    0x01, 0x08, 0x01, 0x08, 0x01, 0x08, 0x00, 0xA5, 0x00, 0xA6, 0x00, 0xC6, 0x00, 0xC6, 0x00, 0xC6,
    0x00, 0xA6, 0x00, 0xA6, 0x00, 0xA6, 0x00, 0xA6, 0x00, 0xA6, 0x00, 0xC6, 0x00, 0xC7, 0x00, 0xA6,
    0x00, 0xA6, 0x00, 0xA5, 0x00, 0x64, 0x00, 0x84, 0x00, 0x43, 0x00, 0x43, 0x00, 0x23, 0x00, 0x00,
    0x00, 0x01, 0x00, 0x01, 0x00, 0x01, 0x00, 0x01, 0x00, 0x01, 0x00, 0x01, 0x00, 0x01, 0x00, 0x01,
    0x00, 0x02, 0x00, 0x43, 0x00, 0x43, 0x00, 0x43, 0x00, 0x23, 0x00, 0x22, 0x00, 0x00, 0x00, 0x01,
    0x00, 0x01, 0x00, 0x01, 0x00, 0x01, 0x00, 0x01, 0x00, 0x01, 0x00, 0x02, 0x00, 0x01, 0x00, 0x01,
    0x00, 0x01, 0x00, 0x01, 0x00, 0x43, 0x00, 0x23, 0x00, 0x43, 0x00, 0x23, 0x00, 0x43, 0x00, 0x01,
    0x00, 0x01, 0x00, 0x01, 0x00, 0x01, 0x00, 0x01, 0x00, 0x01, 0x00, 0x01, 0x00, 0x01, 0x00, 0x02,
    0x00, 0x02, 0x00, 0x22, 0x00, 0x22, 0x00, 0x01, 0x00, 0x01, 0x00, 0x01, 0x00, 0x01, 0x00, 0x01,
    0x00, 0x01, 0x00, 0x01, 0x00, 0x01, 0x00, 0xE7, 0x00, 0xC7, 0x00, 0xE7, 0x00, 0x85, 0x00, 0xA6,
    0x00, 0x85, 0x00, 0x64, 0x00, 0x85, 0x00, 0x00, 0x00, 0x22, 0x00, 0x00, 0x00, 0x01, 0x00, 0x01,
    0x00, 0x01, 0x00, 0x01, 0x00, 0x01, 0x00, 0x01, 0x00, 0x01, 0x00, 0x44, 0x00, 0x43, 0x00, 0x86,
    0x00, 0x85, 0x00, 0x85, 0x00, 0x23, 0x00, 0x22, 0x00, 0x23, 0x00, 0x23, 0x00, 0x43, 0x00, 0x22,
    0x00, 0x01, 0x00, 0x01, 0x00, 0x01, 0x00, 0x01, 0x00, 0x01, 0x00, 0x01, 0x00, 0x43, 0x00, 0x44,
    0x00, 0x85, 0x00, 0xA6, 0x00, 0xA6, 0x00, 0xE7, 0x00, 0xE7, 0x00, 0xC6, 0x00, 0xA6, 0x00, 0xA6,
    0x00, 0xE7, 0x00, 0xC7, 0x00, 0xC6, 0x00, 0xE7, 0x00, 0xC7, 0x01, 0x08, 0x01, 0x29, 0x01, 0x29,
    0x01, 0x29, 0x01, 0x28, 0x01, 0x08, 0x01, 0x29, 0x01, 0x08, 0x01, 0x29, 0x01, 0x08, 0x01, 0x08,
    0x01, 0x08, 0x01, 0x08, 0x00, 0xA6, 0x00, 0xA6, 0x00, 0xC7, 0x00, 0xC6, 0x00, 0xA6, 0x00, 0xC6,
    0x00, 0xA6, 0x00, 0xA6, 0x00, 0xA6, 0x00, 0xA6, 0x00, 0xC6, 0x00, 0xA6, 0x00, 0xA6, 0x00, 0xA5,
    0x00, 0xA5, 0x00, 0x64, 0x00, 0x64, 0x00, 0x23, 0x00, 0x22, 0x00, 0x23, 0x00, 0x00, 0x00, 0x01,
    0x00, 0x01, 0x00, 0x01, 0x00, 0x01, 0x00, 0x01, 0x00, 0x01, 0x00, 0x01, 0x00, 0x01, 0x00, 0x02,
    0x00, 0x43, 0x00, 0x23, 0x00, 0x23, 0x00, 0x23, 0x00, 0x43, 0x00, 0x01, 0x00, 0x01, 0x00, 0x01,
    0x00, 0x01, 0x00, 0x01, 0x00, 0x01, 0x00, 0x01, 0x00, 0x01, 0x00, 0x01, 0x00, 0x01, 0x00, 0x01,
    0x00, 0x01, 0x00, 0x43, 0x00, 0x43, 0x00, 0x43, 0x00, 0x22, 0x00, 0x23, 0x00, 0x01, 0x00, 0x01,
    0x00, 0x01, 0x00, 0x01, 0x00, 0x01, 0x00, 0x01, 0x00, 0x01, 0x00, 0x01, 0x00, 0x22, 0x00, 0x22,
    0x00, 0x22, 0x00, 0x22, 0x00, 0x01, 0x00, 0x01, 0x00, 0x01, 0x00, 0x01, 0x00, 0x01, 0x00, 0x01,
    0x00, 0x01, 0x00, 0x01, 0x00, 0xC7, 0x00, 0xC7, 0x00, 0xE7, 0x00, 0x85, 0x00, 0x85, 0x00, 0x84,
    0x00, 0x64, 0x00, 0x85, 0x00, 0x00, 0x00, 0x22, 0x00, 0x01, 0x00, 0x00, 0x00, 0x01, 0x00, 0x01,
    0x00, 0x01, 0x00, 0x01, 0x00, 0x01, 0x00, 0x01, 0x00, 0x44, 0x00, 0x43, 0x00, 0x85, 0x00, 0x85,
    0x00, 0x85, 0x00, 0x43, 0x00, 0x23, 0x00, 0x43, 0x00, 0x23, 0x00, 0x23, 0x00, 0x22, 0x00, 0x01,
    0x00, 0x01, 0x00, 0x01, 0x00, 0x01, 0x00, 0x01, 0x00, 0x01, 0x00, 0x44, 0x00, 0x43, 0x00, 0x85,
    0x00, 0xA6, 0x00, 0xC6, 0x00, 0xC6, 0x00, 0xA6, 0x00, 0xC7, 0x00, 0xE7, 0x00, 0xC7, 0x00, 0xA5,
    0x00, 0xA6, 0x00, 0xC7, 0x00, 0xC6, 0x00, 0xC6, 0x00, 0xE7, 0x00, 0xE7, 0x00, 0xC7, 0x01, 0x28,
    0x01, 0x29, 0x01, 0x49, 0x01, 0x29, 0x01, 0x08, 0x01, 0x29, 0x01, 0x29, 0x00, 0xE8, 0x00, 0xE8,
    0x00, 0xE8, 0x00, 0xE7, 0x00, 0xE7, 0x00, 0xC7, 0x00, 0xE7, 0x00, 0xC6, 0x00, 0xA6, 0x00, 0xC6,
    0x00, 0xA5, 0x00, 0x85, 0x00, 0xA5, 0x00, 0x85, 0x00, 0x85, 0x00, 0x64, 0x00, 0x64, 0x00, 0x23,
    0x00, 0x43, 0x00, 0x43, 0x00, 0x01, 0x00, 0x01, 0x00, 0x21, 0x00, 0x01, 0x00, 0x21, 0x00, 0x01,
    0x00, 0x01, 0x00, 0x22, 0x00, 0x01, 0x00, 0x01, 0x00, 0x43, 0x00, 0x43, 0x00, 0x43, 0x00, 0x43,
    0x00, 0x43, 0x00, 0x22, 0x00, 0x22, 0x00, 0x01, 0x00, 0x01, 0x00, 0x01, 0x00, 0x01, 0x00, 0x01,
    0x00, 0x01, 0x00, 0x01, 0x00, 0x01, 0x00, 0x01, 0x00, 0x01, 0x00, 0x01, 0x00, 0x43, 0x00, 0x23,
    0x00, 0x43, 0x00, 0x43, 0x00, 0x23, 0x00, 0x23, 0x00, 0x43, 0x00, 0x01, 0x00, 0x01, 0x00, 0x01,
    0x00, 0x01, 0x00, 0x01, 0x00, 0x01, 0x00, 0x01, 0x00, 0x22, 0x00, 0x22, 0x00, 0x22, 0x00, 0x01,
    0x00, 0x01, 0x00, 0x01, 0x00, 0x01, 0x00, 0x01, 0x00, 0x01, 0x00, 0x01, 0x00, 0x01, 0x00, 0x01,
    0x00, 0x01, 0x00, 0x64, 0x00, 0x64, 0x00, 0xC6, 0x00, 0x85, 0x00, 0x85, 0x00, 0x64, 0x00, 0x64,
    0x00, 0xA5, 0x00, 0x43, 0x00, 0x64, 0x00, 0x21, 0x00, 0x22, 0x00, 0x01, 0x00, 0x01, 0x00, 0x01,
    0x00, 0x01, 0x00, 0x01, 0x00, 0x01, 0x00, 0x01, 0x00, 0x01, 0x00, 0x43, 0x00, 0x43, 0x00, 0x64,
    0x00, 0x44, 0x00, 0x64, 0x00, 0x23, 0x00, 0x43, 0x00, 0x23, 0x00, 0x42, 0x00, 0x22, 0x00, 0x00,
    0x00, 0x01, 0x00, 0x01, 0x00, 0x01, 0x00, 0x01, 0x00, 0x01, 0x00, 0x01, 0x00, 0x23, 0x00, 0xC6,
    0x00, 0xC6, 0x00, 0xC6, 0x00, 0xC7, 0x00, 0xC7, 0x00, 0xE7, 0x00, 0xC6, 0x00, 0xA6, 0x00, 0xC6,
    0x00, 0xC7, 0x00, 0xC6, 0x00, 0xC7, 0x00, 0xC7, 0x00, 0xC7, 0x00, 0xC6, 0x01, 0x29, 0x01, 0x29,
    0x01, 0x29, 0x01, 0x29, 0x00, 0xE8, 0x01, 0x08, 0x01, 0x08, 0x01, 0x08, 0x00, 0xE7, 0x00, 0xE7,
    0x00, 0xE7, 0x00, 0xE7, 0x00, 0xE7, 0x00, 0xE7, 0x00, 0xC6, 0x00, 0xA6, 0x00, 0xA5, 0x00, 0x85,
    0x00, 0xA5, 0x00, 0x85, 0x00, 0x85, 0x00, 0x85, 0x00, 0x65, 0x00, 0x64, 0x00, 0x43, 0x00, 0x23,
    0x00, 0x43, 0x00, 0x01, 0x00, 0x01, 0x00, 0x01, 0x00, 0x01, 0x00, 0x01, 0x00, 0x01, 0x00, 0x01,
    0x00, 0x22, 0x00, 0x01, 0x00, 0x22, 0x00, 0x43, 0x00, 0x43, 0x00, 0x44, 0x00, 0x43, 0x00, 0x43,
    0x00, 0x23, 0x00, 0x22, 0x00, 0x01, 0x00, 0x01, 0x00, 0x01, 0x00, 0x01, 0x00, 0x01, 0x00, 0x01,
    0x00, 0x01, 0x00, 0x01, 0x00, 0x01, 0x00, 0x01, 0x00, 0x01, 0x00, 0x43, 0x00, 0x23, 0x00, 0x43,
    0x00, 0x43, 0x00, 0x23, 0x00, 0x22, 0x00, 0x43, 0x00, 0x01, 0x00, 0x01, 0x00, 0x01, 0x00, 0x01,
    0x00, 0x01, 0x00, 0x01, 0x00, 0x01, 0x00, 0x02, 0x00, 0x22, 0x00, 0x22, 0x00, 0x01, 0x00, 0x01,
    0x00, 0x01, 0x00, 0x01, 0x00, 0x01, 0x00, 0x01, 0x00, 0x01, 0x00, 0x01, 0x00, 0x01, 0x00, 0x01,
    0x00, 0x44, 0x00, 0x43, 0x00, 0xC6, 0x00, 0x85, 0x00, 0xA5, 0x00, 0x44, 0x00, 0x43, 0x00, 0x85,
    0x00, 0x44, 0x00, 0x85, 0x00, 0x02, 0x00, 0x22, 0x00, 0x01, 0x00, 0x01, 0x00, 0x01, 0x00, 0x01,
    0x00, 0x01, 0x00, 0x01, 0x00, 0x01, 0x00, 0x01, 0x00, 0x44, 0x00, 0x43, 0x00, 0x64, 0x00, 0x64,
    0x00, 0x43, 0x00, 0x43, 0x00, 0x23, 0x00, 0x23, 0x00, 0x22, 0x00, 0x22, 0x00, 0x02, 0x00, 0x01,
    0x00, 0x01, 0x00, 0x01, 0x00, 0x01, 0x00, 0x01, 0x00, 0x01, 0x00, 0x23, 0x00, 0xA6, 0x00, 0xC6,
    0x00, 0xC6, 0x00, 0xC7, 0x00, 0xC7, 0x00, 0xE7, 0x00, 0xC7, 0x00, 0xE7, 0x00, 0xC7, 0x00, 0xC7,
    0x00, 0xA6, 0x00, 0xC7, 0x00, 0xE8, 0x01, 0x08, 0x00, 0xE8, 0x00, 0xE7, 0x00, 0xE7, 0x01, 0x08,
    0x01, 0x28, 0x01, 0x28, 0x00, 0xE7, 0x00, 0xE7, 0x01, 0x28, 0x01, 0x29, 0x00, 0xE7, 0x00, 0xC6,
    0x00, 0xC7, 0x01, 0x28, 0x00, 0xE8, 0x00, 0xA6, 0x00, 0xA6, 0x00, 0xA6, 0x00, 0xA5, 0x00, 0xA5,
    0x00, 0x85, 0x00, 0x22, 0x00, 0x63, 0x00, 0x43, 0x00, 0x23, 0x00, 0x23, 0x00, 0x00, 0x00, 0x01,
    0x00, 0x01, 0x00, 0x01, 0x00, 0x01, 0x00, 0x01, 0x00, 0x01, 0x00, 0x01, 0x00, 0x01, 0x00, 0x22,
    0x00, 0x23, 0x00, 0x43, 0x00, 0x23, 0x00, 0x43, 0x00, 0x43, 0x00, 0x00, 0x00, 0x01, 0x00, 0x01,
    0x00, 0x01, 0x00, 0x01, 0x00, 0x01, 0x00, 0x01, 0x00, 0x01, 0x00, 0x01, 0x00, 0x01, 0x00, 0x01,
    0x00, 0x01, 0x00, 0x01, 0x00, 0x01, 0x00, 0x23, 0x00, 0x43, 0x00, 0x43, 0x00, 0x43, 0x00, 0x43,
    0x00, 0x22, 0x00, 0x00, 0x00, 0x01, 0x00, 0x01, 0x00, 0x01, 0x00, 0x01, 0x00, 0x01, 0x00, 0x01,
    0x00, 0x01, 0x00, 0x01, 0x00, 0x22, 0x00, 0x22, 0x00, 0x22, 0x00, 0x01, 0x00, 0x01, 0x00, 0x01,
    0x00, 0x01, 0x00, 0x01, 0x00, 0x01, 0x00, 0x01, 0x00, 0x01, 0x00, 0x01, 0x00, 0x01, 0x00, 0x01,
    0x00, 0x01, 0x00, 0xA6, 0x00, 0xA6, 0x00, 0xA6, 0x00, 0x43, 0x00, 0x43, 0x00, 0x43, 0x00, 0xA6,
    0x00, 0x85, 0x00, 0xA5, 0x00, 0x85, 0x00, 0x23, 0x00, 0x01, 0x00, 0x01, 0x00, 0x01, 0x00, 0x01,
    0x00, 0x01, 0x00, 0x01, 0x00, 0x01, 0x00, 0x01, 0x00, 0x01, 0x00, 0x43, 0x00, 0x64, 0x00, 0x64,
    0x00, 0x64, 0x00, 0x63, 0x00, 0x23, 0x00, 0x43, 0x00, 0x22, 0x00, 0x02, 0x00, 0x23, 0x00, 0x01,
    0x00, 0x01, 0x00, 0x01, 0x00, 0x01, 0x00, 0x01, 0x00, 0x01, 0x00, 0xA6, 0x00, 0xA6, 0x00, 0xC7,
    0x00, 0xC7, 0x00, 0xC7, 0x00, 0xE7, 0x00, 0xE7, 0x00, 0xC7, 0x00, 0xC7, 0x00, 0xC6, 0x00, 0xC7,
    0x00, 0xC6, 0x00, 0xE8, 0x00, 0xE8, 0x00, 0xE7, 0x00, 0xE7, 0x00, 0xC7, 0x01, 0x29, 0x01, 0x08,
    0x01, 0x28, 0x00, 0xC7, 0x00, 0xE7, 0x01, 0x29, 0x01, 0x08, 0x00, 0xE7, 0x00, 0xC6, 0x00, 0xC6,
    0x00, 0xE8, 0x00, 0xE7, 0x00, 0xA6, 0x00, 0xA6, 0x00, 0xA6, 0x00, 0x85, 0x00, 0xA5, 0x00, 0x85,
    0x00, 0x23, 0x00, 0x43, 0x00, 0x43, 0x00, 0x23, 0x00, 0x43, 0x00, 0x01, 0x00, 0x01, 0x00, 0x01,
    0x00, 0x01, 0x00, 0x01, 0x00, 0x01, 0x00, 0x01, 0x00, 0x01, 0x00, 0x01, 0x00, 0x23, 0x00, 0x23,
    0x00, 0x23, 0x00, 0x43, 0x00, 0x23, 0x00, 0x23, 0x00, 0x01, 0x00, 0x01, 0x00, 0x01, 0x00, 0x01,
    0x00, 0x01, 0x00, 0x01, 0x00, 0x01, 0x00, 0x01, 0x00, 0x01, 0x00, 0x01, 0x00, 0x01, 0x00, 0x01,
    0x00, 0x01, 0x00, 0x01, 0x00, 0x22, 0x00, 0x43, 0x00, 0x43, 0x00, 0x43, 0x00, 0x43, 0x00, 0x22,
    0x00, 0x00, 0x00, 0x01, 0x00, 0x01, 0x00, 0x01, 0x00, 0x01, 0x00, 0x01, 0x00, 0x01, 0x00, 0x01,
    0x00, 0x01, 0x00, 0x23, 0x00, 0x23, 0x00, 0x23, 0x00, 0x01, 0x00, 0x01, 0x00, 0x01, 0x00, 0x01,
    0x00, 0x01, 0x00, 0x01, 0x00, 0x01, 0x00, 0x01, 0x00, 0x01, 0x00, 0x01, 0x00, 0x01, 0x00, 0x01,
    0x00, 0xA6, 0x00, 0xA6, 0x00, 0xA6, 0x00, 0x43, 0x00, 0x43, 0x00, 0x22, 0x00, 0xA6, 0x00, 0x85,
    0x00, 0xA5, 0x00, 0x85, 0x00, 0x22, 0x00, 0x00, 0x00, 0x01, 0x00, 0x01, 0x00, 0x01, 0x00, 0x01,
    0x00, 0x01, 0x00, 0x01, 0x00, 0x01, 0x00, 0x01, 0x00, 0x43, 0x00, 0x85, 0x00, 0x85, 0x00, 0x64,
    0x00, 0x64, 0x00, 0x43, 0x00, 0x23, 0x00, 0x02, 0x00, 0x42, 0x00, 0x22, 0x00, 0x01, 0x00, 0x01,
    0x00, 0x01, 0x00, 0x01, 0x00, 0x01, 0x00, 0x01, 0x01, 0x08, 0x01, 0x29, 0x00, 0xE8, 0x01, 0x08,
    0x01, 0x28, 0x00, 0xC7, 0x00, 0xC7, 0x00, 0xC7, 0x00, 0xC7, 0x00, 0xC7, 0x00, 0xC6, 0x00, 0xC7,
    0x00, 0xC7, 0x00, 0xE7, 0x01, 0x08, 0x00, 0xC7, 0x00, 0xC7, 0x00, 0xC7, 0x00, 0xC7, 0x00, 0xC7,
    0x00, 0xC7, 0x00, 0xE7, 0x00, 0xC7, 0x00, 0xC6, 0x00, 0xC6, 0x00, 0xC6, 0x00, 0xA6, 0x00, 0xA6,
    0x00, 0xA6, 0x00, 0x85, 0x00, 0x85, 0x00, 0x85, 0x00, 0x85, 0x00, 0x85, 0x00, 0x64, 0x00, 0x00,
    0x00, 0x01, 0x00, 0x01, 0x00, 0x01, 0x00, 0x01, 0x00, 0x01, 0x00, 0x01, 0x00, 0x01, 0x00, 0x01,
    0x00, 0x01, 0x00, 0x22, 0x00, 0x02, 0x00, 0x22, 0x00, 0x22, 0x00, 0x23, 0x00, 0x43, 0x00, 0x23,
    0x00, 0x43, 0x00, 0x43, 0x00, 0x01, 0x00, 0x01, 0x00, 0x01, 0x00, 0x22, 0x00, 0x22, 0x00, 0x01,
    0x00, 0x01, 0x00, 0x01, 0x00, 0x01, 0x00, 0x01, 0x00, 0x01, 0x00, 0x01, 0x00, 0x01, 0x00, 0x22,
    0x00, 0x22, 0x00, 0x43, 0x00, 0x43, 0x00, 0x43, 0x00, 0x43, 0x00, 0x43, 0x00, 0x01, 0x00, 0x01,
    0x00, 0x01, 0x00, 0x01, 0x00, 0x01, 0x00, 0x01, 0x00, 0x01, 0x00, 0x01, 0x00, 0x22, 0x00, 0x22,
    0x00, 0x23, 0x00, 0x23, 0x00, 0x23, 0x00, 0x01, 0x00, 0x01, 0x00, 0x01, 0x00, 0x01, 0x00, 0x01,
    0x00, 0x01, 0x00, 0x01, 0x00, 0x01, 0x00, 0x01, 0x00, 0x01, 0x00, 0x01, 0x00, 0x01, 0x00, 0x64,
    0x00, 0xC7, 0x00, 0xA6, 0x00, 0x85, 0x00, 0x85, 0x00, 0x22, 0x00, 0x21, 0x00, 0x22, 0x00, 0x85,
    0x00, 0x85, 0x00, 0x64, 0x00, 0x00, 0x00, 0x01, 0x00, 0x01, 0x00, 0x01, 0x00, 0x01, 0x00, 0x01,
    0x00, 0x01, 0x00, 0x01, 0x00, 0x01, 0x00, 0x01, 0x00, 0x23, 0x00, 0x43, 0x00, 0x64, 0x00, 0x44,
    0x00, 0x85, 0x00, 0x65, 0x00, 0x22, 0x00, 0x22, 0x00, 0x22, 0x00, 0x02, 0x00, 0x23, 0x00, 0x01,
    0x00, 0x01, 0x00, 0x01, 0x00, 0x01, 0x01, 0x28, 0x01, 0x29, 0x00, 0xE8, 0x01, 0x08, 0x01, 0x28,
    0x00, 0xC7, 0x00, 0xE7, 0x00, 0xE7, 0x00, 0xE7, 0x00, 0xC7, 0x00, 0xC7, 0x00, 0xC7, 0x00, 0xC7,
    0x00, 0xE7, 0x01, 0x08, 0x00, 0xA6, 0x00, 0xC7, 0x00, 0xC7, 0x00, 0xC7, 0x00, 0xA6, 0x00, 0xC7,
    0x00, 0xC6, 0x00, 0xA6, 0x00, 0xA6, 0x00, 0xA6, 0x00, 0xC6, 0x00, 0xC6, 0x00, 0xA5, 0x00, 0xA6,
    0x00, 0x85, 0x00, 0xA5, 0x00, 0xA5, 0x00, 0x85, 0x00, 0x85, 0x00, 0x64, 0x00, 0x01, 0x00, 0x01,
    0x00, 0x01, 0x00, 0x01, 0x00, 0x01, 0x00, 0x01, 0x00, 0x01, 0x00, 0x01, 0x00, 0x01, 0x00, 0x01,
    0x00, 0x02, 0x00, 0x02, 0x00, 0x22, 0x00, 0x02, 0x00, 0x43, 0x00, 0x43, 0x00, 0x43, 0x00, 0x43,
    0x00, 0x43, 0x00, 0x01, 0x00, 0x01, 0x00, 0x01, 0x00, 0x22, 0x00, 0x22, 0x00, 0x01, 0x00, 0x01,
    0x00, 0x01, 0x00, 0x01, 0x00, 0x01, 0x00, 0x01, 0x00, 0x01, 0x00, 0x01, 0x00, 0x22, 0x00, 0x22,
    0x00, 0x43, 0x00, 0x43, 0x00, 0x43, 0x00, 0x43, 0x00, 0x43, 0x00, 0x01, 0x00, 0x01, 0x00, 0x01,
    0x00, 0x01, 0x00, 0x01, 0x00, 0x01, 0x00, 0x01, 0x00, 0x01, 0x00, 0x22, 0x00, 0x22, 0x00, 0x23,
    0x00, 0x23, 0x00, 0x22, 0x00, 0x01, 0x00, 0x01, 0x00, 0x01, 0x00, 0x01, 0x00, 0x01, 0x00, 0x01,
    0x00, 0x01, 0x00, 0x01, 0x00, 0x01, 0x00, 0x01, 0x00, 0x01, 0x00, 0x01, 0x00, 0x44, 0x00, 0xA7,
    0x00, 0xA6, 0x00, 0x85, 0x00, 0x85, 0x00, 0x23, 0x00, 0x02, 0x00, 0x22, 0x00, 0x85, 0x00, 0x85,
    0x00, 0x64, 0x00, 0x01, 0x00, 0x01, 0x00, 0x01, 0x00, 0x01, 0x00, 0x01, 0x00, 0x01, 0x00, 0x01,
    0x00, 0x01, 0x00, 0x01, 0x00, 0x01, 0x00, 0x23, 0x00, 0x23, 0x00, 0x64, 0x00, 0x64, 0x00, 0x85,
    0x00, 0x85, 0x00, 0x23, 0x00, 0x22, 0x00, 0x22, 0x00, 0x23, 0x00, 0x22, 0x00, 0x01, 0x00, 0x01,
    0x00, 0x01, 0x00, 0x01, 0x01, 0x49, 0x01, 0x08, 0x00, 0xE8, 0x00, 0xE8, 0x01, 0x29, 0x01, 0x29,
    0x01, 0x29, 0x00, 0xC7, 0x00, 0xE7, 0x00, 0xC7, 0x00, 0xC7, 0x00, 0xC7, 0x00, 0xC7, 0x00, 0xC7,
    0x00, 0xA6, 0x00, 0xC6, 0x00, 0xA6, 0x00, 0xC6, 0x00, 0xC6, 0x00, 0xA6, 0x00, 0xA5, 0x00, 0xA6,
    0x00, 0xA5, 0x00, 0xA6, 0x00, 0xC6, 0x00, 0x64, 0x00, 0x63, 0x00, 0x63, 0x00, 0x64, 0x00, 0x23,
    0x00, 0x23, 0x00, 0x43, 0x00, 0x02, 0x00, 0x01, 0x00, 0x01, 0x00, 0x01, 0x00, 0x01, 0x00, 0x01,
    0x00, 0x01, 0x00, 0x01, 0x00, 0x01, 0x00, 0x01, 0x00, 0x01, 0x00, 0x01, 0x00, 0x43, 0x00, 0x23,
    0x00, 0x43, 0x00, 0x22, 0x00, 0x23, 0x00, 0x22, 0x00, 0x22, 0x00, 0x22, 0x00, 0x23, 0x00, 0x23,
    0x00, 0x22, 0x00, 0x01, 0x00, 0x01, 0x00, 0x01, 0x00, 0x01, 0x00, 0x01, 0x00, 0x01, 0x00, 0x01,
    0x00, 0x01, 0x00, 0x01, 0x00, 0x01, 0x00, 0x43, 0x00, 0x23, 0x00, 0x23, 0x00, 0x43, 0x00, 0x43,
    0x00, 0x22, 0x00, 0x23, 0x00, 0x01, 0x00, 0x01, 0x00, 0x01, 0x00, 0x01, 0x00, 0x01, 0x00, 0x01,
    0x00, 0x01, 0x00, 0x01, 0x00, 0x01, 0x00, 0x01, 0x00, 0x22, 0x00, 0x22, 0x00, 0x22, 0x00, 0x00,
    0x00, 0x01, 0x00, 0x01, 0x00, 0x01, 0x00, 0x01, 0x00, 0x01, 0x00, 0x01, 0x00, 0x01, 0x00, 0x01,
    0x00, 0x01, 0x00, 0x01, 0x00, 0x01, 0x00, 0x01, 0x00, 0x01, 0x00, 0x01, 0x00, 0xA6, 0x00, 0x85,
    0x00, 0x85, 0x00, 0x85, 0x00, 0x44, 0x00, 0x01, 0x00, 0x22, 0x00, 0x01, 0x00, 0x01, 0x00, 0x64,
    0x00, 0x44, 0x00, 0x44, 0x00, 0x01, 0x00, 0x01, 0x00, 0x01, 0x00, 0x01, 0x00, 0x01, 0x00, 0x01,
    0x00, 0x01, 0x00, 0x01, 0x00, 0x01, 0x00, 0x01, 0x00, 0x44, 0x00, 0x43, 0x00, 0x65, 0x00, 0x85,
    0x00, 0x85, 0x00, 0x22, 0x00, 0x23, 0x00, 0x22, 0x00, 0x22, 0x00, 0x22, 0x00, 0x01, 0x00, 0x01,
    0x00, 0x01, 0x01, 0x29, 0x01, 0x49, 0x01, 0x08, 0x01, 0x08, 0x01, 0x4A, 0x01, 0x29, 0x01, 0x49,
    0x00, 0xC7, 0x00, 0xC7, 0x00, 0xC7, 0x00, 0xC6, 0x00, 0xC7, 0x00, 0xC6, 0x00, 0xC6, 0x00, 0xA6,
    0x00, 0xA6, 0x00, 0xA6, 0x00, 0xC7, 0x00, 0xA6, 0x00, 0xA6, 0x00, 0x85, 0x00, 0xA5, 0x00, 0xA6,
    0x00, 0xA5, 0x00, 0xA5, 0x00, 0x64, 0x00, 0x63, 0x00, 0x64, 0x00, 0x64, 0x00, 0x22, 0x00, 0x23,
    0x00, 0x43, 0x00, 0x02, 0x00, 0x01, 0x00, 0x01, 0x00, 0x01, 0x00, 0x01, 0x00, 0x01, 0x00, 0x01,
    0x00, 0x01, 0x00, 0x00, 0x00, 0x01, 0x00, 0x01, 0x00, 0x01, 0x00, 0x43, 0x00, 0x23, 0x00, 0x23,
    0x00, 0x22, 0x00, 0x22, 0x00, 0x22, 0x00, 0x22, 0x00, 0x22, 0x00, 0x23, 0x00, 0x22, 0x00, 0x23,
    0x00, 0x21, 0x00, 0x01, 0x00, 0x01, 0x00, 0x01, 0x00, 0x01, 0x00, 0x01, 0x00, 0x01, 0x00, 0x01,
    0x00, 0x01, 0x00, 0x00, 0x00, 0x43, 0x00, 0x23, 0x00, 0x23, 0x00, 0x43, 0x00, 0x43, 0x00, 0x23,
    0x00, 0x43, 0x00, 0x01, 0x00, 0x21, 0x00, 0x01, 0x00, 0x01, 0x00, 0x01, 0x00, 0x01, 0x00, 0x01,
    0x00, 0x01, 0x00, 0x01, 0x00, 0x01, 0x00, 0x22, 0x00, 0x02, 0x00, 0x23, 0x00, 0x00, 0x00, 0x01,
    0x00, 0x01, 0x00, 0x01, 0x00, 0x01, 0x00, 0x01, 0x00, 0x01, 0x00, 0x01, 0x00, 0x01, 0x00, 0x01,
    0x00, 0x01, 0x00, 0x01, 0x00, 0x01, 0x00, 0x01, 0x00, 0x01, 0x00, 0xA7, 0x00, 0x85, 0x00, 0x85,
    0x00, 0x85, 0x00, 0x43, 0x00, 0x01, 0x00, 0x01, 0x00, 0x01, 0x00, 0x01, 0x00, 0x85, 0x00, 0x64,
    0x00, 0x64, 0x00, 0x01, 0x00, 0x00, 0x00, 0x01, 0x00, 0x01, 0x00, 0x01, 0x00, 0x01, 0x00, 0x01,
    0x00, 0x01, 0x00, 0x01, 0x00, 0x01, 0x00, 0x44, 0x00, 0x43, 0x00, 0x85, 0x00, 0x85, 0x00, 0x85,
    0x00, 0x02, 0x00, 0x23, 0x00, 0x22, 0x00, 0x22, 0x00, 0x22, 0x00, 0x01, 0x00, 0x01, 0x00, 0x01,
    0x00, 0xE7, 0x00, 0xC6, 0x00, 0xE7, 0x00, 0xC7, 0x00, 0xC6, 0x01, 0x29, 0x01, 0x08, 0x00, 0xE7,
    0x00, 0xE7, 0x00, 0xE7, 0x00, 0xC7, 0x00, 0xC7, 0x00, 0xC7, 0x00, 0xC7, 0x00, 0xC6, 0x00, 0xA6,
    0x00, 0xA6, 0x00, 0xC7, 0x00, 0xC7, 0x00, 0xC7, 0x00, 0x85, 0x00, 0xA6, 0x00, 0x85, 0x00, 0x85,
    0x00, 0x85, 0x00, 0x64, 0x00, 0x43, 0x00, 0x43, 0x00, 0x23, 0x00, 0x22, 0x00, 0x22, 0x00, 0x01,
    0x00, 0x01, 0x00, 0x01, 0x00, 0x01, 0x00, 0x02, 0x00, 0x22, 0x00, 0x22, 0x00, 0x22, 0x00, 0x22,
    0x00, 0x23, 0x00, 0x23, 0x00, 0x23, 0x00, 0x43, 0x00, 0x43, 0x00, 0x23, 0x00, 0x23, 0x00, 0x23,
    0x00, 0x23, 0x00, 0x22, 0x00, 0x22, 0x00, 0x23, 0x00, 0x23, 0x00, 0x23, 0x00, 0x01, 0x00, 0x01,
    0x00, 0x01, 0x00, 0x01, 0x00, 0x01, 0x00, 0x01, 0x00, 0x01, 0x00, 0x01, 0x00, 0x01, 0x00, 0x01,
    0x00, 0x23, 0x00, 0x43, 0x00, 0x43, 0x00, 0x43, 0x00, 0x23, 0x00, 0x23, 0x00, 0x01, 0x00, 0x02,
    0x00, 0x01, 0x00, 0x01, 0x00, 0x01, 0x00, 0x01, 0x00, 0x01, 0x00, 0x01, 0x00, 0x01, 0x00, 0x01,
    0x00, 0x23, 0x00, 0x22, 0x00, 0x22, 0x00, 0x23, 0x00, 0x02, 0x00, 0x00, 0x00, 0x01, 0x00, 0x01,
    0x00, 0x01, 0x00, 0x01, 0x00, 0x01, 0x00, 0x01, 0x00, 0x01, 0x00, 0x01, 0x00, 0x01, 0x00, 0x01,
    0x00, 0x01, 0x00, 0x01, 0x00, 0x01, 0x00, 0x01, 0x00, 0x23, 0x00, 0x22, 0x00, 0x85, 0x00, 0x85,
    0x00, 0x85, 0x00, 0x02, 0x00, 0x43, 0x00, 0x01, 0x00, 0x01, 0x00, 0x01, 0x00, 0x23, 0x00, 0x43,
    0x00, 0x43, 0x00, 0x43, 0x00, 0x01, 0x00, 0x01, 0x00, 0x01, 0x00, 0x01, 0x00, 0x01, 0x00, 0x01,
    0x00, 0x01, 0x00, 0x01, 0x00, 0x01, 0x00, 0x01, 0x00, 0x43, 0x00, 0x43, 0x00, 0x43, 0x00, 0x23,
    0x00, 0x23, 0x00, 0x22, 0x00, 0x22, 0x00, 0x22, 0x00, 0x22, 0x00, 0x02, 0x00, 0x01, 0x00, 0xA6,
    0x00, 0xA6, 0x00, 0xA6, 0x00, 0xA6, 0x00, 0xE7, 0x00, 0xE8, 0x00, 0xE7, 0x00, 0xE7, 0x00, 0xE7,
    0x01, 0x07, 0x00, 0xE7, 0x00, 0xC7, 0x00, 0xE7, 0x00, 0xE7, 0x00, 0xE7, 0x00, 0xA6, 0x00, 0xA6,
    0x00, 0xC6, 0x00, 0xA6, 0x00, 0xA6, 0x00, 0x85, 0x00, 0x85, 0x00, 0x85, 0x00, 0x85, 0x00, 0x64,
    0x00, 0x43, 0x00, 0x23, 0x00, 0x43, 0x00, 0x23, 0x00, 0x22, 0x00, 0x22, 0x00, 0x02, 0x00, 0x01,
    0x00, 0x01, 0x00, 0x01, 0x00, 0x01, 0x00, 0x02, 0x00, 0x23, 0x00, 0x22, 0x00, 0x22, 0x00, 0x23,
    0x00, 0x23, 0x00, 0x23, 0x00, 0x23, 0x00, 0x23, 0x00, 0x23, 0x00, 0x43, 0x00, 0x22, 0x00, 0x22,
    0x00, 0x22, 0x00, 0x22, 0x00, 0x22, 0x00, 0x22, 0x00, 0x22, 0x00, 0x01, 0x00, 0x01, 0x00, 0x01,
    0x00, 0x01, 0x00, 0x01, 0x00, 0x01, 0x00, 0x01, 0x00, 0x01, 0x00, 0x01, 0x00, 0x01, 0x00, 0x23,
    0x00, 0x43, 0x00, 0x23, 0x00, 0x23, 0x00, 0x43, 0x00, 0x02, 0x00, 0x01, 0x00, 0x01, 0x00, 0x01,
    0x00, 0x01, 0x00, 0x01, 0x00, 0x01, 0x00, 0x01, 0x00, 0x01, 0x00, 0x01, 0x00, 0x22, 0x00, 0x22,
    0x00, 0x22, 0x00, 0x22, 0x00, 0x22, 0x00, 0x01, 0x00, 0x00, 0x00, 0x01, 0x00, 0x01, 0x00, 0x01,
    0x00, 0x01, 0x00, 0x00, 0x00, 0x01, 0x00, 0x01, 0x00, 0x01, 0x00, 0x01, 0x00, 0x01, 0x00, 0x01,
    0x00, 0x01, 0x00, 0x01, 0x00, 0x01, 0x00, 0x02, 0x00, 0x22, 0x00, 0x85, 0x00, 0x85, 0x00, 0x85,
    0x00, 0x43, 0x00, 0x43, 0x00, 0x01, 0x00, 0x22, 0x00, 0x01, 0x00, 0x44, 0x00, 0x23, 0x00, 0x43,
    0x00, 0x23, 0x00, 0x01, 0x00, 0x00, 0x00, 0x01, 0x00, 0x01, 0x00, 0x01, 0x00, 0x01, 0x00, 0x01,
    0x00, 0x01, 0x00, 0x01, 0x00, 0x01, 0x00, 0x22, 0x00, 0x22, 0x00, 0x23, 0x00, 0x43, 0x00, 0x43,
    0x00, 0x23, 0x00, 0x23, 0x00, 0x23, 0x00, 0x02, 0x00, 0x22, 0x00, 0x01, 0x00, 0xA5, 0x00, 0xA6,
    0x00, 0xA6, 0x00, 0xA6, 0x00, 0xC7, 0x00, 0xC7, 0x00, 0xC7, 0x00, 0xC7, 0x00, 0xC7, 0x00, 0xE7,
    0x00, 0xC7, 0x00, 0xC6, 0x00, 0xE7, 0x00, 0xE7, 0x00, 0xE7, 0x00, 0xA5, 0x00, 0xA6, 0x00, 0xA6,
    0x00, 0xA5, 0x00, 0xA6, 0x00, 0x85, 0x00, 0x84, 0x00, 0x85, 0x00, 0x64, 0x00, 0x23, 0x00, 0x23,
    0x00, 0x43, 0x00, 0x42, 0x00, 0x22, 0x00, 0x23, 0x00, 0x23, 0x00, 0x43, 0x00, 0x01, 0x00, 0x01,
    0x00, 0x01, 0x00, 0x22, 0x00, 0x22, 0x00, 0x43, 0x00, 0x23, 0x00, 0x23, 0x00, 0x23, 0x00, 0x23,
    0x00, 0x23, 0x00, 0x23, 0x00, 0x22, 0x00, 0x22, 0x00, 0x22, 0x00, 0x22, 0x00, 0x22, 0x00, 0x22,
    0x00, 0x01, 0x00, 0x01, 0x00, 0x01, 0x00, 0x01, 0x00, 0x01, 0x00, 0x01, 0x00, 0x01, 0x00, 0x01,
    0x00, 0x01, 0x00, 0x01, 0x00, 0x01, 0x00, 0x01, 0x00, 0x23, 0x00, 0x23, 0x00, 0x23, 0x00, 0x23,
    0x00, 0x23, 0x00, 0x23, 0x00, 0x23, 0x00, 0x01, 0x00, 0x01, 0x00, 0x01, 0x00, 0x01, 0x00, 0x01,
    0x00, 0x01, 0x00, 0x01, 0x00, 0x01, 0x00, 0x01, 0x00, 0x01, 0x00, 0x22, 0x00, 0x22, 0x00, 0x22,
    0x00, 0x22, 0x00, 0x22, 0x00, 0x01, 0x00, 0x01, 0x00, 0x01, 0x00, 0x01, 0x00, 0x01, 0x00, 0x01,
    0x00, 0x01, 0x00, 0x01, 0x00, 0x01, 0x00, 0x01, 0x00, 0x01, 0x00, 0x01, 0x00, 0x01, 0x00, 0x01,
    0x00, 0x01, 0x00, 0x01, 0x00, 0x01, 0x00, 0x01, 0x00, 0x23, 0x00, 0x43, 0x00, 0xA6, 0x00, 0x63,
    0x00, 0x64, 0x00, 0x23, 0x00, 0x43, 0x00, 0x01, 0x00, 0x02, 0x00, 0x02, 0x00, 0x22, 0x00, 0x23,
    0x00, 0x23, 0x00, 0x00, 0x00, 0x01, 0x00, 0x01, 0x00, 0x01, 0x00, 0x01, 0x00, 0x01, 0x00, 0x01,
    0x00, 0x01, 0x00, 0x01, 0x00, 0x01, 0x00, 0x01, 0x00, 0x23, 0x00, 0x44, 0x00, 0x43, 0x00, 0x23,
    0x00, 0x43, 0x00, 0x23, 0x00, 0x22, 0x00, 0x02, 0x00, 0x02, 0x00, 0xA6, 0x00, 0xC6, 0x00, 0xC6,
    0x00, 0xA6, 0x00, 0xC6, 0x00, 0xC6, 0x00, 0xC6, 0x00, 0xA6, 0x00, 0xC6, 0x00, 0xA6, 0x00, 0xC7,
    0x00, 0xC6, 0x00, 0xC6, 0x00, 0xC6, 0x00, 0xC6, 0x00, 0xA6, 0x00, 0xA6, 0x00, 0xA6, 0x00, 0xA6,
    0x00, 0xA5, 0x00, 0x64, 0x00, 0x64, 0x00, 0x23, 0x00, 0x23, 0x00, 0x23, 0x00, 0x22, 0x00, 0x23,
    0x00, 0x23, 0x00, 0x43, 0x00, 0x23, 0x00, 0x22, 0x00, 0x22, 0x00, 0x23, 0x00, 0x23, 0x00, 0x43,
    0x00, 0x23, 0x00, 0x23, 0x00, 0x23, 0x00, 0x43, 0x00, 0x43, 0x00, 0x22, 0x00, 0x22, 0x00, 0x23,
    0x00, 0x23, 0x00, 0x22, 0x00, 0x02, 0x00, 0x02, 0x00, 0x01, 0x00, 0x01, 0x00, 0x01, 0x00, 0x01,
    0x00, 0x01, 0x00, 0x01, 0x00, 0x01, 0x00, 0x01, 0x00, 0x01, 0x00, 0x01, 0x00, 0x02, 0x00, 0x01,
    0x00, 0x23, 0x00, 0x23, 0x00, 0x43, 0x00, 0x43, 0x00, 0x23, 0x00, 0x23, 0x00, 0x02, 0x00, 0x22,
    0x00, 0x22, 0x00, 0x01, 0x00, 0x01, 0x00, 0x01, 0x00, 0x01, 0x00, 0x01, 0x00, 0x01, 0x00, 0x01,
    0x00, 0x01, 0x00, 0x01, 0x00, 0x22, 0x00, 0x22, 0x00, 0x22, 0x00, 0x22, 0x00, 0x22, 0x00, 0x01,
    0x00, 0x01, 0x00, 0x01, 0x00, 0x01, 0x00, 0x01, 0x00, 0x01, 0x00, 0x01, 0x00, 0x01, 0x00, 0x01,
    0x00, 0x01, 0x00, 0x01, 0x00, 0x01, 0x00, 0x01, 0x00, 0x01, 0x00, 0x01, 0x00, 0x01, 0x00, 0x01,
    0x00, 0x01, 0x00, 0x01, 0x00, 0x01, 0x00, 0x01, 0x00, 0x00, 0x00, 0xA5, 0x00, 0x64, 0x00, 0x65,
    0x00, 0x43, 0x00, 0x43, 0x00, 0x22, 0x00, 0x02, 0x00, 0x01, 0x00, 0x01, 0x00, 0x01, 0x00, 0x02,
    0x00, 0x23, 0x00, 0x23, 0x00, 0x00, 0x00, 0x01, 0x00, 0x01, 0x00, 0x01, 0x00, 0x01, 0x00, 0x01,
    0x00, 0x01, 0x00, 0x01, 0x00, 0x01, 0x00, 0x01, 0x00, 0x02, 0x00, 0x01, 0x00, 0x43, 0x00, 0x23,
    0x00, 0x23, 0x00, 0x22, 0x00, 0x22, 0x00, 0x22, 0x00, 0xC6, 0x00, 0xC6, 0x00, 0xA6, 0x00, 0xA6,
    0x00, 0xC6, 0x00, 0xA6, 0x00, 0xC6, 0x00, 0xC6, 0x00, 0xC6, 0x00, 0xC6, 0x00, 0xE7, 0x00, 0xA6,
    0x00, 0xA6, 0x00, 0xC6, 0x00, 0xC6, 0x00, 0xC6, 0x00, 0xA6, 0x00, 0xC6, 0x00, 0xA6, 0x00, 0x85,
    0x00, 0x64, 0x00, 0x64, 0x00, 0x23, 0x00, 0x22, 0x00, 0x23, 0x00, 0x23, 0x00, 0x23, 0x00, 0x22,
    0x00, 0x23, 0x00, 0x23, 0x00, 0x22, 0x00, 0x22, 0x00, 0x23, 0x00, 0x23, 0x00, 0x43, 0x00, 0x23,
    0x00, 0x23, 0x00, 0x23, 0x00, 0x23, 0x00, 0x43, 0x00, 0x23, 0x00, 0x22, 0x00, 0x22, 0x00, 0x22,
    0x00, 0x22, 0x00, 0x02, 0x00, 0x02, 0x00, 0x01, 0x00, 0x01, 0x00, 0x01, 0x00, 0x01, 0x00, 0x01,
    0x00, 0x01, 0x00, 0x01, 0x00, 0x01, 0x00, 0x01, 0x00, 0x01, 0x00, 0x22, 0x00, 0x01, 0x00, 0x23,
    0x00, 0x43, 0x00, 0x23, 0x00, 0x43, 0x00, 0x23, 0x00, 0x43, 0x00, 0x22, 0x00, 0x23, 0x00, 0x01,
    0x00, 0x01, 0x00, 0x01, 0x00, 0x01, 0x00, 0x01, 0x00, 0x01, 0x00, 0x01, 0x00, 0x01, 0x00, 0x01,
    0x00, 0x01, 0x00, 0x22, 0x00, 0x22, 0x00, 0x22, 0x00, 0x22, 0x00, 0x22, 0x00, 0x01, 0x00, 0x01,
    0x00, 0x01, 0x00, 0x01, 0x00, 0x01, 0x00, 0x01, 0x00, 0x01, 0x00, 0x01, 0x00, 0x01, 0x00, 0x01,
    0x00, 0x01, 0x00, 0x01, 0x00, 0x01, 0x00, 0x01, 0x00, 0x01, 0x00, 0x01, 0x00, 0x01, 0x00, 0x01,
    0x00, 0x01, 0x00, 0x01, 0x00, 0x01, 0x00, 0x01, 0x00, 0xA5, 0x00, 0x85, 0x00, 0x85, 0x00, 0x43,
    0x00, 0x43, 0x00, 0x22, 0x00, 0x01, 0x00, 0x22, 0x00, 0x01, 0x00, 0x01, 0x00, 0x22, 0x00, 0x23,
    0x00, 0x43, 0x00, 0x00, 0x00, 0x01, 0x00, 0x01, 0x00, 0x01, 0x00, 0x01, 0x00, 0x01, 0x00, 0x01,
    0x00, 0x01, 0x00, 0x01, 0x00, 0x01, 0x00, 0x22, 0x00, 0x01, 0x00, 0x43, 0x00, 0x23, 0x00, 0x23,
    0x00, 0x22, 0x00, 0x22, 0x00, 0x22, 0x00, 0xC7, 0x00, 0xC7, 0x00, 0xC7, 0x00, 0xC6, 0x00, 0xA6,
    0x00, 0xA6, 0x00, 0xA6, 0x00, 0xA6, 0x00, 0xC6, 0x00, 0xA5, 0x00, 0xA6, 0x00, 0x86, 0x00, 0xA5,
    0x00, 0x85, 0x00, 0xA6, 0x00, 0xA5, 0x00, 0xA5, 0x00, 0x64, 0x00, 0x64, 0x00, 0x43, 0x00, 0x43,
    0x00, 0x64, 0x00, 0x43, 0x00, 0x43, 0x00, 0x22, 0x00, 0x23, 0x00, 0x23, 0x00, 0x43, 0x00, 0x23,
    0x00, 0x23, 0x00, 0x43, 0x00, 0x43, 0x00, 0x43, 0x00, 0x43, 0x00, 0x43, 0x00, 0x43, 0x00, 0x23,
    0x00, 0x22, 0x00, 0x23, 0x00, 0x02, 0x00, 0x22, 0x00, 0x02, 0x00, 0x02, 0x00, 0x02, 0x00, 0x01,
    0x00, 0x01, 0x00, 0x01, 0x00, 0x01, 0x00, 0x01, 0x00, 0x01, 0x00, 0x01, 0x00, 0x01, 0x00, 0x01,
    0x00, 0x01, 0x00, 0x01, 0x00, 0x01, 0x00, 0x01, 0x00, 0x23, 0x00, 0x23, 0x00, 0x23, 0x00, 0x23,
    0x00, 0x43, 0x00, 0x22, 0x00, 0x02, 0x00, 0x22, 0x00, 0x22, 0x00, 0x22, 0x00, 0x01, 0x00, 0x01,
    0x00, 0x01, 0x00, 0x01, 0x00, 0x01, 0x00, 0x01, 0x00, 0x01, 0x00, 0x01, 0x00, 0x01, 0x00, 0x01,
    0x00, 0x22, 0x00, 0x22, 0x00, 0x22, 0x00, 0x02, 0x00, 0x22, 0x00, 0x01, 0x00, 0x01, 0x00, 0x01,
    0x00, 0x01, 0x00, 0x01, 0x00, 0x01, 0x00, 0x01, 0x00, 0x01, 0x00, 0x01, 0x00, 0x01, 0x00, 0x01,
    0x00, 0x01, 0x00, 0x01, 0x00, 0x01, 0x00, 0x01, 0x00, 0x01, 0x00, 0x01, 0x00, 0x01, 0x00, 0x01,
    0x00, 0x01, 0x00, 0x01, 0x00, 0x01, 0x00, 0x23, 0x00, 0xA6, 0x00, 0x85, 0x00, 0xC7, 0x00, 0xA6,
    0x00, 0x43, 0x00, 0x23, 0x00, 0x02, 0x00, 0x22, 0x00, 0x22, 0x00, 0x01, 0x00, 0x02, 0x00, 0x22,
    0x00, 0x22, 0x00, 0x02, 0x00, 0x01, 0x00, 0x01, 0x00, 0x01, 0x00, 0x01, 0x00, 0x01, 0x00, 0x01,
    0x00, 0x01, 0x00, 0x01, 0x00, 0x01, 0x00, 0x01, 0x00, 0x01, 0x00, 0x01, 0x00, 0x43, 0x00, 0x23,
    0x00, 0x23, 0x00, 0x23, 0x00, 0xC7, 0x00, 0xC7, 0x00, 0xC6, 0x00, 0xC6, 0x00, 0xA6, 0x00, 0xA6,
    0x00, 0xA6, 0x00, 0xA6, 0x00, 0xC6, 0x00, 0xA6, 0x00, 0xA6, 0x00, 0xA5, 0x00, 0x85, 0x00, 0xA5,
    0x00, 0xC6, 0x00, 0xA6, 0x00, 0x85, 0x00, 0x43, 0x00, 0x43, 0x00, 0x43, 0x00, 0x23, 0x00, 0x43,
    0x00, 0x43, 0x00, 0x43, 0x00, 0x23, 0x00, 0x23, 0x00, 0x23, 0x00, 0x43, 0x00, 0x23, 0x00, 0x23,
    0x00, 0x43, 0x00, 0x43, 0x00, 0x43, 0x00, 0x43, 0x00, 0x23, 0x00, 0x23, 0x00, 0x43, 0x00, 0x23,
    0x00, 0x23, 0x00, 0x02, 0x00, 0x02, 0x00, 0x02, 0x00, 0x01, 0x00, 0x01, 0x00, 0x02, 0x00, 0x01,
    0x00, 0x01, 0x00, 0x01, 0x00, 0x01, 0x00, 0x01, 0x00, 0x01, 0x00, 0x01, 0x00, 0x01, 0x00, 0x01,
    0x00, 0x01, 0x00, 0x01, 0x00, 0x01, 0x00, 0x23, 0x00, 0x23, 0x00, 0x43, 0x00, 0x23, 0x00, 0x43,
    0x00, 0x43, 0x00, 0x22, 0x00, 0x22, 0x00, 0x01, 0x00, 0x02, 0x00, 0x01, 0x00, 0x01, 0x00, 0x01,
    0x00, 0x01, 0x00, 0x01, 0x00, 0x01, 0x00, 0x01, 0x00, 0x01, 0x00, 0x01, 0x00, 0x01, 0x00, 0x22,
    0x00, 0x22, 0x00, 0x22, 0x00, 0x02, 0x00, 0x22, 0x00, 0x01, 0x00, 0x01, 0x00, 0x01, 0x00, 0x01,
    0x00, 0x01, 0x00, 0x01, 0x00, 0x01, 0x00, 0x01, 0x00, 0x01, 0x00, 0x01, 0x00, 0x01, 0x00, 0x01,
    0x00, 0x01, 0x00, 0x01, 0x00, 0x01, 0x00, 0x01, 0x00, 0x01, 0x00, 0x01, 0x00, 0x01, 0x00, 0x01,
    0x00, 0x01, 0x00, 0x01, 0x00, 0x43, 0x00, 0xA6, 0x00, 0x85, 0x00, 0xA6, 0x00, 0xA6, 0x00, 0x43,
    0x00, 0x23, 0x00, 0x22, 0x00, 0x02, 0x00, 0x02, 0x00, 0x01, 0x00, 0x22, 0x00, 0x22, 0x00, 0x22,
    0x00, 0x22, 0x00, 0x01, 0x00, 0x01, 0x00, 0x01, 0x00, 0x01, 0x00, 0x01, 0x00, 0x01, 0x00, 0x01,
    0x00, 0x01, 0x00, 0x01, 0x00, 0x01, 0x00, 0x01, 0x00, 0x01, 0x00, 0x43, 0x00, 0x23, 0x00, 0x23,
    0x00, 0x22, 0x00, 0xA6, 0x00, 0xA6, 0x00, 0xE6, 0x00, 0xC6, 0x00, 0xE7, 0x00, 0xE7, 0x00, 0xC7,
    0x00, 0xC6, 0x00, 0xA6, 0x00, 0xA6, 0x00, 0xA6, 0x00, 0xA6, 0x00, 0xA6, 0x00, 0xA6, 0x00, 0xA6,
    0x00, 0x64, 0x00, 0x64, 0x00, 0x44, 0x00, 0x43, 0x00, 0x43, 0x00, 0x43, 0x00, 0x43, 0x00, 0x44,
    0x00, 0x64, 0x00, 0x64, 0x00, 0x64, 0x00, 0x64, 0x00, 0x64, 0x00, 0x64, 0x00, 0x44, 0x00, 0x43,
    0x00, 0x43, 0x00, 0x43, 0x00, 0x23, 0x00, 0x23, 0x00, 0x02, 0x00, 0x02, 0x00, 0x23, 0x00, 0x22,
    0x00, 0x22, 0x00, 0x02, 0x00, 0x02, 0x00, 0x02, 0x00, 0x22, 0x00, 0x22, 0x00, 0x01, 0x00, 0x01,
    0x00, 0x01, 0x00, 0x01, 0x00, 0x01, 0x00, 0x01, 0x00, 0x01, 0x00, 0x01, 0x00, 0x01, 0x00, 0x01,
    0x00, 0x23, 0x00, 0x22, 0x00, 0x22, 0x00, 0x23, 0x00, 0x22, 0x00, 0x23, 0x00, 0x43, 0x00, 0x22,
    0x00, 0x22, 0x00, 0x01, 0x00, 0x01, 0x00, 0x01, 0x00, 0x01, 0x00, 0x01, 0x00, 0x01, 0x00, 0x01,
    0x00, 0x01, 0x00, 0x01, 0x00, 0x01, 0x00, 0x01, 0x00, 0x22, 0x00, 0x22, 0x00, 0x22, 0x00, 0x22,
    0x00, 0x22, 0x00, 0x01, 0x00, 0x01, 0x00, 0x01, 0x00, 0x01, 0x00, 0x01, 0x00, 0x01, 0x00, 0x01,
    0x00, 0x01, 0x00, 0x01, 0x00, 0x01, 0x00, 0x01, 0x00, 0x01, 0x00, 0x01, 0x00, 0x01, 0x00, 0x01,
    0x00, 0x01, 0x00, 0x01, 0x00, 0x01, 0x00, 0x01, 0x00, 0x01, 0x00, 0x01, 0x00, 0x01, 0x00, 0x01,
    0x00, 0x01, 0x00, 0x01, 0x00, 0x64, 0x00, 0x44, 0x00, 0xA6, 0x00, 0xC6, 0x00, 0x64, 0x00, 0x22,
    0x00, 0x23, 0x00, 0x22, 0x00, 0x22, 0x00, 0x01, 0x00, 0x01, 0x00, 0x01, 0x00, 0x01, 0x00, 0x01,
    0x00, 0x22, 0x00, 0x01, 0x00, 0x01, 0x00, 0x01, 0x00, 0x01, 0x00, 0x01, 0x00, 0x01, 0x00, 0x01,
    0x00, 0x01, 0x00, 0x01, 0x00, 0x01, 0x00, 0x01, 0x00, 0x01, 0x00, 0x23, 0x00, 0x23, 0x00, 0x22,
    0x00, 0xA6, 0x00, 0xC6, 0x00, 0xC7, 0x00, 0xC7, 0x00, 0xC7, 0x00, 0xC6, 0x00, 0xC7, 0x00, 0xA6,
    0x00, 0xC6, 0x00, 0xA6, 0x00, 0xA6, 0x00, 0xA6, 0x00, 0xC6, 0x00, 0xA6, 0x00, 0x85, 0x00, 0x64,
    0x00, 0x85, 0x00, 0x64, 0x00, 0x44, 0x00, 0x43, 0x00, 0x43, 0x00, 0x43, 0x00, 0x44, 0x00, 0x64,
    0x00, 0x64, 0x00, 0x64, 0x00, 0x44, 0x00, 0x64, 0x00, 0x64, 0x00, 0x44, 0x00, 0x43, 0x00, 0x43,
    0x00, 0x43, 0x00, 0x43, 0x00, 0x23, 0x00, 0x02, 0x00, 0x02, 0x00, 0x22, 0x00, 0x22, 0x00, 0x22,
    0x00, 0x22, 0x00, 0x02, 0x00, 0x22, 0x00, 0x22, 0x00, 0x01, 0x00, 0x01, 0x00, 0x01, 0x00, 0x01,
    0x00, 0x01, 0x00, 0x01, 0x00, 0x01, 0x00, 0x01, 0x00, 0x01, 0x00, 0x01, 0x00, 0x01, 0x00, 0x23,
    0x00, 0x22, 0x00, 0x22, 0x00, 0x22, 0x00, 0x22, 0x00, 0x02, 0x00, 0x22, 0x00, 0x22, 0x00, 0x02,
    0x00, 0x01, 0x00, 0x00, 0x00, 0x01, 0x00, 0x01, 0x00, 0x01, 0x00, 0x01, 0x00, 0x01, 0x00, 0x01,
    0x00, 0x01, 0x00, 0x01, 0x00, 0x21, 0x00, 0x43, 0x00, 0x22, 0x00, 0x23, 0x00, 0x22, 0x00, 0x22,
    0x00, 0x01, 0x00, 0x02, 0x00, 0x01, 0x00, 0x01, 0x00, 0x01, 0x00, 0x01, 0x00, 0x01, 0x00, 0x01,
    0x00, 0x01, 0x00, 0x01, 0x00, 0x01, 0x00, 0x01, 0x00, 0x01, 0x00, 0x01, 0x00, 0x01, 0x00, 0x01,
    0x00, 0x02, 0x00, 0x01, 0x00, 0x01, 0x00, 0x01, 0x00, 0x01, 0x00, 0x01, 0x00, 0x01, 0x00, 0x01,
    0x00, 0x01, 0x00, 0x43, 0x00, 0x23, 0x00, 0xA6, 0x00, 0xA6, 0x00, 0x64, 0x00, 0x22, 0x00, 0x23,
    0x00, 0x02, 0x00, 0x22, 0x00, 0x01, 0x00, 0x01, 0x00, 0x01, 0x00, 0x01, 0x00, 0x01, 0x00, 0x22,
    0x00, 0x01, 0x00, 0x01, 0x00, 0x01, 0x00, 0x01, 0x00, 0x01, 0x00, 0x01, 0x00, 0x01, 0x00, 0x01,
    0x00, 0x01, 0x00, 0x01, 0x00, 0x01, 0x00, 0x01, 0x00, 0x23, 0x00, 0x22, 0x00, 0x22, 0x00, 0xC7,
    0x00, 0xE7, 0x01, 0x08, 0x01, 0x07, 0x00, 0xC7, 0x00, 0xE7, 0x00, 0xC6, 0x00, 0xE7, 0x00, 0xE7,
    0x00, 0xE8, 0x00, 0x65, 0x00, 0x85, 0x00, 0x64, 0x00, 0x64, 0x00, 0x64, 0x00, 0x64, 0x00, 0x43,
    0x00, 0x85, 0x00, 0x85, 0x00, 0x64, 0x00, 0x64, 0x00, 0x64, 0x00, 0x64, 0x00, 0x64, 0x00, 0x64,
    0x00, 0x43, 0x00, 0x44, 0x00, 0x44, 0x00, 0x43, 0x00, 0x43, 0x00, 0x43, 0x00, 0x43, 0x00, 0x22,
    0x00, 0x23, 0x00, 0x23, 0x00, 0x02, 0x00, 0x43, 0x00, 0x23, 0x00, 0x22, 0x00, 0x22, 0x00, 0x01,
    0x00, 0x01, 0x00, 0x01, 0x00, 0x01, 0x00, 0x01, 0x00, 0x01, 0x00, 0x01, 0x00, 0x01, 0x00, 0x01,
    0x00, 0x01, 0x00, 0x01, 0x00, 0x01, 0x00, 0x01, 0x00, 0x01, 0x00, 0x22, 0x00, 0x22, 0x00, 0x22,
    0x00, 0x22, 0x00, 0x23, 0x00, 0x22, 0x00, 0x22, 0x00, 0x22, 0x00, 0x02, 0x00, 0x01, 0x00, 0x01,
    0x00, 0x01, 0x00, 0x01, 0x00, 0x01, 0x00, 0x01, 0x00, 0x01, 0x00, 0x01, 0x00, 0x01, 0x00, 0x01,
    0x00, 0x01, 0x00, 0x22, 0x00, 0x22, 0x00, 0x22, 0x00, 0x23, 0x00, 0x22, 0x00, 0x02, 0x00, 0x01,
    0x00, 0x01, 0x00, 0x00, 0x00, 0x01, 0x00, 0x01, 0x00, 0x01, 0x00, 0x01, 0x00, 0x01, 0x00, 0x01,
    0x00, 0x01, 0x00, 0x01, 0x00, 0x01, 0x00, 0x01, 0x00, 0x01, 0x00, 0x01, 0x00, 0x01, 0x00, 0x01,
    0x00, 0x01, 0x00, 0x01, 0x00, 0x01, 0x00, 0x01, 0x00, 0x01, 0x00, 0x01, 0x00, 0x01, 0x00, 0x01,
    0x00, 0x01, 0x00, 0x01, 0x00, 0x43, 0x00, 0x43, 0x00, 0xA6, 0x00, 0x22, 0x00, 0x43, 0x00, 0x23,
    0x00, 0x22, 0x00, 0x22, 0x00, 0x01, 0x00, 0x01, 0x00, 0x01, 0x00, 0x01, 0x00, 0x01, 0x00, 0x02,
    0x00, 0x22, 0x00, 0x01, 0x00, 0x01, 0x00, 0x01, 0x00, 0x01, 0x00, 0x01, 0x00, 0x01, 0x00, 0x01,
    0x00, 0x01, 0x00, 0x01, 0x00, 0x01, 0x00, 0x00, 0x00, 0x00, 0x00, 0x01, 0x00, 0xE7, 0x00, 0xE7,
    0x00, 0xC7, 0x00, 0xE7, 0x00, 0xC7, 0x00, 0xC7, 0x00, 0xC7, 0x00, 0xC7, 0x00, 0xE7, 0x00, 0xE7,
    0x00, 0x85, 0x00, 0x85, 0x00, 0x85, 0x00, 0x85, 0x00, 0x64, 0x00, 0x64, 0x00, 0x64, 0x00, 0x85,
    0x00, 0x85, 0x00, 0x64, 0x00, 0x64, 0x00, 0x64, 0x00, 0x64, 0x00, 0x64, 0x00, 0x64, 0x00, 0x64,
    0x00, 0x64, 0x00, 0x44, 0x00, 0x43, 0x00, 0x43, 0x00, 0x43, 0x00, 0x43, 0x00, 0x43, 0x00, 0x43,
    0x00, 0x22, 0x00, 0x22, 0x00, 0x22, 0x00, 0x22, 0x00, 0x22, 0x00, 0x22, 0x00, 0x01, 0x00, 0x01,
    0x00, 0x01, 0x00, 0x01, 0x00, 0x01, 0x00, 0x01, 0x00, 0x01, 0x00, 0x01, 0x00, 0x01, 0x00, 0x01,
    0x00, 0x01, 0x00, 0x01, 0x00, 0x01, 0x00, 0x01, 0x00, 0x02, 0x00, 0x22, 0x00, 0x23, 0x00, 0x22,
    0x00, 0x22, 0x00, 0x23, 0x00, 0x21, 0x00, 0x02, 0x00, 0x02, 0x00, 0x01, 0x00, 0x01, 0x00, 0x01,
    0x00, 0x01, 0x00, 0x01, 0x00, 0x01, 0x00, 0x01, 0x00, 0x01, 0x00, 0x01, 0x00, 0x01, 0x00, 0x01,
    0x00, 0x01, 0x00, 0x22, 0x00, 0x22, 0x00, 0x22, 0x00, 0x22, 0x00, 0x22, 0x00, 0x00, 0x00, 0x22,
    0x00, 0x01, 0x00, 0x01, 0x00, 0x01, 0x00, 0x01, 0x00, 0x01, 0x00, 0x01, 0x00, 0x01, 0x00, 0x01,
    0x00, 0x01, 0x00, 0x01, 0x00, 0x01, 0x00, 0x01, 0x00, 0x01, 0x00, 0x01, 0x00, 0x01, 0x00, 0x01,
    0x00, 0x02, 0x00, 0x01, 0x00, 0x01, 0x00, 0x01, 0x00, 0x01, 0x00, 0x01, 0x00, 0x01, 0x00, 0x01,
    0x00, 0x01, 0x00, 0x44, 0x00, 0x44, 0x00, 0x85, 0x00, 0x43, 0x00, 0x43, 0x00, 0x22, 0x00, 0x22,
    0x00, 0x22, 0x00, 0x01, 0x00, 0x01, 0x00, 0x21, 0x00, 0x01, 0x00, 0x01, 0x00, 0x02, 0x00, 0x22,
    0x00, 0x01, 0x00, 0x01, 0x00, 0x01, 0x00, 0x01, 0x00, 0x01, 0x00, 0x01, 0x00, 0x01, 0x00, 0x01,
    0x00, 0x01, 0x00, 0x01, 0x00, 0x01, 0x00, 0x01, 0x00, 0x01, 0x00, 0xE7, 0x01, 0x07, 0x00, 0xE7,
    0x00, 0xC7, 0x00, 0xE7, 0x00, 0xC6, 0x00, 0xE7, 0x00, 0xA6, 0x00, 0xA6, 0x00, 0xA6, 0x00, 0xA6,
    0x00, 0xA5, 0x00, 0x85, 0x00, 0x84, 0x00, 0x85, 0x00, 0x84, 0x00, 0x64, 0x00, 0x85, 0x00, 0x85,
    0x00, 0x85, 0x00, 0x64, 0x00, 0x64, 0x00, 0x64, 0x00, 0x64, 0x00, 0x43, 0x00, 0x43, 0x00, 0x43,
    0x00, 0x64, 0x00, 0x43, 0x00, 0x43, 0x00, 0x43, 0x00, 0x23, 0x00, 0x23, 0x00, 0x22, 0x00, 0x23,
    0x00, 0x22, 0x00, 0x22, 0x00, 0x01, 0x00, 0x22, 0x00, 0x02, 0x00, 0x01, 0x00, 0x01, 0x00, 0x01,
    0x00, 0x01, 0x00, 0x01, 0x00, 0x01, 0x00, 0x01, 0x00, 0x01, 0x00, 0x01, 0x00, 0x01, 0x00, 0x22,
    0x00, 0x22, 0x00, 0x22, 0x00, 0x22, 0x00, 0x22, 0x00, 0x23, 0x00, 0x23, 0x00, 0x22, 0x00, 0x22,
    0x00, 0x22, 0x00, 0x01, 0x00, 0x01, 0x00, 0x01, 0x00, 0x01, 0x00, 0x01, 0x00, 0x01, 0x00, 0x01,
    0x00, 0x01, 0x00, 0x01, 0x00, 0x01, 0x00, 0x01, 0x00, 0x01, 0x00, 0x01, 0x00, 0x01, 0x00, 0x02,
    0x00, 0x22, 0x00, 0x22, 0x00, 0x23, 0x00, 0x23, 0x00, 0x22, 0x00, 0x00, 0x00, 0x01, 0x00, 0x01,
    0x00, 0x01, 0x00, 0x01, 0x00, 0x01, 0x00, 0x01, 0x00, 0x01, 0x00, 0x01, 0x00, 0x01, 0x00, 0x01,
    0x00, 0x01, 0x00, 0x01, 0x00, 0x01, 0x00, 0x01, 0x00, 0x01, 0x00, 0x01, 0x00, 0x01, 0x00, 0x01,
    0x00, 0x01, 0x00, 0x01, 0x00, 0x01, 0x00, 0x01, 0x00, 0x01, 0x00, 0x01, 0x00, 0x01, 0x00, 0x01,
    0x00, 0x01, 0x00, 0x01, 0x00, 0x85, 0x00, 0x85, 0x00, 0x85, 0x00, 0x43, 0x00, 0x22, 0x00, 0x22,
    0x00, 0x22, 0x00, 0x22, 0x00, 0x01, 0x00, 0x01, 0x00, 0x01, 0x00, 0x02, 0x00, 0x02, 0x00, 0x21,
    0x00, 0x01, 0x00, 0x01, 0x00, 0x01, 0x00, 0x01, 0x00, 0x01, 0x00, 0x01, 0x00, 0x01, 0x00, 0x01,
    0x00, 0x01, 0x00, 0x01, 0x00, 0x01, 0x00, 0x01, 0x00, 0xE7, 0x00, 0xE7, 0x00, 0xE7, 0x00, 0xC7,
    0x00, 0xC7, 0x00, 0xE7, 0x00, 0xE7, 0x00, 0xA6, 0x00, 0xA5, 0x00, 0xA6, 0x00, 0xA5, 0x00, 0xA5,
    0x00, 0x85, 0x00, 0x65, 0x00, 0x85, 0x00, 0x85, 0x00, 0xA5, 0x00, 0xA5, 0x00, 0x85, 0x00, 0x64,
    0x00, 0x64, 0x00, 0x64, 0x00, 0x64, 0x00, 0x64, 0x00, 0x43, 0x00, 0x43, 0x00, 0x43, 0x00, 0x43,
    0x00, 0x43, 0x00, 0x43, 0x00, 0x23, 0x00, 0x22, 0x00, 0x22, 0x00, 0x22, 0x00, 0x22, 0x00, 0x22,
    0x00, 0x22, 0x00, 0x01, 0x00, 0x01, 0x00, 0x01, 0x00, 0x01, 0x00, 0x01, 0x00, 0x01, 0x00, 0x01,
    0x00, 0x01, 0x00, 0x01, 0x00, 0x01, 0x00, 0x01, 0x00, 0x01, 0x00, 0x01, 0x00, 0x23, 0x00, 0x22,
    0x00, 0x22, 0x00, 0x22, 0x00, 0x22, 0x00, 0x22, 0x00, 0x22, 0x00, 0x22, 0x00, 0x22, 0x00, 0x22,
    0x00, 0x01, 0x00, 0x01, 0x00, 0x01, 0x00, 0x01, 0x00, 0x01, 0x00, 0x01, 0x00, 0x01, 0x00, 0x01,
    0x00, 0x01, 0x00, 0x01, 0x00, 0x01, 0x00, 0x01, 0x00, 0x22, 0x00, 0x22, 0x00, 0x02, 0x00, 0x23,
    0x00, 0x23, 0x00, 0x22, 0x00, 0x23, 0x00, 0x01, 0x00, 0x01, 0x00, 0x01, 0x00, 0x01, 0x00, 0x01,
    0x00, 0x01, 0x00, 0x01, 0x00, 0x01, 0x00, 0x01, 0x00, 0x01, 0x00, 0x01, 0x00, 0x01, 0x00, 0x01,
    0x00, 0x01, 0x00, 0x01, 0x00, 0x01, 0x00, 0x01, 0x00, 0x01, 0x00, 0x01, 0x00, 0x02, 0x00, 0x01,
    0x00, 0x01, 0x00, 0x01, 0x00, 0x01, 0x00, 0x01, 0x00, 0x01, 0x00, 0x01, 0x00, 0x01, 0x00, 0x01,
    0x00, 0x01, 0x00, 0x64, 0x00, 0x85, 0x00, 0x85, 0x00, 0x22, 0x00, 0x22, 0x00, 0x22, 0x00, 0x22,
    0x00, 0x22, 0x00, 0x02, 0x00, 0x02, 0x00, 0x01, 0x00, 0x01, 0x00, 0x01, 0x00, 0x01, 0x00, 0x02,
    0x00, 0x01, 0x00, 0x01, 0x00, 0x01, 0x00, 0x01, 0x00, 0x01, 0x00, 0x01, 0x00, 0x01, 0x00, 0x01,
    0x00, 0x01, 0x00, 0x01, 0x00, 0x01, 0x00, 0xE8, 0x00, 0xE7, 0x00, 0xE7, 0x00, 0xC7, 0x00, 0x86,
    0x00, 0xA5, 0x00, 0x85, 0x00, 0xC6, 0x00, 0xC6, 0x00, 0x85, 0x00, 0xA5, 0x00, 0xA6, 0x00, 0xC6,
    0x00, 0xC6, 0x00, 0xA5, 0x00, 0xA5, 0x00, 0xA6, 0x00, 0xA6, 0x00, 0xA6, 0x00, 0x64, 0x00, 0x64,
    0x00, 0x64, 0x00, 0x44, 0x00, 0x64, 0x00, 0x64, 0x00, 0x23, 0x00, 0x43, 0x00, 0x23, 0x00, 0x22,
    0x00, 0x23, 0x00, 0x22, 0x00, 0x23, 0x00, 0x23, 0x00, 0x22, 0x00, 0x22, 0x00, 0x01, 0x00, 0x01,
    0x00, 0x01, 0x00, 0x01, 0x00, 0x01, 0x00, 0x01, 0x00, 0x01, 0x00, 0x01, 0x00, 0x01, 0x00, 0x01,
    0x00, 0x01, 0x00, 0x01, 0x00, 0x01, 0x00, 0x01, 0x00, 0x22, 0x00, 0x22, 0x00, 0x22, 0x00, 0x22,
    0x00, 0x22, 0x00, 0x22, 0x00, 0x22, 0x00, 0x02, 0x00, 0x01, 0x00, 0x01, 0x00, 0x01, 0x00, 0x01,
    0x00, 0x01, 0x00, 0x01, 0x00, 0x01, 0x00, 0x01, 0x00, 0x01, 0x00, 0x01, 0x00, 0x01, 0x00, 0x01,
    0x00, 0x01, 0x00, 0x01, 0x00, 0x01, 0x00, 0x01, 0x00, 0x01, 0x00, 0x22, 0x00, 0x22, 0x00, 0x22,
    0x00, 0x02, 0x00, 0x02, 0x00, 0x01, 0x00, 0x01, 0x00, 0x01, 0x00, 0x01, 0x00, 0x01, 0x00, 0x01,
    0x00, 0x01, 0x00, 0x01, 0x00, 0x01, 0x00, 0x01, 0x00, 0x01, 0x00, 0x01, 0x00, 0x01, 0x00, 0x01,
    0x00, 0x01, 0x00, 0x01, 0x00, 0x02, 0x00, 0x02, 0x00, 0x22, 0x00, 0x22, 0x00, 0x01, 0x00, 0x01,
    0x00, 0x01, 0x00, 0x01, 0x00, 0x01, 0x00, 0x01, 0x00, 0x01, 0x00, 0x01, 0x00, 0x01, 0x00, 0x01,
    0x00, 0x01, 0x00, 0x85, 0x00, 0x64, 0x00, 0x64, 0x00, 0x64, 0x00, 0x43, 0x00, 0x22, 0x00, 0x02,
    0x00, 0x22, 0x00, 0x22, 0x00, 0x02, 0x00, 0x02, 0x00, 0x01, 0x00, 0x01, 0x00, 0x01, 0x00, 0x01,
    0x00, 0x01, 0x00, 0x01, 0x00, 0x01, 0x00, 0x01, 0x00, 0x01, 0x00, 0x01, 0x00, 0x01, 0x00, 0x01,
    0x00, 0x01, 0x00, 0x01, 0x01, 0x08, 0x00, 0xE7, 0x00, 0xE7, 0x00, 0xC7, 0x00, 0xA5, 0x00, 0x85,
    0x00, 0xA5, 0x00, 0xC6, 0x00, 0xC6, 0x00, 0x85, 0x00, 0xA6, 0x00, 0xA6, 0x00, 0xC6, 0x00, 0xC6,
    0x00, 0xA6, 0x00, 0xA6, 0x00, 0xA6, 0x00, 0xA5, 0x00, 0xA6, 0x00, 0x85, 0x00, 0x64, 0x00, 0x64,
    0x00, 0x84, 0x00, 0x85, 0x00, 0x64, 0x00, 0x23, 0x00, 0x43, 0x00, 0x23, 0x00, 0x22, 0x00, 0x43,
    0x00, 0x43, 0x00, 0x43, 0x00, 0x22, 0x00, 0x22, 0x00, 0x22, 0x00, 0x21, 0x00, 0x01, 0x00, 0x01,
    0x00, 0x01, 0x00, 0x01, 0x00, 0x01, 0x00, 0x01, 0x00, 0x01, 0x00, 0x01, 0x00, 0x01, 0x00, 0x01,
    0x00, 0x01, 0x00, 0x01, 0x00, 0x01, 0x00, 0x23, 0x00, 0x22, 0x00, 0x22, 0x00, 0x02, 0x00, 0x22,
    0x00, 0x22, 0x00, 0x02, 0x00, 0x22, 0x00, 0x01, 0x00, 0x01, 0x00, 0x01, 0x00, 0x01, 0x00, 0x01,
    0x00, 0x01, 0x00, 0x01, 0x00, 0x01, 0x00, 0x01, 0x00, 0x01, 0x00, 0x01, 0x00, 0x01, 0x00, 0x01,
    0x00, 0x01, 0x00, 0x01, 0x00, 0x01, 0x00, 0x01, 0x00, 0x22, 0x00, 0x22, 0x00, 0x22, 0x00, 0x22,
    0x00, 0x22, 0x00, 0x01, 0x00, 0x01, 0x00, 0x01, 0x00, 0x01, 0x00, 0x01, 0x00, 0x01, 0x00, 0x01,
    0x00, 0x01, 0x00, 0x01, 0x00, 0x01, 0x00, 0x01, 0x00, 0x01, 0x00, 0x01, 0x00, 0x01, 0x00, 0x01,
    0x00, 0x01, 0x00, 0x02, 0x00, 0x02, 0x00, 0x02, 0x00, 0x02, 0x00, 0x01, 0x00, 0x01, 0x00, 0x01,
    0x00, 0x01, 0x00, 0x01, 0x00, 0x01, 0x00, 0x01, 0x00, 0x01, 0x00, 0x01, 0x00, 0x01, 0x00, 0x01,
    0x00, 0x65, 0x00, 0x64, 0x00, 0x64, 0x00, 0x64, 0x00, 0x43, 0x00, 0x22, 0x00, 0x22, 0x00, 0x22,
    0x00, 0x02, 0x00, 0x02, 0x00, 0x01, 0x00, 0x01, 0x00, 0x01, 0x00, 0x01, 0x00, 0x01, 0x00, 0x01,
    0x00, 0x01, 0x00, 0x01, 0x00, 0x01, 0x00, 0x01, 0x00, 0x01, 0x00, 0x01, 0x00, 0x01, 0x00, 0x01,
    0x00, 0x01, 0x00, 0xA5, 0x00, 0x85, 0x00, 0x85, 0x00, 0x85, 0x00, 0xC7, 0x00, 0xE7, 0x00, 0xE7,
    0x00, 0xE7, 0x00, 0xE7, 0x00, 0xE7, 0x00, 0xC6, 0x00, 0xC7, 0x00, 0xC6, 0x00, 0xC7, 0x00, 0xC7,
    0x00, 0xA6, 0x00, 0xC6, 0x00, 0xA6, 0x00, 0xA6, 0x00, 0xA5, 0x00, 0x64, 0x00, 0x84, 0x00, 0x64,
    0x00, 0x64, 0x00, 0x43, 0x00, 0x43, 0x00, 0x43, 0x00, 0x23, 0x00, 0x23, 0x00, 0x43, 0x00, 0x43,
    0x00, 0x43, 0x00, 0x21, 0x00, 0x01, 0x00, 0x01, 0x00, 0x01, 0x00, 0x01, 0x00, 0x01, 0x00, 0x01,
    0x00, 0x01, 0x00, 0x01, 0x00, 0x01, 0x00, 0x01, 0x00, 0x01, 0x00, 0x01, 0x00, 0x23, 0x00, 0x22,
    0x00, 0x22, 0x00, 0x23, 0x00, 0x23, 0x00, 0x22, 0x00, 0x23, 0x00, 0x22, 0x00, 0x22, 0x00, 0x22,
    0x00, 0x01, 0x00, 0x01, 0x00, 0x01, 0x00, 0x01, 0x00, 0x01, 0x00, 0x01, 0x00, 0x01, 0x00, 0x01,
    0x00, 0x01, 0x00, 0x01, 0x00, 0x01, 0x00, 0x01, 0x00, 0x01, 0x00, 0x01, 0x00, 0x01, 0x00, 0x01,
    0x00, 0x01, 0x00, 0x01, 0x00, 0x01, 0x00, 0x22, 0x00, 0x22, 0x00, 0x22, 0x00, 0x02, 0x00, 0x01,
    0x00, 0x01, 0x00, 0x01, 0x00, 0x01, 0x00, 0x01, 0x00, 0x01, 0x00, 0x01, 0x00, 0x01, 0x00, 0x01,
    0x00, 0x01, 0x00, 0x01, 0x00, 0x01, 0x00, 0x01, 0x00, 0x01, 0x00, 0x01, 0x00, 0x01, 0x00, 0x01,
    0x00, 0x01, 0x00, 0x01, 0x00, 0x01, 0x00, 0x01, 0x00, 0x01, 0x00, 0x01, 0x00, 0x01, 0x00, 0x01,
    0x00, 0x01, 0x00, 0x01, 0x00, 0x01, 0x00, 0x01, 0x00, 0x01, 0x00, 0x01, 0x00, 0x01, 0x00, 0x01,
    0x00, 0x01, 0x00, 0x64, 0x00, 0x64, 0x00, 0x64, 0x00, 0x43, 0x00, 0x23, 0x00, 0x22, 0x00, 0x02,
    0x00, 0x22, 0x00, 0x01, 0x00, 0x02, 0x00, 0x01, 0x00, 0x01, 0x00, 0x01, 0x00, 0x01, 0x00, 0x01,
    0x00, 0x01, 0x00, 0x01, 0x00, 0x01, 0x00, 0x01, 0x00, 0x01, 0x00, 0x01, 0x00, 0x01, 0x00, 0x01,
};
// clang-format on
